# Blender 4.3.2
# www.blender.org
o obstacles
v 331.562866 -62.663628 -103.720108
v 142.222321 -21.663631 -82.437325
v 142.884277 -54.403679 -87.462646
v 143.051270 -62.663628 -88.730484
v 142.800232 -50.247421 -86.824699
v 142.798004 -50.136948 -86.807739
v 142.695847 -45.084080 -86.032166
v 142.619385 -41.302807 -85.451775
v 143.780899 -36.689877 -84.578445
v 143.501556 -32.311001 -83.931465
v 145.810913 -49.468983 -86.306572
v 146.409241 -45.287746 -85.574844
v 145.190094 -53.807491 -87.065826
v 144.346527 -45.404457 -85.864769
v 143.765488 -21.663631 -82.234055
v 143.922791 -62.663628 -88.615685
v 147.642731 -32.665424 -83.441330
v 147.922089 -37.044300 -84.088318
v 150.153809 -21.663631 -81.392586
v 150.982758 -62.663628 -87.685745
v 150.133850 -62.663628 -87.797562
v 150.977356 -62.396572 -87.644753
v 150.264771 -27.151215 -82.234879
v 150.774506 -52.363590 -86.104774
v 150.690475 -48.207329 -85.466820
v 150.342804 -31.011166 -82.827354
v 149.562042 -21.663631 -81.470535
v 150.838776 -62.647652 -86.592674
v 150.838776 -62.663628 -86.592674
v 150.272339 -52.185539 -82.292313
v 150.272339 -48.059078 -82.292297
v 150.264771 -30.076126 -82.234879
v 149.801132 -21.663631 -78.715065
v 149.096634 -21.663631 -73.366608
v 149.428406 -21.663631 -75.885391
v 149.491135 -41.176178 -76.361618
v 149.925568 -62.663628 -79.659767
v 149.801132 -56.508774 -78.715050
v 145.778946 -44.429855 -77.358665
v 148.555969 -47.715675 -77.505974
v 141.165146 -21.663631 -74.411339
v 141.417755 -34.158577 -76.329216
v 141.329559 -29.796064 -75.659607
v 144.139267 -30.036530 -75.327057
v 144.418610 -34.415405 -75.974045
v 145.438995 -48.839554 -78.092041
v 141.994080 -62.663628 -80.704506
v 141.727173 -49.462029 -78.678169
v 141.639465 -45.124054 -78.012321
v 141.943954 -35.311493 -80.323967
v 141.943954 -31.142233 -80.323975
v 142.531891 -54.278744 -84.787491
v 142.488434 -50.926430 -84.457497
v 142.286743 -46.881092 -82.926338
v 142.488434 -46.757168 -84.457512
v 142.367798 -46.525093 -83.541618
v 142.619385 -54.309765 -85.451767
v 142.619385 -50.183304 -85.451775
v 142.531891 -50.152283 -84.787483
v 142.619385 -48.999519 -85.451775
v 142.619385 -45.419891 -85.451775
v 142.488434 -48.165489 -84.457504
v 142.619385 -62.663628 -85.451767
v 151.500885 -56.883583 -103.720108
v 154.567078 -53.459915 -95.470566
v 155.160019 -52.797836 -93.875244
v 160.716522 -46.593517 -78.925545
v 158.943512 -48.573235 -83.695801
v 157.729065 -51.165627 -90.353882
v 163.877426 -43.064087 -70.421158
v 165.651154 -42.701668 -70.086510
v 165.043137 -41.762463 -67.284805
v 168.142517 -41.396488 -67.433128
v 166.296783 -41.086857 -65.897964
v 167.176849 -39.379982 -61.544075
v 167.771210 -39.309803 -61.572521
v 167.443283 -39.082489 -60.827248
v 165.502930 -41.249062 -66.047745
v 166.075409 -41.640572 -67.334206
v 160.035614 -55.726875 -103.720108
v 159.297897 -54.695107 -100.616348
v 162.778198 -52.483932 -95.845909
v 165.623993 -47.346401 -82.814293
v 167.825409 -47.028862 -82.761681
v 166.147430 -48.902489 -87.276314
v 175.977997 -37.925785 -60.827248
v 170.412994 -44.139599 -75.799820
v 168.639984 -46.119316 -80.570076
v 160.644714 -58.500374 -102.081299
v 162.363800 -56.507477 -97.456116
v 162.909286 -52.854282 -95.988487
v 166.278290 -51.089336 -86.924240
v 166.147430 -51.452988 -87.276306
v 166.278290 -51.972931 -86.924240
v 168.639984 -47.550049 -80.570076
v 167.723190 -48.965645 -83.036720
v 170.412994 -46.739014 -75.799835
v 160.035614 -62.663628 -103.720100
v 162.363800 -60.812515 -97.456116
v 161.510864 -62.663628 -99.750946
v 160.644714 -62.663628 -102.081299
v 163.770813 -60.140198 -93.670570
v 163.064484 -60.928879 -95.570953
v 163.770813 -56.741150 -93.670570
v 166.278290 -57.340382 -86.924240
v 166.833954 -54.180786 -85.429230
v 166.833954 -53.142704 -85.429230
v 162.909286 -61.102158 -95.988472
v 162.909286 -60.903107 -95.988480
v 162.909286 -56.598068 -95.988480
v 167.723190 -52.262848 -83.036720
v 167.332794 -56.162918 -84.087067
v 167.723190 -55.727013 -83.036720
v 169.126221 -50.874649 -79.261909
v 169.511871 -53.729782 -78.224274
v 172.554260 -50.332687 -70.038765
v 169.126205 -54.160416 -79.261917
v 169.126221 -52.197380 -79.261917
v 168.859680 -51.138363 -79.979004
v 174.088898 -47.901360 -65.909866
v 174.088898 -48.619141 -65.909866
v 175.977997 -46.509789 -60.827240
v 172.554260 -47.429382 -70.038765
v 166.833954 -56.719933 -85.429230
v 160.638062 -61.600723 -96.511589
v 159.639374 -61.536762 -95.964996
v 162.667068 -61.038914 -95.725014
v 161.076599 -60.623650 -93.995018
v 165.777649 -56.387238 -84.124229
v 164.677582 -57.507545 -86.787743
v 165.097931 -54.366467 -78.329758
v 164.001709 -56.115658 -82.719360
v 172.881302 -48.338398 -64.691101
v 162.837677 -57.699699 -86.630836
v 165.629120 -55.945702 -82.858147
v 165.476959 -55.493320 -81.560959
v 154.012085 -62.663628 -96.963799
v 157.865723 -62.663628 -98.396118
v 155.271790 -61.257046 -93.574547
v 155.689697 -60.790409 -92.450157
v 157.243958 -59.722191 -90.098320
v 156.449341 -59.942207 -90.406357
v 157.981964 -58.230896 -86.282845
v 158.409866 -59.796860 -90.736443
v 167.669754 -49.197124 -65.109077
v 166.802124 -48.382412 -62.552303
v 167.090881 -48.059982 -61.775391
v 167.141129 -48.342381 -62.568527
v 167.443298 -47.666489 -60.827244
v 151.500885 -62.663628 -103.720100
v 155.271790 -59.746643 -93.574547
v 155.689697 -59.816048 -92.450165
v 155.689697 -58.858078 -92.450165
v 157.981964 -56.590019 -86.282845
v 167.443298 -42.558617 -60.827248
v 158.943512 -50.172211 -83.695801
v 154.567078 -54.276196 -95.470566
v 163.877426 -44.767426 -70.421158
v 160.716522 -49.361176 -78.925552
v 165.502930 -42.011417 -66.047745
v 165.231552 -42.471542 -66.777893
v 167.443283 -40.382706 -60.827248
v 181.780685 -33.019287 -103.720108
v 180.967194 -32.762066 -101.041000
v 180.899506 -31.628925 -88.171097
v 180.139725 -32.036900 -93.042862
v 178.939850 -32.121025 -94.364212
v 176.957275 -31.494148 -87.834915
v 176.623093 -31.388479 -86.734314
v 171.606506 -29.692375 -68.962921
v 176.999634 -31.143030 -83.827789
v 168.756638 -28.901134 -60.827248
v 173.913208 -29.038773 -60.827248
v 170.395996 -28.944893 -60.827248
v 174.838364 -29.367550 -64.286438
v 169.032150 -28.988251 -61.734604
v 171.176300 -29.330538 -64.977356
v 190.141357 -33.242451 -103.720108
v 189.347366 -33.221256 -103.720108
v 184.438034 -32.518719 -97.218803
v 189.741699 -33.116081 -102.403900
v 187.184326 -32.307449 -93.981544
v 185.337799 -31.999920 -91.043831
v 185.980942 -31.926945 -90.018387
v 181.413422 -31.293930 -84.204193
v 176.776505 -29.744625 -67.987511
v 176.346298 -29.382790 -64.001938
v 177.117294 -29.124298 -60.827248
v 183.011261 -34.991543 -80.238190
v 189.122681 -40.407608 -100.365234
v 189.122681 -40.954037 -100.365234
v 188.314789 -40.698586 -97.704567
v 189.741699 -39.127792 -102.403893
v 190.141357 -41.276138 -103.720108
v 189.741699 -37.736588 -102.403893
v 183.011261 -39.021633 -80.238190
v 177.117310 -37.157986 -60.827248
v 187.964203 -39.380947 -96.549980
v 190.141357 -39.096462 -103.720108
v 190.141357 -38.585037 -103.720108
v 186.542557 -40.899677 -100.530289
v 179.392090 -39.074860 -81.942574
v 187.990479 -40.735386 -98.221664
v 188.547531 -41.233597 -103.720108
v 182.736374 -38.968548 -79.717743
v 175.707092 -39.132534 -83.717567
v 168.756653 -36.934830 -60.827248
v 176.839569 -39.490616 -87.447189
v 177.305084 -39.187164 -83.853844
v 181.780701 -41.052982 -103.720108
v 180.898972 -40.207489 -100.816277
v 176.957291 -39.202991 -87.834915
v 171.247528 -36.183891 -69.030647
v 169.456268 -32.241276 -63.131363
v 169.456268 -33.495491 -63.131367
v 170.079620 -36.681225 -65.184265
v 168.756638 -32.875465 -60.827248
v 178.916260 -34.694939 -94.286522
v 175.707092 -33.626381 -83.717567
v 171.247528 -30.110464 -69.030647
v 170.079620 -32.491283 -65.184265
v 169.456268 -31.462963 -63.131359
v 170.079605 -30.607788 -65.184265
v 169.456253 -29.364105 -63.131348
v 193.673355 -31.447495 -91.256973
v 192.655899 -31.402348 -92.676506
v 193.257950 -31.459686 -90.666901
v 189.347366 -31.087242 -103.720108
v 202.197540 -32.311092 -60.827248
v 197.698669 -31.152754 -103.720108
v 201.084732 -31.475243 -92.417679
v 200.077057 -31.471983 -92.240227
v 209.259628 -32.253819 -65.130516
v 198.712677 -31.249329 -100.335388
v 210.548828 -32.376602 -60.827248
v 209.874161 -32.312347 -63.079247
v 208.579987 -32.291271 -63.496437
v 201.647568 -35.222492 -90.538971
v 208.481812 -32.649380 -67.726807
v 208.481812 -36.775848 -67.726791
v 209.874161 -36.067753 -63.079262
v 197.698669 -39.155743 -103.720108
v 198.712677 -35.034203 -100.335434
v 200.915039 -39.462067 -92.984131
v 200.915039 -38.192783 -92.984131
v 199.608978 -39.337677 -97.343704
v 199.608978 -37.638092 -97.343689
v 201.647583 -39.527534 -90.538986
v 201.651428 -39.532204 -90.526131
v 203.957870 -39.751869 -82.827408
v 203.957870 -38.022362 -82.827400
v 205.227234 -39.872761 -78.590378
v 205.227234 -36.310497 -78.590370
v 207.808075 -38.384033 -69.975708
v 207.808075 -40.118561 -69.975723
v 210.548843 -40.379593 -60.827248
v 201.644989 -39.532104 -90.527870
v 202.919037 -39.860737 -78.358070
v 206.552490 -40.300922 -62.634670
v 189.835037 -39.094063 -103.720108
v 194.728394 -39.241249 -99.564514
v 191.749863 -39.109081 -103.720108
v 194.658615 -39.429661 -92.347549
v 191.827042 -39.326401 -95.443176
v 199.059128 -39.803104 -79.402916
v 197.218018 -39.530762 -89.252914
v 202.197540 -40.314087 -60.827248
v 202.648590 -40.247280 -63.513805
v 189.347382 -39.090237 -103.720108
v 189.492950 -39.104099 -103.234177
v 199.237793 -39.275658 -70.706673
v 200.630127 -38.567566 -66.059135
v 200.630127 -36.447876 -66.059120
v 201.339783 -39.802467 -63.690372
v 201.339783 -37.370743 -63.690376
v 201.339783 -35.446236 -63.690380
v 200.630127 -35.459000 -66.059120
v 202.197540 -38.825321 -60.827248
v 190.235992 -35.019089 -100.753960
v 199.237793 -35.149189 -70.706680
v 200.630127 -34.441101 -66.059120
v 202.197540 -34.469090 -60.827248
v 211.619965 -62.663628 -83.661934
v 216.363205 -27.818325 -64.187904
v 214.390747 -31.051460 -65.822021
v 214.379532 -62.663628 -83.973106
v 213.602982 -31.648397 -66.075958
v 213.629105 -31.239799 -65.844284
v 214.194824 -22.391594 -60.827255
v 216.638077 -59.875008 -82.626503
v 217.901855 -21.663630 -60.827251
v 217.872391 -62.663628 -84.366974
v 219.343231 -25.103222 -62.964870
v 221.637100 -30.326759 -66.223000
v 221.893524 -26.316223 -63.948978
v 222.190994 -21.663630 -61.310905
v 219.569580 -62.663628 -84.558350
v 221.622894 -25.606636 -66.348969
v 221.622894 -30.289520 -66.348953
v 218.537506 -62.663628 -93.711082
v 219.348145 -49.984962 -86.522141
v 219.355377 -50.629387 -86.458061
v 219.355377 -49.871948 -86.458061
v 221.158920 -21.663630 -70.463638
v 215.941925 -54.190628 -88.553032
v 217.272980 -45.167336 -83.521767
v 210.587891 -62.663628 -92.814674
v 210.803085 -59.297882 -90.906265
v 210.801056 -59.329605 -90.924248
v 210.819733 -59.310669 -90.915482
v 213.209290 -21.663630 -69.567230
v 213.181549 -22.097744 -69.813377
v 213.658020 -21.663630 -69.617828
v 213.829758 -49.418694 -85.574722
v 213.181549 -24.715508 -69.813370
v 210.804688 -59.349770 -90.892090
v 213.602982 -31.264494 -66.075966
v 214.194824 -21.663630 -60.827255
v 213.692276 -21.663630 -65.284081
v 213.692276 -26.054647 -65.284081
v 228.732880 -62.663628 -90.427429
v 232.231644 -54.435146 -79.296684
v 229.408798 -53.188232 -77.435532
v 229.503326 -51.863068 -75.618576
v 229.569275 -50.938667 -74.351112
v 229.595810 -50.566628 -73.841003
v 230.053558 -50.610973 -73.925789
v 230.098633 -50.615341 -73.934135
v 232.005493 -49.290199 -72.211487
v 230.272873 -41.075287 -60.827248
v 232.222031 -41.001530 -60.827248
v 236.722076 -62.663628 -90.843063
v 236.742706 -51.382729 -75.334824
v 233.546234 -44.005627 -65.026260
v 238.033951 -44.273151 -65.627533
v 238.283691 -40.772152 -60.827248
v 236.364090 -62.663628 -97.723785
v 237.502838 -49.629726 -75.835991
v 237.852676 -42.545242 -69.111710
v 236.596573 -62.663628 -93.255280
v 237.852676 -44.285069 -69.111702
v 237.879074 -42.200417 -68.604210
v 238.283691 -40.274635 -60.827248
v 236.052124 -62.158218 -103.720108
v 236.052124 -62.663628 -103.720108
v 236.364090 -57.784916 -97.723793
v 236.596573 -54.525890 -93.255280
v 237.264648 -45.160515 -80.414238
v 237.502838 -41.821457 -75.835991
v 237.623520 -44.766392 -73.516251
v 237.623520 -40.639389 -73.516251
v 237.877914 -42.184925 -68.626457
v 237.852676 -42.151558 -69.111710
v 237.852676 -40.158066 -69.111710
v 238.077148 -37.510284 -64.797150
v 238.283691 -30.875111 -60.827251
v 234.217697 -56.975189 -96.498886
v 236.414124 -54.457062 -93.151161
v 235.833298 -46.129036 -81.671326
v 235.607132 -40.984089 -74.586128
v 228.041306 -62.461365 -103.720108
v 230.168045 -32.647644 -62.841949
v 231.096085 -44.036514 -78.547989
v 231.571167 -32.175697 -62.266102
v 230.241486 -31.618103 -61.430328
v 230.272873 -31.178261 -60.827248
v 228.041306 -62.663628 -103.720108
v 229.408798 -47.927711 -77.435539
v 229.828430 -38.362137 -69.369759
v 230.168045 -35.932072 -62.841942
v 230.057587 -37.880814 -64.965225
v 230.272873 -31.775711 -60.827248
v 230.057587 -38.236084 -64.965225
v 230.200195 -36.093498 -62.224247
v 229.503326 -49.523987 -75.618576
v 229.503326 -49.701393 -75.618576
v 230.057587 -42.007820 -64.965210
v 229.828430 -42.489140 -69.369759
v 230.272873 -36.458588 -60.827248
v 246.288712 -40.735687 -85.910370
v 247.142456 -38.093964 -92.411720
v 247.739563 -36.246319 -96.958817
v 248.627441 -33.498970 -103.720116
v 244.550613 -46.113850 -72.674583
v 245.189651 -44.136475 -77.540955
v 247.499435 -43.524532 -78.769608
v 242.994858 -50.927834 -60.827244
v 243.877640 -50.573101 -61.599384
v 243.150940 -50.444862 -62.015850
v 243.454987 -50.903698 -60.827244
v 246.028549 -41.540710 -83.929192
v 256.696136 -33.075733 -103.720116
v 253.764771 -33.798569 -102.295456
v 256.493225 -33.703587 -102.174957
v 255.222656 -37.635082 -92.499443
v 253.677261 -42.416973 -80.731087
v 254.349213 -39.733284 -87.361366
v 251.729279 -44.211967 -76.493187
v 251.063538 -50.504597 -60.827248
v 253.022430 -44.443211 -75.744461
v 255.199951 -35.328106 -92.326576
v 253.509995 -41.292286 -79.457359
v 254.527069 -39.749336 -87.202469
v 252.865875 -42.225788 -74.552345
v 255.194717 -35.362534 -92.286674
v 255.193832 -35.290440 -92.279922
v 255.168396 -33.222561 -92.086334
v 256.696136 -24.450897 -103.720116
v 253.885834 -35.806278 -82.319412
v 254.558716 -31.385050 -87.443512
v 253.622620 -33.961212 -80.314995
v 253.828598 -35.480499 -81.883568
v 252.875229 -40.333755 -74.623497
v 252.865875 -36.302776 -74.552345
v 251.243164 -41.323925 -62.195175
v 252.032684 -38.880936 -68.207428
v 252.487457 -37.473705 -71.670662
v 251.063538 -41.879761 -60.827248
v 251.063538 -42.402195 -60.827248
v 252.865875 -40.264843 -74.552345
v 248.264679 -41.514954 -62.108074
v 250.558350 -38.233200 -70.022621
v 248.433075 -42.017742 -60.827248
v 248.432465 -37.299213 -72.639984
v 243.399231 -41.051750 -63.906601
v 244.534378 -37.539261 -72.550934
v 248.627441 -24.874138 -103.720116
v 244.433472 -41.513489 -62.614838
v 242.994843 -42.303001 -60.827248
v 243.454987 -42.278866 -60.827248
v 243.313858 -41.315918 -63.256489
v 247.337296 -30.733162 -93.895470
v 244.771393 -39.287445 -74.355843
v 246.664413 -35.154392 -88.771370
v 247.978531 -34.676220 -98.778526
v 246.222260 -40.288849 -85.404320
v 244.550613 -42.114799 -72.674591
v 245.189651 -42.849754 -77.540955
v 243.818024 -44.140701 -67.095764
v 258.926727 -53.245171 -97.623413
v 260.165985 -53.082664 -97.500412
v 256.996582 -55.360363 -103.720108
v 260.850952 -51.136475 -91.545433
v 262.388275 -49.451763 -86.689514
v 263.614746 -48.107704 -82.815491
v 265.503510 -48.235966 -83.820206
v 259.098969 -53.056419 -97.079361
v 259.003723 -53.160778 -97.380150
v 259.447327 -53.064987 -97.216827
v 267.219116 -46.235912 -78.020714
v 264.995026 -46.595089 -78.455612
v 264.885284 -47.010090 -79.736931
v 264.624939 -47.000668 -79.624634
v 266.898743 -44.508850 -72.442368
v 265.554871 -45.981567 -76.687241
v 269.775360 -44.948475 -74.747231
v 270.575958 -40.479095 -60.827248
v 261.125458 -52.702637 -96.598999
v 265.387909 -54.522636 -103.720108
v 262.259003 -53.800713 -100.440125
v 266.976135 -52.782150 -98.703438
v 268.095062 -51.555946 -95.169106
v 267.158813 -51.399864 -94.377716
v 269.423889 -49.929520 -90.432014
v 264.832306 -51.234406 -93.116463
v 278.967316 -39.641369 -60.827248
v 266.976135 -55.097191 -98.703430
v 267.777679 -55.516792 -96.171692
v 267.777679 -52.604839 -96.171677
v 269.035858 -52.670708 -92.197433
v 268.502197 -52.642769 -93.883133
v 269.035858 -54.105530 -92.197441
v 269.570160 -53.892670 -90.509827
v 269.570160 -52.785667 -90.509827
v 269.570160 -49.972252 -90.509819
v 268.502197 -51.769081 -93.883133
v 270.796631 -49.782288 -86.635796
v 265.387939 -62.663628 -103.720108
v 267.777679 -56.607220 -96.171700
v 265.648224 -62.663628 -102.897888
v 269.035858 -56.673084 -92.197449
v 268.502197 -55.896088 -93.883148
v 269.570160 -54.099258 -90.509827
v 272.008026 -54.925171 -82.809349
v 272.008026 -55.694099 -82.809349
v 270.796631 -53.909294 -86.635788
v 277.724640 -48.575157 -64.752502
v 273.024811 -54.579853 -79.597702
v 278.003143 -49.124249 -63.872810
v 278.967316 -48.067619 -60.827248
v 278.806549 -48.243820 -61.335114
v 278.806549 -46.744171 -61.335106
v 278.806549 -45.679489 -61.335102
v 278.967316 -45.642006 -60.827248
v 278.967316 -46.472069 -60.827248
v 273.244232 -53.750179 -77.036087
v 278.244049 -48.139824 -60.827248
v 258.021332 -62.663628 -100.483276
v 264.749603 -55.431435 -79.678413
v 266.656464 -54.945541 -78.741241
v 264.802185 -55.232689 -79.064789
v 265.259064 -54.731983 -77.621582
v 269.212708 -53.658104 -75.467758
v 266.381592 -53.501835 -74.075882
v 268.751312 -53.587589 -75.098061
v 270.549194 -48.934708 -60.911873
v 270.594238 -48.903522 -60.827248
v 268.514008 -51.164993 -67.340317
v 270.575989 -48.905346 -60.827248
v 266.602966 -53.259262 -73.376709
v 256.996582 -62.663628 -103.720108
v 260.867676 -57.070496 -91.492554
v 264.624939 -55.292885 -79.624634
v 262.125885 -57.136360 -87.518303
v 270.575989 -48.889366 -60.827248
v 270.575989 -47.324444 -60.827248
v 259.003723 -53.285488 -97.380150
v 259.098969 -53.858856 -97.079361
v 262.125885 -53.133980 -87.518295
v 260.867676 -53.068115 -91.492538
v 260.850952 -54.130558 -91.545433
v 263.614746 -51.811180 -82.815483
v 266.381592 -46.124176 -74.075882
v 265.540405 -46.409870 -76.732971
v 268.568024 -43.365601 -67.169647
v 266.410278 -47.017303 -73.985275
v 262.388275 -52.001144 -86.689514
v 266.838440 -46.292694 -72.632835
v 266.788727 -47.763451 -72.789879
v 285.868530 -41.304653 -86.485947
v 274.569824 -62.663628 -71.857689
v 292.011200 -21.663633 -102.365761
v 293.022552 -24.450598 -99.035995
v 294.251404 -21.663633 -101.085037
v 281.514954 -62.663628 -67.887169
v 281.938751 -57.989182 -72.259964
v 283.625824 -57.701591 -71.579414
v 282.482880 -53.555794 -76.325974
v 285.616699 -53.021584 -75.061806
v 288.929169 -42.090897 -83.959923
v 292.139709 -36.642517 -87.503639
v 290.938110 -40.512318 -84.369942
v 292.584320 -36.642548 -87.249435
v 294.763214 -31.520512 -91.060738
v 289.807129 -35.414875 -90.049225
v 298.956329 -21.663633 -98.395233
v 296.463593 -24.516407 -97.003792
v 297.721466 -21.663633 -99.101204
v 290.600922 -41.304974 -83.780128
v 289.929413 -41.304928 -84.164070
v 289.375427 -38.697548 -87.055046
v 289.032532 -41.304867 -84.676872
v 297.556183 -28.504459 -95.946144
v 296.349792 -28.034042 -93.835915
v 292.584320 -41.654480 -87.249428
v 290.600922 -41.654301 -83.780128
v 290.938110 -41.654331 -84.369942
v 302.000549 -21.663633 -103.720123
v 300.182068 -23.846699 -100.539291
v 300.597260 -26.945742 -101.265495
v 297.165283 -34.121548 -95.262390
v 297.556183 -33.694439 -95.946136
v 297.745697 -36.802444 -96.277626
v 300.380737 -30.608208 -100.886757
v 300.918549 -29.343975 -101.827469
v 302.000549 -26.800434 -103.720116
v 302.000549 -26.226471 -103.720116
v 292.441101 -49.272129 -86.998940
v 294.763245 -39.352715 -91.060738
v 288.005310 -56.336517 -79.239906
v 290.938110 -52.805264 -84.369934
v 287.453461 -60.996788 -78.274628
v 286.744385 -62.663628 -77.034332
v 286.914001 -62.264946 -77.330994
v 297.556183 -36.899582 -95.946129
v 287.850159 -57.764725 -81.238853
v 284.575195 -62.663628 -78.274460
v 292.974121 -45.219292 -90.695587
v 297.485626 -36.719288 -96.508408
v 298.582642 -29.403282 -103.104332
v 299.719574 -29.425032 -102.432892
v 298.216736 -32.833351 -99.927032
v 296.963776 -32.809383 -100.667007
v 299.467651 -29.996338 -102.012856
v 300.240326 -27.819702 -103.720116
v 279.799255 -62.663628 -81.004852
v 281.108582 -62.489338 -80.428383
v 280.091644 -61.976250 -81.516335
v 281.915771 -58.776333 -83.632767
v 283.998718 -58.258053 -82.953644
v 284.876709 -51.582024 -89.042938
v 285.888550 -48.935051 -91.077812
v 292.785461 -32.136444 -103.720116
v 294.775696 -32.767536 -101.959236
v 285.524109 -49.206001 -91.018661
v 285.639374 -48.935036 -91.220291
v 298.083374 -29.068693 -103.720116
v 295.831726 -30.372505 -103.720116
v 297.539978 -29.383339 -103.720116
v 280.937012 -62.663628 -80.354385
v 281.438660 -62.663628 -80.067604
v 296.580627 -29.938854 -103.720116
v 285.639374 -43.710629 -91.220299
v 283.655975 -49.205833 -87.750984
v 278.933228 -60.072014 -79.490051
v 278.933228 -62.663628 -79.490051
v 292.785492 -21.663633 -103.720116
v 283.655975 -43.710442 -87.750999
v 296.701233 -26.319901 -102.759132
v 296.580627 -26.011765 -103.720116
v 299.168488 -26.810696 -101.514008
v 297.257385 -27.740929 -98.327362
v 298.409576 -30.684977 -89.145752
v 300.692963 -32.837589 -82.613205
v 299.406250 -33.231579 -81.203644
v 299.116211 -32.490540 -83.514725
v 303.555908 -34.852173 -76.590645
v 304.365967 -37.920612 -66.972038
v 301.963287 -39.765186 -60.827251
v 299.933197 -26.144573 -103.720116
v 304.461182 -31.607523 -86.982704
v 304.643372 -26.331161 -103.720116
v 304.447327 -32.528339 -84.063988
v 307.185364 -32.826244 -83.463875
v 307.808228 -34.417828 -78.500191
v 305.350952 -36.676575 -71.036530
v 307.477936 -35.278896 -75.731033
v 308.815765 -36.992161 -70.471611
v 308.321564 -38.280899 -66.327103
v 308.989807 -37.436905 -69.084579
v 309.793182 -39.489597 -62.682838
v 309.549225 -39.502171 -62.612396
v 309.973114 -39.949364 -61.248962
v 309.561279 -39.172516 -63.658195
v 309.672485 -39.181206 -63.644619
v 308.809235 -40.036381 -60.827248
v 310.026031 -40.084583 -60.827248
v 307.808258 -38.151527 -78.500191
v 308.250153 -38.479462 -74.978821
v 308.511322 -39.694141 -72.897675
v 308.989807 -41.634346 -69.084595
v 308.968719 -41.821564 -69.252693
v 309.635651 -39.335674 -63.938133
v 309.635651 -42.528458 -63.938122
v 309.635651 -43.922318 -63.938133
v 309.973114 -42.507076 -61.248947
v 310.026031 -42.285149 -60.827248
v 307.414795 -41.572819 -81.635429
v 307.526855 -42.093941 -80.742577
v 304.643372 -34.726288 -103.720116
v 309.408905 -46.902828 -65.745071
v 308.622559 -44.893658 -72.011078
v 308.081299 -43.510605 -76.324417
v 310.026031 -48.479710 -60.827248
v 309.973145 -46.556026 -61.248917
v 309.891266 -48.135323 -61.901283
v 309.535614 -44.458210 -64.735260
v 309.973145 -46.493046 -61.248917
v 310.026031 -46.739155 -60.827248
v 306.687469 -43.383652 -76.551666
v 307.107727 -44.639172 -72.627151
v 305.838196 -46.921860 -65.236694
v 306.216309 -46.963001 -65.153816
v 308.643982 -46.942253 -65.524185
v 305.702515 -44.627693 -72.487175
v 307.064545 -44.751747 -72.265106
v 305.805603 -44.497498 -72.912544
v 307.077240 -47.985077 -62.024109
v 309.780273 -48.141045 -61.869232
v 307.031067 -48.361065 -60.827248
v 306.705200 -47.967911 -62.031803
v 307.025024 -48.353752 -60.849655
v 307.024017 -48.360786 -60.827248
v 296.820435 -35.019604 -101.809227
v 296.580627 -34.406887 -103.720116
v 298.758850 -35.405201 -100.830978
v 303.185669 -44.212444 -73.486771
v 303.632812 -44.261093 -73.388763
v 301.013550 -41.100979 -83.070732
v 302.294281 -46.536274 -66.013428
v 300.491547 -34.561817 -103.720116
v 304.576172 -47.869667 -62.075844
v 301.963287 -48.160309 -60.827248
v 301.799408 -47.741531 -62.133282
v 297.956604 -35.556683 -92.755501
v 297.257385 -28.282127 -98.327362
v 298.791931 -32.463268 -86.098953
v 299.116211 -34.552052 -83.514725
v 301.930420 -42.286171 -61.089195
v 301.963287 -42.002060 -60.827248
v 297.056946 -31.372471 -99.924423
v 296.580627 -29.157076 -103.720116
v 296.580627 -28.179430 -103.720116
v 316.456604 -48.309563 -78.609428
v 316.536072 -52.533890 -77.922813
v 317.317108 -49.291363 -78.547310
v 316.059875 -27.222759 -82.036819
v 318.006683 -50.753536 -78.386284
v 318.816895 -50.943806 -78.448723
v 317.679596 -48.905212 -78.652870
v 317.645813 -49.653519 -78.525703
v 318.689758 -55.342182 -77.709526
v 316.726654 -62.663628 -76.276352
v 317.507416 -52.718987 -78.004753
v 317.695831 -48.545715 -78.713966
v 316.093414 -21.663631 -82.956375
v 315.955292 -21.663631 -82.940392
v 321.067810 -31.770012 -81.867485
v 323.274780 -51.990700 -78.792282
v 324.673584 -62.663628 -77.196198
v 324.468933 -51.785213 -78.964348
v 323.957825 -56.579353 -78.115517
v 321.983582 -54.432827 -78.240570
v 323.411804 -52.911343 -78.656494
v 324.402618 -48.260876 -79.537186
v 324.336426 -44.741711 -80.109184
v 323.582428 -44.763771 -80.018272
v 324.224915 -38.816090 -81.072319
v 323.318573 -38.842609 -80.963036
v 321.395050 -44.947170 -79.734879
v 323.902222 -21.663631 -83.860237
v 324.144928 -37.982883 -81.763428
v 324.144928 -46.982800 -81.763428
v 324.144928 -45.056499 -81.763428
v 324.144928 -38.947601 -81.763428
v 322.970154 -21.663631 -91.912857
v 323.680298 -36.772106 -85.777649
v 323.845093 -48.088486 -84.353790
v 323.741516 -62.663628 -85.248817
v 323.691681 -45.801659 -85.679306
v 323.680298 -45.771996 -85.777657
v 323.432312 -46.228081 -87.920212
v 323.320831 -40.302460 -88.883347
v 323.680298 -39.711475 -85.777657
v 319.542542 -57.183933 -85.665382
v 321.178650 -40.365139 -88.625069
v 319.730957 -53.010658 -86.374588
v 322.334351 -46.725132 -87.711250
v 321.923279 -46.272232 -87.738266
v 321.442505 -46.286301 -87.680305
v 321.417023 -45.714432 -87.771545
v 315.985046 -52.562256 -86.014870
v 315.677643 -56.447449 -85.339340
v 315.602844 -52.472496 -85.985413
v 315.598145 -52.223114 -86.025948
v 315.549500 -49.636242 -86.446411
v 315.592712 -51.933403 -86.073036
v 315.232513 -32.787754 -89.184929
v 315.442596 -43.954239 -87.369949
v 315.023224 -21.663631 -90.993011
v 318.256409 -51.069328 -86.523682
v 318.893982 -49.700531 -86.822945
v 317.729156 -50.488400 -86.558342
v 318.110107 -30.841442 -89.838585
v 315.794586 -62.663628 -84.328972
v 315.944397 -52.289089 -86.055161
v 315.864105 -51.749840 -86.134689
v 315.519714 -48.054077 -86.703575
v 318.599274 -42.609882 -87.956764
v 317.667847 -41.583672 -88.017990
v 315.293091 -21.663631 -88.661453
v 315.549500 -48.098297 -86.446419
v 315.612762 -48.252083 -85.899803
v 315.630127 -45.065498 -85.749855
v 315.613678 -48.083130 -85.891853
v 315.713501 -29.755959 -85.029427
v 315.595245 -29.447807 -86.051048
v 315.595245 -21.663631 -86.051048
v 316.284973 -54.130539 -80.092148
v 316.220337 -53.973373 -80.650757
v 316.284973 -49.886047 -80.092140
v 316.171387 -49.609898 -81.073677
v 316.284973 -53.678604 -80.092148
v 316.059875 -30.658611 -82.036827
v 316.168274 -48.254616 -81.100449
v 315.757568 -21.663631 -84.648621
v 131.562851 -56.089493 -98.525459
v 131.562851 -57.491329 -103.720100
v 137.122528 -52.157257 -86.531227
v 139.138123 -51.729790 -85.881485
v 139.467590 -51.659916 -85.775284
v 139.453400 -51.715767 -85.975662
v 134.834412 -53.775597 -91.467537
v 139.497650 -51.541496 -85.350395
v 139.795563 -50.266670 -80.764503
v 147.570953 -44.767311 -63.990181
v 147.467438 -44.840527 -64.213501
v 137.632217 -51.796761 -85.431633
v 149.037064 -43.730362 -60.827240
v 140.667770 -51.405380 -85.388390
v 133.559662 -57.241554 -103.720100
v 139.088562 -53.152607 -91.130890
v 139.163483 -52.857483 -90.072021
v 139.390564 -53.117477 -91.140701
v 140.012848 -52.677353 -89.798233
v 141.501160 -51.624695 -86.587379
v 142.300964 -51.059017 -84.861923
v 149.128082 -46.230350 -70.133369
v 147.882568 -46.427135 -70.285255
v 141.819641 -51.399445 -85.900314
v 142.036331 -51.246185 -85.432838
v 141.630203 -51.293427 -85.419647
v 141.510788 -51.226597 -85.116638
v 153.441742 -43.179394 -60.827244
v 153.421326 -43.193821 -60.871254
v 153.409637 -43.183407 -60.827244
v 152.239502 -44.029697 -63.420868
v 139.390564 -50.952419 -91.140701
v 140.012848 -51.165054 -89.798233
v 140.913879 -50.790833 -87.854401
v 142.036331 -50.351635 -85.432838
v 142.036331 -50.324638 -85.432838
v 142.300964 -50.214729 -84.861923
v 142.042435 -50.322105 -85.419662
v 133.559662 -53.072292 -103.720100
v 139.541107 -48.841743 -90.815948
v 142.036346 -47.076923 -85.432838
v 142.829559 -46.515888 -83.721550
v 139.674484 -49.031109 -90.528214
v 139.721298 -48.714302 -90.427216
v 149.431305 -41.846619 -69.479187
v 152.542755 -39.645966 -62.766685
v 153.421326 -39.856094 -60.871269
v 153.441742 -39.923412 -60.827244
v 153.441742 -39.010132 -60.827248
v 131.562851 -53.322067 -103.720100
v 140.079254 -47.304581 -85.369278
v 138.183563 -48.902115 -90.410416
v 142.810822 -46.505390 -83.673958
v 148.162216 -42.047131 -69.633957
v 151.295242 -39.843067 -62.918816
v 136.869705 -48.166809 -87.076630
v 131.562851 -51.920231 -98.525452
v 138.977707 -46.675865 -82.528915
v 147.749939 -40.471451 -63.604012
v 147.874176 -40.383587 -63.336002
v 149.037048 -39.561104 -60.827244
v 134.834396 -52.565434 -91.467537
v 136.462494 -50.135941 -87.955162
v 140.183960 -48.388542 -79.926582
v 137.122528 -51.615105 -86.531227
v 211.034683 -34.530411 -103.197372
v 208.048080 -35.611286 -100.183136
v 209.128891 -34.777508 -103.720108
v 209.282837 -34.749908 -103.720108
v 211.552643 -34.342960 -103.720108
v 202.614624 -37.577690 -94.699432
v 202.908417 -37.296318 -95.963356
v 204.559174 -36.873947 -96.661957
v 180.326813 -45.643814 -72.205475
v 179.179626 -45.718712 -72.928215
v 182.576691 -44.829563 -74.476173
v 169.052856 -49.723942 -60.827240
v 166.839233 -50.120815 -60.827240
v 205.926956 -35.351570 -103.720108
v 166.901382 -50.005333 -61.403870
v 163.427155 -50.732548 -60.827240
v 163.663727 -50.646931 -61.066006
v 179.744507 -46.521465 -77.295509
v 176.863205 -46.906693 -74.387566
v 163.427155 -50.997265 -60.827240
v 205.926941 -39.475414 -103.720108
v 179.744507 -48.951027 -77.295509
v 176.863220 -49.993790 -74.387566
v 163.427155 -54.856392 -60.827240
v 209.074844 -38.943043 -103.543236
v 210.967712 -38.678486 -103.129784
v 210.851959 -38.720379 -103.012955
v 210.672150 -38.624660 -103.720108
v 211.552643 -38.466801 -103.720108
v 208.048080 -39.735126 -100.183136
v 183.208099 -48.724892 -75.113419
v 181.558350 -49.321945 -73.448410
v 179.698868 -49.808651 -72.601089
v 169.052856 -53.847778 -60.827240
v 180.326813 -49.486603 -72.205475
v 211.552643 -37.408367 -103.720108
v 202.614624 -37.816208 -94.699432
v 183.208099 -44.745144 -75.113426
v 203.252579 -32.382206 -97.444069
v 202.945251 -32.926056 -96.121902
v 203.477463 -32.882500 -96.109802
v 204.711365 -29.800669 -103.720116
v 194.741440 -47.443871 -60.827244
v 208.814133 -29.428522 -103.720116
v 198.844208 -47.071724 -60.827244
v 208.814133 -33.733555 -103.720108
v 198.844208 -51.376762 -60.827240
v 204.711380 -34.105717 -103.720108
v 194.741440 -51.748920 -60.827240
v 203.252579 -33.469631 -97.444061
v 220.605789 -21.663631 -88.221214
v 218.835876 -62.663628 -85.725533
v 215.576157 -62.663628 -88.037277
v 218.379211 -31.984413 -88.856071
v 217.713852 -40.491302 -88.549690
v 216.848862 -33.181496 -89.831863
v 217.346069 -21.663631 -90.532959
v 216.492050 -41.447021 -89.328735
v 215.027908 -21.663631 -87.264175
v 214.677917 -29.770992 -86.770676
v 214.321106 -38.036522 -86.267555
v 213.257996 -62.663628 -84.768494
v 216.517700 -62.663628 -82.456757
v 218.051544 -27.132069 -84.619576
v 218.287613 -21.663631 -84.952438
v 217.694733 -35.397594 -84.116447
v 218.428268 -36.549953 -85.150780
v 218.991196 -28.608231 -85.944542
v 265.843536 -52.734512 -94.861969
v 269.917358 -52.461384 -97.620590
v 261.078247 -53.053997 -91.635132
v 262.439941 -52.974678 -92.172440
v 262.325531 -52.970375 -92.479729
v 257.456024 -53.296844 -89.182312
v 259.253235 -53.214985 -89.158142
v 278.924896 -51.857479 -103.720108
v 280.411896 -51.789124 -103.720108
v 227.613159 -55.297646 -68.974022
v 231.033157 -55.068352 -71.289886
v 255.238861 -53.445496 -87.680946
v 215.582306 -56.104248 -60.827240
v 284.524567 -51.632275 -102.685715
v 286.052124 -51.529861 -103.720108
v 272.124634 -52.385216 -96.807938
v 270.460510 -52.575191 -93.162148
v 271.537476 -52.502987 -93.891403
v 255.206482 -53.523708 -85.215973
v 259.205719 -53.329762 -85.540886
v 230.109818 -55.280479 -65.838394
v 228.914764 -55.352448 -65.291092
v 222.709534 -55.776627 -60.827240
v 232.409454 -55.126305 -67.395599
v 258.657379 -53.366524 -85.169563
v 228.989456 -55.489388 -65.079735
v 274.534363 -53.047508 -95.920769
v 222.709518 -59.779007 -60.827240
v 232.409454 -59.128685 -67.395615
v 228.989456 -59.357971 -65.079742
v 258.657349 -57.368904 -85.169563
v 259.245697 -57.329460 -85.567963
v 270.460510 -56.434319 -93.162163
v 272.168823 -56.200951 -94.318939
v 272.168823 -56.463036 -94.318939
v 271.036438 -56.538956 -93.552139
v 274.534332 -56.304443 -95.920769
v 275.854645 -56.215923 -96.814835
v 284.524536 -55.385971 -102.685715
v 281.962189 -55.449547 -100.950600
v 281.962189 -55.806446 -100.950600
v 275.854675 -54.349964 -96.814835
v 286.052094 -55.317734 -103.720108
v 286.052124 -54.384087 -103.720108
v 286.052094 -55.532242 -103.720108
v 284.524567 -54.782024 -102.685715
v 274.534332 -55.013012 -95.920769
v 273.185516 -56.350990 -96.417358
v 271.921356 -56.470009 -94.460419
v 228.534836 -59.338833 -66.366081
v 232.182861 -59.119141 -68.036766
v 274.092957 -56.265549 -97.822113
v 278.924866 -55.859859 -103.720108
v 271.721771 -56.401497 -96.956253
v 282.105255 -55.713669 -103.720108
v 257.455994 -57.299229 -89.182312
v 259.292847 -57.215561 -89.157608
v 255.246094 -57.524284 -85.215439
v 215.582291 -60.106628 -60.827240
v 255.278824 -57.445198 -87.708023
v 227.613159 -57.649139 -68.974030
v 231.033157 -57.011425 -71.289894
v 269.917328 -55.905560 -97.620590
v 261.078247 -53.965214 -91.635124
v 265.843536 -55.165367 -94.861977
v 292.437378 -42.114876 -103.720108
v 314.418427 -53.190063 -81.941521
v 315.782074 -53.877144 -80.590424
v 331.562866 -61.828323 -64.954987
v 315.835541 -52.486927 -86.162994
v 315.663208 -52.400093 -86.333748
v 314.624664 -51.876820 -87.362732
v 315.582275 -52.382324 -86.322609
v 298.115234 -43.558510 -103.720108
v 318.874756 -54.018242 -83.151772
v 318.285889 -54.426926 -80.935112
v 331.562866 -60.411163 -70.580536
v 314.995270 -52.330219 -85.936981
v 315.517120 -52.427544 -86.077347
v 315.841644 -52.329651 -86.156952
v 314.624664 -47.632324 -87.362724
v 299.120392 -39.820469 -102.724197
v 298.115234 -40.643009 -103.720116
v 298.115234 -39.314007 -103.720116
v 318.874756 -51.442673 -83.151764
v 318.874756 -51.132256 -83.151764
v 318.654785 -51.219101 -83.369728
v 315.996887 -48.323723 -86.003128
v 315.617828 -48.132729 -86.378708
v 315.989655 -48.510609 -86.010307
v 320.496857 -53.091167 -81.544601
v 331.562866 -56.166664 -70.580536
v 324.917603 -52.818451 -77.164566
v 296.787079 -38.976322 -103.720116
v 315.044678 -48.146137 -85.747002
v 315.791626 -48.285439 -85.947914
v 292.437378 -37.870380 -103.720116
v 315.401306 -49.440811 -80.967674
v 317.691681 -50.594818 -78.698387
v 331.562866 -57.583836 -64.954971
v 319.398315 -51.454720 -77.007462
v 330.198792 -56.896557 -66.306458
v 318.404358 -50.100212 -81.381058
v 317.674500 -49.939949 -81.280586
v 318.098450 -50.312508 -80.229599
v 314.418396 -49.828835 -81.941521
v 317.691681 -53.123272 -78.698395
v 325.064667 -57.213276 -71.393311
v 213.579559 -33.699181 -103.720116
v 211.789627 -35.037067 -98.752716
v 211.675735 -36.605759 -92.588890
v 211.510452 -36.613113 -92.588173
v 211.569092 -36.768570 -91.965378
v 206.243362 -44.899345 -60.827248
v 212.975830 -34.000774 -102.634583
v 209.525314 -33.875103 -103.720108
v 208.831329 -34.934605 -99.662567
v 202.189117 -45.075268 -60.827248
v 209.521362 -33.881126 -103.697037
v 209.525314 -33.457661 -103.720108
v 208.870331 -30.748569 -99.890678
v 209.525299 -29.748631 -103.720116
v 202.189102 -40.948795 -60.827248
v 210.226990 -29.718182 -103.720116
v 213.579559 -29.572710 -103.720116
v 213.042892 -29.815714 -102.854057
v 211.856689 -30.852007 -98.972191
v 206.243362 -40.772873 -60.827248
v 211.601517 -36.110748 -92.154953
v 208.559738 -21.663631 -71.710205
v 235.077026 -39.173576 -60.827248
v 207.042450 -21.663630 -68.013229
v 219.158249 -29.663948 -63.040794
v 223.558868 -32.569778 -61.234734
v 224.116211 -32.547928 -62.686943
v 219.583237 -29.647284 -64.148186
v 224.551743 -33.225391 -60.827248
v 224.551727 -32.294380 -60.827248
v 214.134262 -21.663630 -65.102684
v 224.551727 -28.542511 -60.827251
v 224.152237 -28.278723 -60.991203
v 224.727432 -28.256168 -62.489922
v 229.260406 -31.156815 -61.028679
v 229.183090 -31.159843 -60.827248
v 215.651550 -21.663630 -68.799667
v 235.077057 -34.490711 -60.827248
v 304.252472 -50.097458 -62.510178
v 308.948090 -21.663631 -88.056465
v 306.770081 -41.834332 -69.796623
v 306.818359 -41.387436 -70.201187
v 305.123291 -41.721039 -70.097076
v 307.092834 -38.845329 -72.502464
v 305.764893 -38.753971 -72.744743
v 305.700256 -51.742340 -60.827248
v 305.892212 -49.964664 -62.436516
v 306.137207 -47.695538 -64.490677
v 305.204346 -41.346180 -70.431580
v 304.979980 -21.663631 -88.529778
v 303.668060 -41.306923 -70.650871
v 301.675690 -52.265179 -60.827248
v 301.889099 -50.288841 -62.616356
v 303.072479 -40.226765 -72.537697
v 305.620483 -21.663633 -93.899429
v 303.279236 -43.346218 -74.270935
v 304.257751 -34.283836 -82.474792
v 302.000183 -55.191402 -63.547894
v 301.675690 -58.196762 -60.827248
v 305.960815 -34.327362 -82.231689
v 305.738434 -44.808014 -72.635452
v 305.700256 -57.673912 -60.827244
v 305.688324 -49.579449 -68.260559
v 307.402283 -41.911274 -75.096619
v 306.380066 -41.840946 -75.283119
v 309.588593 -21.663633 -93.426117
v 307.727570 -38.898628 -77.823868
v 306.003296 -54.867218 -63.368050
v 306.571838 -49.602020 -68.134453
v 307.079529 -44.900276 -72.390778
v 307.624603 -37.344936 -76.960602
v 306.340454 -50.762188 -66.194550
v 305.700256 -57.361794 -60.827244
v 307.170959 -39.619431 -73.157448
v 331.562866 -37.858261 -77.097725
v 326.091797 -27.686724 -60.827255
v 330.307922 -28.482956 -60.827255
v 331.562866 -30.816071 -64.559319
v 330.307922 -33.128082 -60.827255
v 331.513855 -35.370094 -64.413597
v 331.562866 -35.461216 -64.559357
v 331.562866 -35.394440 -64.559357
v 331.562866 -40.185871 -72.971458
v 331.562866 -42.503391 -77.097740
v 330.933319 -41.332977 -75.225533
v 326.091797 -32.331844 -60.827255
v 328.041443 -35.956566 -66.625381
v 330.933319 -37.392975 -75.225555
v 195.414093 -41.956234 -103.720108
v 194.760208 -41.589054 -102.482140
v 189.825058 -38.817764 -93.138550
v 175.455688 -31.282909 -68.236702
v 175.491058 -30.768631 -66.000374
v 172.758682 -29.234293 -60.827248
v 174.608673 -30.273136 -64.329773
v 194.084930 -41.793427 -103.720108
v 190.894669 -41.402657 -103.720108
v 172.452148 -31.046419 -68.803375
v 170.635559 -29.960308 -65.079376
v 170.631195 -30.023876 -65.355804
v 168.239258 -28.680716 -60.827248
v 187.528961 -39.512672 -97.347900
v 170.498810 -30.119572 -65.105179
v 190.894669 -45.534035 -103.720108
v 189.507751 -44.755226 -101.094307
v 172.143188 -35.004303 -68.218430
v 170.498810 -34.080917 -65.105179
v 172.452148 -34.780956 -68.803375
v 168.239258 -32.812092 -60.827248
v 192.428009 -45.721848 -103.720108
v 190.927155 -44.325638 -98.492149
v 192.375015 -45.614376 -103.284653
v 172.197479 -34.214664 -64.784691
v 191.011368 -45.548328 -103.720108
v 193.614868 -45.867226 -103.720108
v 195.414093 -46.087605 -103.720108
v 172.758682 -33.365662 -60.827248
v 195.206131 -42.770462 -103.326385
v 190.380920 -40.290451 -94.190948
v 174.608673 -31.406502 -64.329773
v 190.420990 -41.015076 -70.435638
v 190.579117 -40.964893 -70.469658
v 190.617218 -37.183842 -69.730095
v 190.375946 -41.894821 -70.597649
v 189.312302 -62.663628 -74.422356
v 191.123932 -55.606468 -73.526031
v 190.399994 -41.425194 -70.511169
v 191.412048 -21.663630 -66.871948
v 190.482635 -41.406471 -70.530434
v 192.146942 -62.148094 -75.108383
v 194.295319 -40.542686 -71.419357
v 194.512527 -36.301331 -70.638283
v 195.262177 -21.663630 -67.942657
v 193.162430 -62.663628 -75.493065
v 193.179688 -62.326740 -75.431023
v 193.502777 -56.017975 -74.269226
v 192.931793 -62.458626 -76.322357
v 192.931793 -56.321762 -76.322372
v 194.026306 -40.684967 -72.386627
v 194.026306 -36.558502 -72.386635
v 192.072327 -62.663628 -79.412888
v 194.172073 -21.663631 -71.862488
v 189.119278 -52.268047 -76.529182
v 188.752853 -52.302280 -76.434074
v 189.266205 -58.147896 -77.736595
v 188.449570 -58.224194 -77.524628
v 189.496765 -37.776474 -73.759056
v 189.469971 -38.299625 -73.855392
v 189.654648 -37.740704 -73.795868
v 190.321960 -21.663630 -70.791771
v 188.222214 -62.663628 -78.342178
v 188.999695 -52.512432 -75.546471
v 188.999695 -58.692554 -75.546440
v 189.469971 -41.917114 -73.855392
v 190.375946 -41.069088 -70.597656
v 190.375946 -41.437916 -70.597649
v 148.269363 -62.663628 -97.125015
v 164.677612 -54.248592 -86.787735
v 164.624283 -54.267117 -86.783188
v 165.988953 -53.567696 -85.925400
v 166.038193 -53.550808 -85.930557
v 171.149994 -50.353004 -80.218941
v 170.284805 -51.372913 -83.255173
v 171.422119 -50.789642 -82.538666
v 165.628220 -52.990665 -82.858063
v 188.685120 -41.936237 -71.662880
v 205.884399 -33.115513 -60.827248
v 194.383820 -39.013630 -68.072670
v 187.125854 -42.219452 -70.412331
v 165.629135 -52.990349 -82.858139
v 146.139221 -62.663628 -93.743835
v 165.476959 -52.746178 -81.560959
v 198.387344 -35.867947 -60.827248
v 168.112259 -51.394657 -79.900703
v 150.528580 -62.663628 -90.978516
v 150.528580 -61.913029 -90.978516
v 154.398071 -61.022003 -88.540726
v 163.681580 -56.730701 -82.692062
v 154.398056 -62.663628 -88.540726
v 162.681274 -58.536198 -83.322258
v 163.681580 -58.023186 -82.692062
v 154.633301 -62.663628 -88.392517
v 170.906158 -54.318024 -78.140533
v 170.906158 -53.606537 -78.140533
v 165.476959 -57.102417 -81.560959
v 198.387344 -40.224182 -60.827248
v 161.856430 -59.584938 -86.547157
v 154.899628 -62.663628 -88.815239
v 165.629135 -57.346581 -82.858147
v 168.344299 -56.403301 -83.089691
v 165.697540 -57.456341 -83.441261
v 156.763458 -62.663628 -91.773682
v 158.409851 -61.819267 -90.736443
v 164.677582 -58.604832 -86.787743
v 168.187653 -56.602463 -83.702126
v 169.377502 -56.194458 -83.826775
v 205.884399 -37.471748 -60.827248
v 171.422104 -55.145878 -82.538658
v 167.921097 -56.941383 -84.744316
v 154.540375 -62.663628 -93.174240
v 170.284805 -52.675064 -83.255173
v 168.652802 -55.620728 -84.283340
v 158.409866 -59.189678 -90.736443
v 154.540375 -60.080704 -93.174240
v 194.383789 -40.256725 -68.072685
v 300.551727 -62.601921 -102.463600
v 300.762939 -62.663628 -102.575958
v 293.735870 -60.610748 -98.838005
v 285.631958 -58.243271 -94.527229
v 282.640930 -57.369480 -92.936203
v 284.502655 -57.913361 -93.926521
v 277.909851 -55.987343 -90.419571
v 277.421631 -55.984703 -91.315552
v 255.095505 -49.322380 -78.283791
v 253.755508 -48.930912 -77.570999
v 222.278519 -39.735249 -60.827248
v 300.154327 -62.663628 -103.720108
v 294.404480 -61.354340 -103.720108
v 300.098083 -62.609909 -103.382332
v 285.872375 -58.861771 -99.181564
v 281.757751 -57.659733 -96.992851
v 293.140015 -60.621243 -100.044830
v 277.612122 -56.448631 -94.787636
v 278.705322 -56.745686 -95.184914
v 278.538391 -56.719234 -95.280365
v 281.674500 -57.445580 -95.381294
v 274.367584 -55.500778 -93.061752
v 272.881042 -55.066498 -92.271004
v 278.468872 -56.605518 -94.472206
v 250.430481 -48.507805 -80.328735
v 251.713028 -48.882492 -81.010971
v 213.769150 -37.797596 -60.827248
v 281.757751 -56.867996 -96.992851
v 214.935532 -34.011337 -61.447693
v 213.769150 -33.670593 -60.827248
v 214.935547 -34.699036 -61.447693
v 216.324539 -34.417122 -62.186554
v 247.416382 -44.918926 -78.725433
v 255.124664 -45.752159 -82.825745
v 248.589142 -43.842876 -79.349258
v 272.881042 -52.972576 -92.270996
v 274.367584 -53.810116 -93.061760
v 275.084320 -53.401417 -93.443016
v 277.192780 -52.199123 -94.564575
v 277.612122 -53.893417 -94.787643
v 285.872375 -56.009686 -99.181564
v 278.538422 -52.592236 -95.280365
v 294.404480 -57.227341 -103.720108
v 216.433502 -34.293949 -60.964813
v 302.913818 -59.164986 -103.720108
v 297.089417 -57.623009 -101.939194
v 297.604553 -57.613937 -100.895905
v 282.018066 -53.143600 -93.290810
v 281.741760 -52.979790 -92.457909
v 258.507141 -46.192047 -80.098572
v 276.323242 -51.683655 -91.943588
v 278.468750 -52.023613 -90.716873
v 300.802307 -58.684174 -103.720108
v 251.971619 -44.282764 -76.622086
v 240.655914 -41.017273 -70.935333
v 222.278503 -35.608242 -60.827248
v 240.332321 -40.882469 -70.430725
v 241.187317 -41.132248 -70.885536
v 239.544678 -41.484348 -70.011749
v 257.179504 -47.410225 -79.392349
v 250.774384 -45.381279 -75.985237
v 256.585785 -47.954979 -79.076530
v 277.909851 -54.354713 -90.419563
v 278.468750 -54.846153 -90.716866
v 278.969025 -54.560871 -90.982986
v 278.468750 -54.463497 -90.716866
v 282.640930 -55.275551 -92.936211
v 285.631958 -57.677792 -94.527237
v 302.913849 -62.663628 -103.720108
v 302.913849 -60.772133 -103.720108
v 275.985138 -21.663633 -100.580093
v 245.163849 -62.663628 -96.775986
v 271.632812 -27.996994 -96.681206
v 255.606033 -49.155190 -95.701065
v 255.391052 -49.710087 -94.011719
v 271.382141 -28.437935 -95.985413
v 245.653366 -62.663628 -92.809845
v 249.474030 -57.581200 -93.281410
v 276.474670 -21.663633 -96.613953
v 276.436890 -21.663633 -96.920006
v 249.473999 -60.860291 -93.281403
v 250.628815 -62.663628 -93.423927
v 254.457062 -57.571087 -93.896431
v 276.119415 -28.754768 -96.570107
v 265.266968 -43.191246 -95.230644
v 281.373810 -21.765106 -97.218628
v 281.450104 -21.663633 -97.228043
v 279.856628 -21.663633 -97.031372
v 281.431488 -21.663633 -97.378754
v 254.638107 -57.103790 -95.319130
v 277.637390 -26.084309 -100.784019
v 280.960571 -21.663633 -101.194183
v 257.538574 -52.882797 -97.919571
v 257.520721 -52.844482 -98.301125
v 250.139297 -62.663628 -97.390068
v 260.164062 -49.328186 -98.627380
v 260.243744 -49.499298 -96.923607
v 259.447327 -50.495422 -97.216820
v 260.215851 -49.439392 -97.520081
v 264.322845 -43.795975 -99.140671
v 265.787537 -41.847565 -99.321449
v 256.757935 -52.668243 -98.206978
v 264.322845 -42.814369 -99.140671
v 276.382935 -26.000408 -100.629189
v 279.898438 -21.663633 -101.063095
v 256.757904 -48.541229 -98.206978
v 320.393555 -21.663630 -60.827255
v 320.393555 -23.585323 -60.827255
v 322.324585 -21.663630 -61.471977
v 322.539825 -21.663630 -60.827255
v 311.829346 -62.663628 -68.739258
v 312.892456 -51.507454 -64.281631
v 312.415100 -46.033310 -61.783764
v 314.289124 -42.447216 -60.827248
v 308.013306 -62.663628 -67.552872
v 310.104218 -45.478603 -60.827248
v 309.979370 -46.504578 -61.228779
v 309.285767 -52.205284 -63.459839
v 310.104218 -42.296459 -60.827248
v 306.731140 -62.663628 -71.676987
v 308.238403 -50.275703 -66.828789
v 309.405914 -43.418297 -63.073372
v 308.932007 -44.574993 -64.597725
v 309.405914 -40.680019 -63.073364
v 309.685455 -38.382568 -62.174225
v 310.104218 -37.709816 -60.827248
v 310.104218 -34.940842 -60.827251
v 309.873840 -44.444866 -64.834679
v 309.867493 -44.393997 -64.810883
v 310.547211 -62.663628 -72.863373
v 311.352783 -44.106621 -65.149307
v 311.830139 -49.580765 -67.647171
v 314.289124 -31.909447 -60.827255
v 313.320374 -39.871418 -63.943291
v 312.626709 -45.572433 -66.174477
v 311.438171 -45.085606 -65.596016
v 313.563843 -39.480297 -63.160202
v 313.563843 -44.066936 -63.160210
v 331.562866 -61.959991 -81.512596
v 323.217407 -45.110035 -81.794792
v 323.085022 -44.842747 -81.799271
v 311.604828 -21.663631 -82.187469
v 318.320557 -34.950359 -85.958893
v 315.272095 -28.876488 -84.872055
v 331.562866 -61.687309 -85.511108
v 323.703613 -45.819027 -85.776863
v 321.957642 -42.293816 -85.835907
v 314.960022 -28.165279 -86.072525
v 311.739899 -21.663631 -86.181419
v 321.957611 -39.810902 -85.835907
v 319.125671 -30.071178 -85.931671
v 319.125671 -27.576069 -85.931664
v 316.197357 -21.663631 -86.030685
v 325.095642 -39.629784 -85.729790
v 331.562866 -52.687431 -85.511101
v 328.027283 -45.548897 -85.630661
v 328.027283 -45.569485 -85.630661
v 314.960022 -21.663631 -86.072525
v 328.034180 -45.564556 -85.605858
v 319.154358 -27.641428 -85.821342
v 316.154114 -21.663631 -84.751694
v 316.062317 -21.663631 -82.036743
v 331.562866 -52.960075 -81.512596
v 327.550995 -44.859917 -81.648254
v 324.609467 -38.920792 -81.747719
v 323.085022 -39.008778 -81.799271
v 200.541626 -21.663631 -87.611481
v 203.162674 -22.339376 -103.720116
v 204.485977 -21.663631 -86.969650
v 207.211472 -22.366301 -103.720116
v 203.360336 -21.663631 -80.051605
v 200.232330 -21.663630 -60.827255
v 202.756653 -21.663631 -76.341408
v 207.211472 -26.365953 -103.720116
v 204.747284 -25.210899 -88.575584
v 203.079102 -25.300571 -78.323166
v 202.756653 -24.475857 -76.341408
v 204.747284 -25.730652 -88.575577
v 200.232330 -24.566633 -60.827251
v 204.528442 -25.782261 -89.874008
v 202.444412 -25.291073 -78.194000
v 203.162689 -26.339031 -103.720116
v 200.785828 -25.726246 -89.112305
v 200.696625 -25.703247 -88.564079
v 196.183548 -24.539711 -60.827251
v 200.696625 -25.498100 -88.564079
v 196.183548 -21.663630 -60.827255
v 221.738281 -26.355133 -60.827251
v 221.604904 -21.663630 -61.047234
v 221.242096 -21.663630 -60.827255
v 221.738281 -21.663630 -60.827255
v 239.075897 -40.172741 -61.150002
v 238.899231 -43.052284 -60.827248
v 240.658264 -21.663630 -62.980076
v 240.211502 -21.663630 -63.224621
v 239.585800 -40.472366 -60.827248
v 239.981842 -25.407043 -62.805035
v 240.090210 -25.480293 -62.735046
v 243.716934 -21.663630 -61.305809
v 243.454987 -25.933163 -60.827255
v 245.651337 -21.663630 -64.839737
v 243.454987 -57.461922 -60.827240
v 242.070709 -62.663628 -60.827240
v 243.921936 -39.506115 -63.187263
v 244.116821 -29.954815 -64.471931
v 245.211578 -22.599268 -64.944160
v 239.630417 -62.663628 -62.163021
v 240.713181 -45.015778 -64.141098
v 241.151108 -37.877934 -64.941154
v 243.827301 -21.663630 -65.838188
v 241.735962 -28.345585 -66.009598
v 242.145920 -21.663630 -66.758553
v 238.899231 -62.663628 -60.827240
v 238.899231 -43.702507 -60.827248
v 331.562866 -38.618912 -61.371796
v 331.562866 -38.690426 -60.827251
v 330.368591 -39.034386 -60.827251
v 331.562866 -42.810574 -61.371773
v 330.368652 -43.226032 -60.827248
v 331.562866 -42.882084 -60.827248
v 331.562866 -40.915764 -61.371780
v 330.368622 -40.876869 -60.827251
v 154.005554 -43.109558 -103.672493
v 152.045593 -42.891468 -103.720108
v 152.009460 -42.864349 -103.636398
v 148.489563 -40.223114 -95.484039
v 147.092575 -38.940643 -91.390823
v 146.716980 -38.893024 -91.378624
v 144.179840 -36.989239 -85.502449
v 133.525955 -28.994867 -60.827248
v 156.398407 -43.404686 -103.720108
v 151.122864 -40.546600 -95.531662
v 151.304169 -39.582115 -91.921471
v 149.864929 -38.502155 -88.588089
v 149.032745 -38.639629 -89.450821
v 147.490768 -37.408974 -85.609962
v 137.878754 -29.508085 -60.827248
v 156.398407 -39.235424 -103.720108
v 151.304169 -35.412853 -91.921471
v 148.768951 -33.510513 -86.049759
v 137.878754 -25.338823 -60.827248
v 154.528137 -38.105404 -100.389519
v 155.707520 -39.153965 -103.720108
v 147.303101 -33.752678 -87.569450
v 148.053299 -33.311028 -85.628235
v 147.967010 -33.642998 -86.881157
v 147.876617 -33.990654 -88.193291
v 152.045593 -38.722210 -103.720108
v 147.655106 -34.842697 -91.409096
v 146.716980 -34.723766 -91.378632
v 150.576721 -37.619999 -100.318054
v 144.179840 -32.819977 -85.502449
v 133.525940 -24.825605 -60.827248
v 152.045593 -42.819271 -103.720108
v 173.808746 -51.280174 -103.720108
v 163.273285 -56.092087 -97.953888
v 164.014923 -55.978153 -97.191109
v 158.138245 -58.437435 -95.143402
v 148.885162 -62.663628 -90.079056
v 182.132339 -48.354813 -103.720108
v 160.191193 -58.122063 -93.031960
v 150.803802 -62.663628 -86.573532
v 160.229492 -62.663628 -91.732353
v 182.132324 -52.659851 -103.720108
v 161.462585 -61.714249 -94.414879
v 173.808746 -55.585217 -103.720108
v 164.980682 -59.617294 -98.888374
v 165.286331 -59.570339 -98.574020
v 158.310867 -62.663628 -95.237885
v 159.845642 -61.962646 -96.077888
v 331.562866 -48.746769 -94.975555
v 296.795380 -50.736965 -103.720108
v 280.411896 -51.619003 -103.720108
v 331.562866 -48.690964 -90.854866
v 280.411926 -55.621391 -103.720108
v 282.083527 -54.607643 -103.299667
v 331.562866 -52.693352 -90.854866
v 286.033783 -54.889847 -102.306122
v 286.033752 -55.299576 -102.306122
v 282.083527 -55.525700 -103.299667
v 282.105255 -55.530224 -103.720108
v 303.989777 -54.285759 -98.826576
v 308.207703 -54.086067 -100.849731
v 302.023193 -54.440090 -102.405243
v 331.562866 -52.749149 -94.975563
v 296.795380 -54.739346 -103.720108
v 286.106812 -55.314789 -103.720108
v 308.207703 -51.083672 -100.849731
v 259.346771 -62.663628 -89.156883
v 259.109985 -38.743977 -89.160065
v 259.052582 -32.944275 -89.160843
v 259.075653 -35.677971 -88.863846
v 258.940918 -21.663631 -89.162346
v 259.016235 -33.300026 -86.195168
v 259.293030 -62.663628 -85.161018
v 259.054688 -38.586937 -85.164223
v 259.055023 -38.541203 -85.222389
v 259.054230 -38.538204 -85.164230
v 259.009369 -34.008293 -85.164833
v 258.999298 -32.988533 -85.164970
v 259.014160 -33.512669 -85.885826
v 258.996826 -32.738506 -85.165001
v 258.990997 -32.150951 -85.165077
v 259.004517 -32.766949 -85.717293
v 258.887177 -21.663631 -85.166473
v 257.796173 -33.812836 -85.181145
v 257.080109 -31.612659 -85.190781
v 258.596436 -32.699734 -85.170387
v 258.558105 -32.753078 -85.170898
v 258.665863 -32.749500 -85.169449
v 255.296967 -62.663628 -85.214752
v 255.059982 -38.723320 -85.217941
v 255.001907 -32.856728 -85.218727
v 256.114685 -32.834240 -85.203758
v 255.960327 -24.794451 -85.205841
v 254.919159 -24.497332 -85.219833
v 254.891113 -21.663631 -85.220215
v 255.960312 -21.663631 -85.205841
v 256.774078 -39.952179 -85.194893
v 256.261597 -38.630966 -85.201782
v 255.012207 -31.425987 -87.038338
v 255.090561 -39.800205 -86.699020
v 255.057144 -33.008316 -89.214569
v 255.104813 -37.822762 -89.213928
v 254.944855 -21.663631 -89.216080
v 254.935989 -22.496984 -87.943321
v 255.350708 -62.663628 -89.210617
v 254.928024 -21.663631 -87.964600
v 255.572220 -33.377579 -89.207642
v 255.564178 -33.060150 -89.207748
v 255.711105 -38.856876 -89.205772
v 255.676224 -37.480698 -89.206245
v 258.738525 -35.647537 -89.165062
v 282.105255 -58.701454 -103.720108
v 281.534180 -62.663628 -92.664894
v 285.525085 -62.663628 -92.458748
v 286.106812 -58.627571 -103.720108
v 286.106812 -54.383076 -103.720108
v 285.495483 -60.187119 -91.885262
v 285.495483 -58.624672 -91.885262
v 285.184143 -60.784725 -85.858307
v 285.279602 -60.122414 -87.706284
v 285.279602 -60.507256 -87.706291
v 285.317047 -62.663628 -88.431473
v 285.353668 -59.608467 -89.140289
v 285.353668 -60.397400 -89.140289
v 284.913330 -62.663628 -80.615814
v 285.045135 -61.749214 -83.167206
v 285.045135 -62.663628 -83.167206
v 285.353668 -62.663628 -89.140289
v 281.568604 -58.180405 -93.330994
v 282.105255 -54.456955 -103.720108
v 282.899719 -59.853161 -88.582474
v 282.851227 -59.837227 -88.629547
v 281.708069 -60.688019 -86.308411
v 282.345032 -59.883507 -88.526237
v 281.398590 -59.359970 -90.039780
v 282.873505 -61.947735 -82.723984
v 280.922424 -62.663628 -80.821960
v 281.129456 -62.663628 -80.811264
v 280.934509 -62.579819 -81.055801
v 282.557037 -60.711636 -86.198479
v 281.443085 -62.663628 -80.795067
v 281.568604 -59.107838 -93.331001
v 280.944092 -62.663628 -81.240997
v 302.876831 -30.447803 -60.827255
v 305.100342 -41.605942 -70.002434
v 309.296570 -62.663628 -87.317871
v 308.368073 -58.004200 -83.486488
v 307.356110 -52.925949 -79.310715
v 306.028870 -46.265388 -73.833832
v 306.988739 -31.592415 -60.827251
v 309.956299 -46.484299 -73.072647
v 309.027771 -41.824856 -69.241249
v 311.474121 -58.343185 -83.028893
v 313.180359 -62.663628 -86.376678
v 312.619751 -58.604965 -84.063255
v 310.026367 -46.309284 -73.361778
v 314.413269 -62.663628 -91.464111
v 314.000854 -62.663628 -89.762444
v 314.143250 -62.663628 -90.349960
v 313.736908 -59.269569 -88.673225
v 312.619751 -53.663284 -84.063255
v 309.476593 -40.703835 -71.093277
v 314.000854 -60.594177 -89.762436
v 306.988739 -25.405472 -60.827255
v 314.125122 -61.217720 -90.275162
v 311.567291 -52.278793 -83.112999
v 308.932831 -39.717636 -72.815971
v 313.885620 -61.071384 -90.205811
v 308.932434 -44.325302 -76.827400
v 302.876831 -24.260853 -60.827255
v 305.923523 -39.549896 -73.399223
v 310.529419 -62.663628 -92.405319
v 309.766754 -58.836273 -89.258141
v 308.390930 -51.932133 -83.580963
v 306.852020 -44.209339 -77.230614
v 307.356110 -51.316509 -79.310715
v 153.409637 -48.182510 -60.827240
v 157.182953 -21.663631 -75.031120
v 157.544464 -46.266895 -60.827240
v 161.045227 -21.663631 -74.005096
v 157.544479 -38.022648 -60.827248
v 159.872177 -21.663630 -69.589363
v 153.409637 -39.938286 -60.827244
v 156.009903 -21.663630 -70.615402
v 167.650177 -57.736916 -83.030495
v 165.085876 -62.663628 -82.811821
v 171.518494 -50.304790 -83.360374
v 186.425873 -21.663631 -84.631638
v 171.993744 -48.739319 -87.411644
v 186.086304 -21.663631 -88.613419
v 171.094955 -50.466156 -87.334991
v 164.746338 -62.663628 -86.793602
v 184.620239 -22.302790 -88.488396
v 184.641907 -21.663631 -88.490242
v 185.325409 -21.663631 -88.548531
v 160.253998 -62.663628 -86.410507
v 166.104385 -51.423439 -86.909409
v 166.104385 -52.027328 -86.909409
v 171.993759 -40.108330 -87.411636
v 181.593994 -21.663631 -88.230316
v 171.892792 -40.440910 -86.550964
v 160.593567 -62.663628 -82.428726
v 165.629135 -52.988914 -82.858139
v 169.179840 -46.167011 -83.160934
v 181.933548 -21.663631 -84.248543
v 171.518509 -45.435429 -83.360374
v 165.629135 -58.369148 -82.858147
v 131.562851 -57.245041 -88.323433
v 140.667801 -54.782837 -85.388397
v 145.258606 -53.670013 -85.537476
v 138.970154 -55.241924 -85.935638
v 216.860260 -34.178543 -60.827248
v 131.562851 -57.576607 -92.522141
v 138.779144 -55.625145 -90.195923
v 145.141708 -53.904556 -88.144905
v 229.885269 -30.987835 -60.827248
v 131.562851 -53.450138 -92.522141
v 142.786118 -50.415096 -88.904251
v 139.374542 -51.337666 -90.003990
v 143.665131 -50.177383 -88.620888
v 143.493439 -50.645554 -88.676239
v 145.737106 -49.617073 -87.952980
v 229.885284 -26.861361 -60.827251
v 145.844543 -49.401512 -85.556503
v 139.506317 -51.073311 -87.065117
v 131.562851 -53.118576 -88.323425
v 138.031601 -51.369270 -86.238182
v 139.565552 -50.954453 -85.743698
v 142.049332 -50.321487 -85.433258
v 140.667770 -50.656387 -85.388390
v 216.860199 -30.052099 -60.827251
v 141.835739 -50.340538 -85.011887
v 141.092712 -52.366611 -85.251411
v 139.444031 -51.829460 -85.782867
v 140.667786 -52.228165 -85.388390
v 219.571838 -35.999767 -103.720108
v 228.964676 -53.219360 -77.142715
v 226.961197 -53.572353 -75.821785
v 219.596039 -36.044132 -103.651642
v 218.229294 -35.726486 -103.720108
v 218.567535 -35.795338 -103.720108
v 230.952744 -56.864025 -71.517403
v 234.116287 -62.663628 -62.566071
v 215.333389 -35.137024 -103.720108
v 228.536789 -57.289696 -69.924515
v 230.348434 -62.663628 -61.234467
v 216.014664 -36.385990 -101.792404
v 230.492355 -62.663628 -60.827240
v 215.333389 -30.454144 -103.720116
v 215.693649 -32.486103 -102.700745
v 215.333389 -32.185757 -103.720116
v 230.492355 -58.244591 -60.827240
v 219.571838 -31.316898 -103.720108
v 234.730804 -59.107346 -60.827240
v 230.735321 -52.219463 -71.374039
v 230.952744 -52.181152 -71.517395
v 229.904770 -50.259926 -74.482697
v 219.596039 -31.807358 -103.651634
v 228.964676 -48.951946 -77.142715
v 219.571838 -31.818932 -103.720108
v 234.730804 -62.663628 -60.827240
v 237.242111 -21.663633 -98.224884
v 235.561081 -41.290619 -97.265533
v 235.285019 -44.513626 -97.107994
v 233.730484 -62.663628 -96.220840
v 239.222855 -21.663633 -94.754074
v 235.711243 -62.663628 -92.750031
v 237.105026 -46.390476 -93.545448
v 237.633011 -40.225983 -93.846764
v 239.677689 -34.523689 -95.013626
v 239.198883 -62.663628 -94.740379
v 242.710510 -21.663633 -96.744423
v 241.801086 -32.281574 -96.225426
v 241.438217 -36.518162 -96.018341
v 240.244537 -43.414589 -95.337128
v 237.218155 -62.663628 -98.211189
v 239.376877 -37.459396 -99.443146
v 239.962585 -30.620874 -99.777405
v 240.729767 -21.663633 -100.215225
v 236.926483 -42.957733 -98.044746
v 236.535080 -34.240005 -97.821381
v 263.008209 -62.663628 -76.920181
v 264.056458 -46.436775 -75.577782
v 264.024353 -46.934082 -75.618919
v 264.238556 -46.718281 -75.757454
v 263.635803 -52.948380 -76.116470
v 264.784027 -35.174599 -74.646088
v 264.582306 -38.296959 -74.904396
v 265.656830 -21.663631 -73.528358
v 264.174957 -44.602402 -75.426025
v 266.361267 -40.817627 -76.629250
v 267.076538 -48.443314 -78.203323
v 268.027466 -33.722897 -76.985542
v 268.806519 -21.663631 -75.987915
v 267.662018 -39.379986 -77.453537
v 267.181732 -32.524548 -76.165527
v 266.157867 -62.663628 -79.379738
v 266.537354 -56.789291 -78.893768
v 269.312408 -49.380997 -75.340088
v 269.312408 -52.114887 -75.340088
v 270.073822 -40.328636 -74.365044
v 270.530518 -33.258804 -73.780174
v 271.279602 -21.663631 -72.820938
v 268.630951 -62.663628 -76.212761
v 268.945190 -57.799088 -75.810326
v 267.749695 -56.216537 -74.666008
v 269.384460 -41.090534 -73.928200
v 270.204926 -32.797455 -73.464478
v 265.481262 -62.663628 -73.753204
v 266.419830 -48.135094 -72.551300
v 267.085358 -37.832867 -71.699020
v 266.566040 -45.871559 -72.364044
v 267.394836 -47.152863 -73.181862
v 267.195801 -36.123249 -71.557587
v 268.129913 -21.663630 -70.361382
v 265.519623 -45.166325 -73.704071
v 265.519623 -53.738415 -73.704071
v 265.519623 -46.107239 -73.704071
v 265.519623 -47.683769 -73.704071
v 314.914886 -59.142006 -86.246269
v 314.873322 -62.663628 -86.406166
v 315.089142 -59.169239 -86.292885
v 314.938202 -57.167061 -86.156593
v 315.579895 -56.963684 -86.313538
v 315.514435 -52.233482 -86.067238
v 315.052917 -47.445564 -85.715187
v 315.074432 -45.622700 -85.632423
v 315.357208 -21.663631 -84.544556
v 318.177277 -50.997921 -86.699532
v 318.797119 -57.909245 -87.195663
v 318.852539 -53.214569 -86.982498
v 318.974365 -42.892036 -86.513802
v 319.224915 -21.663631 -85.549919
v 318.740997 -62.663628 -87.411537
v 318.887085 -50.286160 -86.849533
v 318.422882 -42.265026 -86.340057
v 318.282349 -59.898911 -89.176033
v 318.282349 -58.912949 -89.176033
v 318.282349 -53.813229 -89.176033
v 318.282349 -54.326305 -89.176033
v 317.734528 -62.663628 -91.283485
v 317.765259 -60.059914 -91.165260
v 317.837341 -53.951782 -90.887917
v 317.822327 -55.223186 -90.945648
v 317.905792 -48.152554 -90.624603
v 318.218414 -21.663631 -89.421867
v 317.766907 -59.917870 -91.158813
v 317.976746 -42.141579 -90.351669
v 316.730927 -54.902420 -90.646400
v 316.540894 -49.521206 -90.336151
v 316.786499 -40.788311 -89.976685
v 316.796387 -59.632618 -90.892700
v 313.866821 -62.663628 -90.278107
v 313.904663 -59.456551 -90.132492
v 313.976776 -53.348415 -89.855148
v 314.055298 -46.695099 -89.553055
v 314.093140 -43.489105 -89.407486
v 314.350708 -21.663631 -88.416489
v 314.938171 -53.049065 -86.156593
v 143.296295 -62.663628 -74.304169
v 147.154404 -57.831848 -71.981133
v 178.500259 -21.663630 -67.662285
v 164.831757 -37.582531 -70.241104
v 169.022186 -32.702179 -69.450500
v 142.555389 -62.663628 -70.377220
v 153.251541 -50.206444 -68.359192
v 162.554535 -39.824970 -68.739853
v 153.405502 -50.446835 -70.308159
v 146.962036 -57.531467 -69.545822
v 168.775574 -32.343216 -66.451614
v 167.571075 -33.529324 -65.657547
v 162.381592 -39.573219 -66.636642
v 177.759369 -21.663630 -63.735336
v 168.573212 -33.746979 -65.468475
v 147.770248 -62.663628 -69.393341
v 152.747025 -56.867477 -68.454376
v 146.573303 -62.663628 -69.619164
v 162.131317 -42.760609 -66.683861
v 164.430817 -43.260048 -66.250015
v 168.167999 -38.907574 -65.544930
v 179.112320 -26.161373 -63.480080
v 181.618134 -23.242996 -63.007313
v 179.112320 -23.450592 -63.480080
v 182.974228 -21.663630 -62.751457
v 148.511139 -62.663628 -73.320290
v 148.365540 -62.663628 -72.548477
v 152.973022 -57.220352 -71.315376
v 168.443527 -39.308609 -68.895386
v 178.053802 -27.779589 -65.496277
v 181.949326 -23.648380 -66.673347
v 178.253677 -28.024248 -67.708809
v 181.752243 -23.949677 -67.048744
v 183.715118 -21.663630 -66.678406
v 168.575165 -38.395569 -69.534843
v 176.742523 -28.149441 -67.993919
v 181.752243 -23.703970 -67.048744
v 176.742523 -24.119007 -67.993919
v 133.952728 -21.663633 -95.655205
v 161.318604 -29.058323 -102.445587
v 161.532410 -29.193245 -103.720108
v 162.955399 -29.500610 -102.851730
v 162.499496 -29.439411 -103.720108
v 166.455048 -30.446270 -103.720108
v 132.990311 -21.663633 -99.533813
v 149.861481 -26.222486 -103.720108
v 131.562851 -21.663633 -99.179611
v 131.562851 -25.409286 -99.179611
v 149.861481 -30.353870 -103.720108
v 157.985992 -32.421909 -103.720108
v 166.455048 -34.577660 -103.720108
v 131.562851 -25.149235 -95.062195
v 158.962097 -32.552948 -101.860863
v 160.984711 -33.099487 -102.362740
v 161.212433 -33.243179 -103.720108
v 162.955414 -33.036148 -102.851730
v 131.562851 -21.663633 -95.062195
v 158.962097 -29.134060 -101.860863
v 202.194809 -31.875107 -103.720108
v 206.105927 -21.663631 -80.514351
v 198.142212 -32.167366 -103.720108
v 202.165283 -21.663631 -79.850182
v 198.142212 -36.523598 -103.720108
v 203.833771 -21.663630 -69.950569
v 202.194809 -36.231346 -103.720108
v 207.774429 -21.663630 -70.614723
v 259.447327 -53.407413 -97.216827
v 259.659302 -53.451260 -97.300461
v 259.690948 -53.474373 -97.127136
v 275.756073 -57.795731 -92.267853
v 282.800171 -59.825798 -88.619125
v 288.686218 -61.443550 -86.452087
v 293.125397 -62.663628 -84.817734
v 241.783325 -48.552559 -103.720108
v 253.350006 -51.352123 -103.720108
v 271.774872 -56.629292 -94.544174
v 277.166077 -57.897835 -94.951851
v 288.154114 -61.024281 -89.711845
v 294.506073 -62.663628 -88.567871
v 272.828064 -56.705555 -96.548958
v 253.350006 -47.225121 -103.720108
v 276.085907 -53.473942 -95.349548
v 280.423920 -54.666222 -93.752441
v 309.521912 -62.663628 -83.039574
v 264.076508 -50.238060 -99.043472
v 289.332275 -57.161003 -89.952309
v 241.783279 -44.425545 -103.720108
v 259.447327 -49.280403 -97.216820
v 278.745941 -54.544720 -90.558357
v 274.764740 -53.378273 -92.834679
v 283.568756 -55.870842 -88.775993
v 283.645142 -55.931030 -88.308029
v 289.981506 -57.672539 -85.975197
v 308.141205 -62.663628 -79.289429
v 264.768311 -50.742847 -95.257820
v 282.800171 -58.391071 -88.619125
v 266.225250 -62.663628 -97.717239
v 290.681580 -36.344620 -84.317589
v 303.931824 -21.663631 -76.158012
v 268.208801 -62.663628 -101.186447
v 288.111877 -40.973728 -89.703224
v 288.245117 -40.877277 -89.730423
v 305.915405 -21.663631 -79.627213
v 295.862640 -32.594429 -85.375015
v 273.262756 -62.663628 -98.296776
v 295.862640 -38.089821 -85.375008
v 288.245117 -46.372669 -89.730423
v 310.969360 -21.663631 -76.737541
v 285.961212 -48.025818 -89.264290
v 271.279205 -62.663628 -94.827568
v 308.985779 -21.663631 -73.268333
v 287.819000 -44.679199 -85.370720
v 289.929413 -42.384460 -84.164070
v 289.929413 -38.811016 -84.164070
v 294.918335 -25.437878 -98.370888
v 296.746674 -25.859375 -97.475815
v 295.862244 -21.663633 -96.001099
v 300.491547 -43.625107 -103.720116
v 297.952301 -31.578873 -99.486107
v 292.435089 -21.663633 -98.056435
v 295.444580 -31.000772 -100.713760
v 295.831726 -37.777443 -103.720116
v 294.956360 -30.115295 -102.260513
v 294.127075 -24.002785 -100.877708
v 295.831726 -27.239628 -103.720116
v 294.964966 -23.127729 -102.274872
v 294.656372 -21.663633 -101.760269
v 295.831726 -29.201122 -103.720116
v 297.324799 -29.113308 -103.720116
v 298.083527 -21.663633 -99.704918
v 300.491547 -33.087337 -103.720116
v 299.772827 -29.677654 -102.521683
v 298.567200 -23.958160 -100.511398
v 148.763031 -62.663628 -77.707039
v 148.195068 -21.663631 -77.155556
v 150.978973 -21.663631 -74.288551
v 151.546936 -62.663628 -74.840027
v 154.414474 -62.663628 -77.624443
v 153.846512 -21.663631 -77.072960
v 151.630569 -62.663628 -80.491455
v 151.062607 -21.663631 -79.939972
v 162.499496 -29.134304 -103.720108
v 185.018570 -22.782684 -60.827251
v 157.985992 -29.409380 -103.720108
v 180.505066 -23.057760 -60.827251
v 157.985992 -33.439816 -103.720108
v 180.505066 -27.088194 -60.827248
v 162.499496 -33.164738 -103.720108
v 185.018585 -26.813114 -60.827248
v 168.263275 -31.539036 -92.741653
v 166.800995 -31.640446 -92.847527
v 167.057892 -31.879017 -95.037575
v 167.057907 -28.212193 -95.037552
v 143.467957 -21.663631 -89.519997
v 165.726578 -21.663633 -103.720116
v 146.363342 -21.663631 -91.367149
v 143.300995 -22.903736 -89.413490
v 131.562851 -22.327242 -81.925018
v 131.562851 -21.663631 -81.925018
v 146.363342 -23.054134 -91.367142
v 165.726562 -24.005119 -103.720116
v 143.235504 -22.942692 -91.265572
v 131.562851 -22.432796 -86.665222
v 158.296326 -23.745754 -103.720116
v 131.562851 -21.663631 -86.665222
v 158.296326 -21.663633 -103.720116
v 210.218704 -43.739483 -98.733757
v 211.353394 -62.258995 -97.325134
v 211.502274 -52.968723 -97.812340
v 211.658844 -43.198185 -98.324730
v 211.688141 -41.369827 -98.420609
v 212.003937 -21.663633 -99.454056
v 211.346909 -62.663628 -97.303909
v 211.525345 -51.528801 -97.887848
v 207.535324 -62.026581 -98.505157
v 207.525116 -62.663628 -98.471756
v 209.068771 -55.878757 -98.389091
v 207.731018 -49.815437 -99.145538
v 209.548752 -52.271740 -98.449249
v 207.791687 -46.029335 -99.344093
v 208.182144 -21.663633 -100.621887
v 207.770264 -62.192673 -99.273994
v 207.770264 -62.663628 -99.273994
v 209.128891 -21.663633 -103.720116
v 209.128891 -35.570282 -103.720108
v 208.694717 -62.663628 -102.299271
v 208.721252 -56.836903 -102.386116
v 208.530777 -43.114937 -101.762787
v 208.784332 -57.071030 -102.592560
v 208.812515 -55.312572 -102.684776
v 209.341064 -48.581333 -102.909233
v 209.528809 -40.521965 -103.313980
v 212.629288 -55.625839 -101.500511
v 212.750748 -48.045666 -101.898033
v 211.514847 -49.523590 -102.190948
v 212.762787 -47.295227 -101.937393
v 212.936630 -36.446777 -102.506310
v 213.173523 -21.663633 -103.281570
v 211.738373 -21.663633 -103.720116
v 212.516495 -62.663628 -101.131439
v 211.156418 -47.899002 -102.393631
v 211.925735 -62.663628 -99.198151
v 211.701569 -52.182831 -98.464554
v 258.789764 -34.452133 -66.241478
v 253.087936 -21.663631 -81.479263
v 258.279907 -31.945702 -69.455322
v 260.078644 -37.342918 -62.797043
v 260.815704 -38.996094 -60.827248
v 256.830719 -21.663631 -82.879753
v 263.801147 -37.297436 -64.251732
v 261.398041 -31.907608 -70.673828
v 265.082550 -40.171474 -60.827248
v 254.564423 -21.663631 -88.936279
v 259.292603 -32.268375 -76.300491
v 261.695709 -37.658211 -69.878380
v 265.082550 -45.254490 -60.827248
v 257.438385 -32.291027 -75.575882
v 257.243225 -36.066456 -70.374474
v 250.821640 -21.663631 -87.535759
v 258.538055 -37.696785 -68.644409
v 260.815704 -44.079082 -60.827248
v 257.320709 -36.240204 -70.167450
v 257.480957 -36.233459 -70.236580
v 258.914124 -37.542461 -65.909142
v 257.320709 -36.055370 -70.167450
v 218.567459 -32.223125 -103.720108
v 244.690903 -21.663633 -101.980919
v 244.806686 -21.663633 -103.720116
v 255.514130 -21.663633 -103.720116
v 255.351105 -21.663633 -101.271210
v 218.567551 -36.532104 -103.720108
v 324.130737 -62.663628 -102.936432
v 323.707703 -62.025410 -101.876526
v 321.167114 -56.161591 -91.780724
v 323.847534 -62.042320 -101.870438
v 319.175873 -51.899082 -84.480286
v 319.219177 -51.887905 -84.448250
v 316.864227 -48.882660 -79.553802
v 317.745697 -48.655109 -78.901665
v 312.944061 -38.120552 -60.827248
v 321.180908 -62.663628 -103.720108
v 320.204071 -62.522346 -103.720108
v 318.454163 -58.683151 -97.133102
v 316.049713 -53.407845 -88.082115
v 317.023834 -53.525650 -88.039719
v 308.809204 -37.522514 -60.827248
v 320.204071 -62.663628 -103.720108
v 318.454193 -60.824944 -97.133102
v 315.727509 -53.229431 -86.869270
v 310.595093 -42.732430 -67.549736
v 318.177917 -62.663628 -96.093079
v 316.963623 -59.999588 -91.522316
v 309.859253 -44.412865 -64.779770
v 311.029419 -46.980213 -69.184639
v 315.727509 -57.287598 -86.869278
v 308.809204 -42.109161 -60.827248
v 311.565948 -44.493229 -64.473976
v 320.700775 -60.451538 -91.359657
v 322.040161 -62.663628 -95.067032
v 312.944061 -42.707184 -60.827248
v 321.167114 -60.558102 -91.780716
v 319.208466 -51.928486 -84.407883
v 317.527405 -49.481133 -78.079979
v 317.932434 -40.382244 -103.720116
v 331.562866 -35.669888 -97.733810
v 313.359497 -41.707569 -103.720108
v 307.994385 -43.262493 -103.720108
v 315.739807 -40.584717 -100.318420
v 315.788177 -40.817722 -102.259109
v 331.562866 -35.114319 -93.369156
v 309.390320 -42.779888 -103.107040
v 309.405579 -42.853497 -103.720108
v 316.888428 -41.810616 -99.813957
v 311.140137 -44.647434 -102.338531
v 307.994385 -47.454147 -103.720108
v 318.216614 -42.472584 -99.230652
v 318.216614 -43.920090 -99.230652
v 325.003357 -41.573753 -96.250000
v 331.562866 -39.305981 -93.369164
v 324.655518 -41.859543 -97.703270
v 316.962738 -44.854935 -103.720108
v 317.932434 -44.573902 -103.720108
v 331.562866 -39.861546 -97.733810
v 323.680084 -42.586800 -101.195816
v 323.680084 -42.553551 -101.195816
v 317.932434 -43.314766 -103.720108
v 229.932846 -33.644012 -103.720108
v 256.497559 -38.534142 -83.485649
v 256.981873 -36.085762 -79.553268
v 258.692932 -36.240223 -78.024536
v 259.053497 -37.736889 -79.758453
v 254.797882 -35.888611 -81.504547
v 256.845001 -36.777706 -80.664604
v 263.688904 -37.870747 -75.217339
v 263.918121 -36.711906 -73.356110
v 277.941193 -37.977791 -60.827248
v 236.039505 -38.080441 -103.720108
v 284.047852 -42.414219 -60.827248
v 255.965347 -38.752544 -87.356606
v 262.655212 -38.294930 -82.735542
v 242.447601 -34.176933 -103.720116
v 255.186615 -35.326904 -92.338493
v 262.122864 -35.953049 -86.141335
v 290.455963 -38.510715 -60.827248
v 262.321472 -34.949074 -84.528831
v 263.976227 -35.667763 -83.849876
v 258.766357 -33.405045 -85.987503
v 258.609680 -32.754681 -85.234047
v 255.641266 -33.028511 -88.647003
v 236.340942 -29.740505 -103.720116
v 258.362427 -31.728416 -84.045097
v 262.832581 -32.365124 -80.378708
v 263.130859 -32.158871 -79.784760
v 284.349304 -34.074284 -60.827251
v 256.231812 -32.786175 -84.351830
v 262.921692 -32.328568 -79.730766
v 262.925934 -32.347328 -79.703484
v 254.664642 -35.129089 -82.578438
v 257.291046 -32.713718 -83.620148
v 256.401337 -33.531944 -83.267258
v 137.782959 -62.663628 -91.088493
v 139.704712 -48.663902 -91.150902
v 140.207153 -45.003677 -91.167221
v 143.411072 -21.663631 -91.271271
v 140.588531 -42.548531 -89.812752
v 137.970917 -62.663628 -85.300812
v 139.422913 -52.085922 -85.347969
v 140.373199 -45.163235 -85.378830
v 143.599030 -21.663631 -85.483589
v 141.200867 -52.289078 -85.405708
v 145.440399 -21.663631 -85.543388
v 144.090515 -45.587990 -85.499542
v 145.440399 -28.489891 -85.543388
v 148.206360 -32.196014 -85.633202
v 149.652161 -21.663631 -85.680161
v 144.024048 -62.663628 -85.497383
v 149.640793 -21.663631 -86.030060
v 143.836090 -62.663628 -91.285065
v 145.815079 -48.247017 -91.349335
v 146.614655 -42.422188 -91.375305
v 149.464203 -21.663631 -91.467850
v 147.743164 -34.996082 -88.048134
v 146.495972 -43.863556 -88.931084
v 148.992981 -25.579777 -89.407570
v 145.356812 -49.309731 -91.334457
v 141.569000 -41.845650 -91.211449
v 147.606918 -21.663631 -87.899940
v 162.118225 -62.663628 -103.684059
v 151.869843 -21.663631 -83.980751
v 166.381165 -62.663628 -99.764877
v 161.798615 -62.663628 -94.780365
v 147.287292 -21.663631 -78.996246
v 143.024353 -21.663631 -82.915421
v 157.535675 -62.663628 -98.699547
v 164.476135 -62.663628 -73.029388
v 167.548645 -21.663633 -99.220886
v 170.227448 -62.663628 -72.354706
v 173.299942 -21.663633 -98.546211
v 173.906891 -21.663633 -103.720116
v 173.906891 -24.655823 -103.720108
v 171.058624 -62.663628 -79.440071
v 165.307312 -62.663628 -80.114761
v 168.076431 -25.711975 -103.720116
v 168.076431 -21.663633 -103.720116
v 208.960587 -62.663628 -101.115143
v 203.489990 -60.499161 -92.653412
v 206.963440 -61.348640 -95.116837
v 202.388916 -60.063515 -90.950310
v 188.204315 -54.451309 -69.010078
v 182.914017 -52.358181 -60.827240
v 187.814789 -54.297195 -68.407570
v 188.118286 -54.313744 -68.303101
v 209.464005 -60.938759 -91.228027
v 213.823547 -62.663628 -97.971207
v 207.360107 -60.106342 -87.973808
v 189.809555 -53.162380 -60.827240
v 205.260391 -59.592823 -86.484657
v 198.147980 -62.598381 -73.724792
v 198.312881 -62.663628 -73.979858
v 206.366165 -62.663628 -86.436409
v 196.389679 -60.019630 -71.005127
v 196.265503 -61.853577 -70.813065
v 189.809570 -59.299248 -60.827240
v 208.798599 -62.663628 -90.198814
v 195.593018 -62.097008 -72.597275
v 187.208588 -58.995907 -60.827240
v 193.449936 -62.663628 -77.123795
v 182.914032 -58.495049 -60.827240
v 187.868561 -60.455330 -68.490723
v 188.130157 -60.469597 -68.400673
v 188.204315 -60.318050 -69.010063
v 182.914032 -56.300934 -60.827240
v 201.385880 -62.663628 -89.398842
v 202.648727 -62.663628 -91.352173
v 240.797287 -21.663631 -84.944183
v 223.019089 -62.663628 -73.222679
v 226.206573 -62.663628 -68.388161
v 243.984772 -21.663631 -80.109657
v 244.460388 -21.663631 -80.423241
v 231.851135 -62.663628 -72.109726
v 245.018906 -27.022753 -80.791481
v 249.629349 -21.663631 -83.831223
v 248.034363 -25.341997 -82.779617
v 246.441864 -21.663631 -88.665741
v 247.195587 -21.663631 -87.522568
v 228.663651 -62.663628 -76.944244
v 244.892059 -21.663631 -87.643929
v 243.937775 -22.195532 -87.014755
v 243.882339 -21.663631 -86.978203
v 188.454590 -45.624573 -103.720108
v 181.375137 -56.346825 -60.827240
v 186.594574 -45.680035 -103.720108
v 192.190521 -45.991413 -101.768524
v 191.195312 -46.306549 -100.603653
v 192.428009 -45.506084 -103.720108
v 187.208588 -56.172874 -60.827240
v 192.428024 -51.686203 -103.720108
v 187.208588 -62.352989 -60.827240
v 192.428009 -47.839523 -103.720108
v 186.594559 -51.860161 -103.720108
v 181.375137 -62.526947 -60.827236
v 275.928284 -34.372299 -103.720116
v 237.035812 -62.663628 -88.373352
v 291.704590 -24.442352 -103.720116
v 239.161316 -62.663628 -82.986816
v 249.120422 -62.663628 -86.916626
v 277.102386 -37.455761 -97.958168
v 276.617950 -42.661243 -97.767014
v 281.618958 -39.023396 -99.740379
v 291.704559 -31.686859 -103.720116
v 275.928253 -41.616814 -103.720108
v 276.324585 -41.508976 -103.149872
v 246.994934 -62.663628 -92.303169
v 278.971863 -62.663628 -85.813202
v 256.186432 -37.343601 -75.984665
v 252.377579 -33.111080 -74.341721
v 251.476532 -32.109798 -73.953049
v 252.366394 -32.647163 -73.219734
v 255.040527 -34.832726 -72.428268
v 257.836884 -37.984528 -73.744331
v 242.076050 -21.663630 -69.898132
v 246.538818 -26.622835 -71.823158
v 281.265411 -62.663628 -80.496040
v 258.890350 -37.799625 -70.844521
v 258.255219 -37.093849 -70.570557
v 252.613632 -30.824697 -68.137047
v 251.562210 -29.656326 -67.683517
v 244.369598 -21.663630 -64.580971
v 253.205063 -36.391777 -68.392159
v 262.275330 -42.499168 -72.304634
v 258.272217 -37.805874 -70.577888
v 266.327728 -47.005936 -74.052643
v 246.842056 -31.444891 -65.647469
v 247.027359 -33.189110 -65.727394
v 250.747452 -37.323017 -67.332062
v 258.360504 -45.782936 -70.615974
v 236.655594 -21.663630 -61.253521
v 262.414734 -50.288155 -72.364777
v 273.551422 -62.663628 -77.168594
v 247.571548 -35.405174 -69.949249
v 249.977646 -36.960766 -68.220352
v 271.257843 -62.663628 -82.485756
v 258.576050 -48.571121 -77.015427
v 251.397751 -40.594349 -73.919067
v 251.735596 -40.812771 -73.676315
v 254.521805 -44.065907 -75.266632
v 246.790680 -34.933636 -70.592735
v 245.911484 -34.497795 -71.552551
v 245.804092 -34.262478 -71.219254
v 234.362045 -21.663630 -66.570679
v 246.794830 -34.903019 -70.507347
v 246.521927 -33.960754 -71.815872
v 246.574280 -33.967369 -71.838448
v 246.572784 -33.953373 -71.837807
v 252.707336 -40.404324 -74.483955
v 258.868958 -48.325432 -77.141777
v 246.635056 -33.944340 -71.864670
v 245.822830 -26.894138 -71.514313
v 257.219513 -41.803043 -76.430298
v 261.271912 -46.309811 -78.178299
v 294.000824 -21.663631 -90.905136
v 281.497162 -62.663628 -88.353195
v 281.644012 -62.182167 -88.383156
v 295.158813 -21.663631 -85.231369
v 282.655151 -62.663628 -82.679428
v 283.919861 -58.516663 -82.937546
v 288.812164 -62.663628 -83.936035
v 287.659058 -59.523651 -83.700699
v 287.290741 -62.663628 -83.625526
v 301.315796 -21.663631 -86.487976
v 297.901764 -30.848825 -88.919052
v 297.345917 -30.883953 -91.587860
v 297.855591 -29.212692 -91.691879
v 300.157806 -21.663631 -92.161751
v 287.654175 -62.663628 -89.609810
v 297.076721 -29.352455 -91.532913
v 283.431793 -62.663628 -88.748039
v 316.962738 -43.364689 -103.720108
v 331.562866 -34.706493 -60.827255
v 328.942291 -34.841408 -60.827255
v 322.975098 -43.055157 -103.720116
v 331.562866 -36.945076 -72.971527
v 322.975067 -49.164059 -103.720108
v 331.562866 -43.053967 -72.971481
v 331.562866 -40.815388 -60.827251
v 320.990601 -46.607826 -89.298363
v 321.983032 -46.408096 -88.491997
v 316.962738 -49.473587 -103.720108
v 321.813416 -46.022392 -86.352196
v 328.942261 -40.950302 -60.827251
v 319.960388 -44.582832 -92.986977
v 300.802307 -54.804329 -103.720108
v 290.449707 -62.663628 -98.754402
v 314.191956 -46.540680 -103.720108
v 292.954041 -62.663628 -93.533226
v 302.531738 -62.663628 -98.127213
v 314.191956 -53.811665 -103.720108
v 300.027344 -62.663628 -103.348389
v 300.802307 -62.075306 -103.720108
v 325.749573 -56.406300 -103.720108
v 283.220459 -46.688099 -65.320442
v 285.067444 -47.110146 -66.988083
v 288.954102 -47.602547 -67.015633
v 283.252472 -46.181435 -60.827248
v 278.244080 -45.550961 -60.827248
v 331.562866 -57.138100 -103.720108
v 331.562866 -56.847919 -101.167061
v 288.984680 -47.118507 -62.723076
v 286.884979 -46.638710 -60.827248
v 286.884979 -50.314144 -60.827248
v 286.884979 -52.724388 -60.827248
v 288.464050 -51.538212 -62.252991
v 330.381409 -62.663628 -100.100319
v 331.562866 -62.663628 -101.167061
v 288.267395 -53.348434 -64.786629
v 327.113098 -62.663628 -103.720108
v 325.749542 -62.491982 -103.720108
v 288.231354 -53.918812 -69.844788
v 282.584656 -52.628498 -64.746361
v 278.244080 -51.636650 -60.827248
v 280.281036 -48.927139 -62.666428
v 282.526031 -52.583073 -64.693451
v 278.244080 -51.387688 -60.827248
v 288.701569 -49.927261 -70.269356
v 278.244080 -45.911430 -60.827248
v 210.293121 -43.328896 -98.379684
v 209.638840 -46.938534 -101.492531
v 209.170624 -49.521614 -103.720108
v 214.220245 -21.663631 -79.696152
v 208.440857 -58.383789 -103.720108
v 209.355499 -53.337852 -99.368637
v 215.096863 -21.663631 -72.053665
v 210.445068 -47.326927 -94.184982
v 210.505325 -45.965931 -94.636688
v 209.911346 -53.689648 -99.698685
v 214.455338 -49.864994 -96.566177
v 214.525162 -58.082794 -103.720108
v 221.126602 -21.663631 -72.313225
v 215.254929 -49.220634 -103.720108
v 216.080414 -45.642883 -99.091972
v 216.026001 -44.966747 -100.051674
v 216.137604 -44.351059 -99.520721
v 220.250000 -21.663631 -79.955711
v 211.947449 -48.399643 -102.863327
v 212.108383 -41.800999 -97.128281
v 236.755722 -21.663633 -103.720116
v 234.345490 -25.657360 -103.720116
v 231.527817 -21.663633 -96.182159
v 229.165985 -21.663633 -103.720116
v 146.311707 -62.663628 -66.662949
v 148.817383 -23.418682 -60.827248
v 152.091278 -62.663628 -66.088135
v 152.427368 -25.940853 -60.827248
v 154.350159 -27.284279 -60.827248
v 154.782990 -21.663630 -60.827251
v 152.625488 -62.663628 -72.124786
v 155.243225 -21.663630 -66.028114
v 146.845917 -62.663628 -72.699615
v 149.463654 -21.663630 -66.602936
v 148.952545 -21.663630 -60.827251
v 150.337341 -35.559731 -103.720108
v 131.562851 -49.018913 -76.937012
v 131.562851 -49.556419 -76.035446
v 156.862823 -36.431698 -103.720108
v 131.562851 -54.568901 -67.627975
v 154.038940 -43.085629 -103.720108
v 131.562851 -59.198433 -71.656433
v 147.513443 -42.213661 -103.720108
v 131.562851 -53.648422 -80.965508
v 131.562851 -54.862770 -78.928673
v 190.612686 -37.801796 -103.720108
v 188.428070 -21.663631 -86.518066
v 195.256134 -43.139832 -103.720108
v 192.348923 -21.663631 -80.828117
v 191.591095 -49.230267 -103.720108
v 187.859421 -21.663631 -74.336182
v 183.938599 -21.663631 -80.026138
v 186.947662 -43.892220 -103.720108
v 170.036194 -43.888725 -103.720108
v 180.266190 -21.663633 -93.321274
v 169.635864 -54.857025 -103.720108
v 184.914429 -21.663631 -88.189339
v 178.042297 -46.413750 -103.720108
v 189.434509 -21.663631 -92.139847
v 178.442642 -35.445454 -103.720108
v 184.786285 -21.663633 -97.271774
v 164.500717 -21.663631 -74.137222
v 161.760834 -40.668213 -60.827248
v 170.315247 -21.663631 -73.931129
v 167.617798 -40.373940 -60.827248
v 170.987396 -21.663631 -81.253166
v 166.782684 -50.828667 -60.827240
v 160.925720 -51.122948 -60.827240
v 165.172852 -21.663631 -81.459267
v 195.375732 -62.663628 -73.031540
v 201.482346 -46.739899 -60.827244
v 197.962036 -62.663628 -65.896835
v 200.498688 -56.048996 -60.827240
v 203.802689 -62.663628 -67.477036
v 207.130020 -53.987213 -60.827240
v 201.216385 -62.663628 -74.611725
v 208.113678 -44.678135 -60.827248
v 293.229858 -22.375572 -103.720116
v 307.270508 -46.378269 -61.712025
v 306.480438 -46.407654 -61.740921
v 306.768860 -46.930714 -60.827248
v 307.200897 -46.905304 -60.827248
v 299.178070 -22.025753 -103.720123
v 312.717041 -46.580894 -60.827248
v 300.443848 -28.929865 -103.720116
v 313.982819 -53.485008 -60.827248
v 294.495636 -29.279705 -103.720116
v 308.034607 -53.834843 -60.827248
v 306.909058 -49.383018 -62.295624
v 307.026825 -48.337799 -60.827248
v 246.619324 -33.919815 -71.896820
v 275.778351 -21.663633 -96.131790
v 233.300644 -39.517952 -60.827248
v 246.569809 -33.940628 -71.855667
v 286.371460 -21.663633 -98.468399
v 261.136475 -32.270462 -77.494804
v 257.615295 -33.750492 -74.568245
v 257.305725 -32.345474 -76.540863
v 248.867828 -37.427250 -67.297943
v 247.517761 -37.994713 -66.175858
v 241.082413 -40.699631 -60.827248
v 290.759277 -21.663633 -103.720116
v 262.927673 -32.326103 -79.687088
v 247.524261 -38.209007 -66.370117
v 287.883667 -25.618927 -103.720116
v 262.606659 -36.243423 -82.711586
v 257.248505 -38.225971 -78.023682
v 257.845764 -38.244526 -78.754669
v 236.275864 -47.310837 -60.827248
v 257.171112 -38.257736 -78.586670
v 280.101868 -24.437256 -103.720116
v 261.841705 -32.771751 -87.585762
v 260.196411 -32.803970 -87.176048
v 256.327728 -34.430058 -83.960678
v 228.494080 -46.129162 -60.827248
v 282.118378 -21.663633 -103.720116
v 256.470490 -32.688229 -82.615845
v 246.570038 -33.948490 -71.862793
v 253.568893 -33.878948 -103.720116
v 259.466156 -31.458897 -60.827251
v 253.715561 -39.675785 -103.720108
v 259.612823 -37.255737 -60.827248
v 259.770111 -39.478897 -103.720116
v 265.667358 -37.058846 -60.827248
v 259.623413 -33.682064 -103.720116
v 265.520691 -31.262014 -60.827251
v 281.430969 -62.663628 -78.802437
v 282.826111 -49.820755 -60.827248
v 287.255432 -62.663628 -77.824387
v 288.574707 -50.519547 -60.827248
v 287.317963 -62.663628 -88.095482
v 289.434418 -43.181084 -60.827248
v 281.493469 -62.663628 -89.073517
v 283.685822 -42.482300 -60.827248
v 325.419281 -21.663630 -60.827255
v 325.019196 -22.283306 -60.827255
v 325.425781 -21.663630 -61.020527
v 323.786285 -21.663630 -60.827255
v 305.285919 -62.663628 -60.827240
v 305.802002 -58.416851 -60.827244
v 305.311462 -62.663628 -64.875061
v 305.924622 -57.407791 -60.827244
v 307.818512 -41.822865 -60.827248
v 299.479126 -62.663628 -65.047020
v 302.092651 -40.937508 -60.827251
v 299.452484 -62.663628 -60.827244
v 244.651382 -21.663631 -78.257507
v 247.679443 -35.183800 -60.827248
v 243.818649 -21.663631 -87.700478
v 248.487198 -42.508453 -60.827248
v 249.906448 -21.663631 -87.379745
v 254.519287 -42.259674 -60.827248
v 250.739166 -21.663631 -77.936775
v 253.711517 -34.935017 -60.827251
v 204.078445 -62.663628 -84.647606
v 216.349503 -30.782124 -103.720116
v 209.529190 -62.663628 -88.909637
v 219.058105 -37.906517 -103.720108
v 217.176010 -40.755180 -103.402283
v 216.945511 -40.824787 -103.720108
v 217.176010 -40.506378 -103.720108
v 212.498703 -46.967457 -103.720108
v 206.457306 -62.663628 -94.330170
v 201.006577 -62.663628 -90.068146
v 209.790100 -39.843082 -103.720108
v 305.990021 -39.069515 -103.720108
v 325.290680 -56.486900 -60.827248
v 310.518463 -44.086422 -103.720108
v 329.819122 -61.503807 -60.827244
v 315.130768 -40.224457 -103.720116
v 331.562866 -60.043755 -60.827244
v 331.562866 -55.053169 -67.202240
v 310.602325 -35.207554 -103.720116
v 331.562866 -54.463852 -60.827248
v 329.902985 -52.624939 -60.827248
v 280.863831 -21.663630 -67.984344
v 275.510132 -49.562927 -103.720108
v 281.323059 -49.777084 -103.720108
v 286.717865 -21.663630 -67.710022
v 282.052094 -42.168343 -103.720108
v 285.986847 -21.663631 -77.455948
v 276.239166 -41.954170 -103.720108
v 280.132812 -21.663631 -77.730278
v 216.786530 -40.701553 -103.720108
v 269.349823 -47.938900 -60.827248
v 222.981018 -45.503265 -103.720108
v 275.544312 -52.740608 -60.827244
v 229.971573 -42.000122 -103.720108
v 282.534851 -49.237469 -60.827248
v 223.777069 -37.198414 -103.720108
v 276.340363 -44.435757 -60.827248
vn 0.1291 0.1530 -0.9798
vn 0.9914 -0.0000 0.1306
vn -0.1291 -0.1530 0.9798
vn -0.9914 -0.0000 -0.1306
vn -0.9914 -0.0001 -0.1306
vn -0.1263 0.9320 -0.3398
vn 0.9373 -0.0000 -0.3484
vn 0.1263 -0.9320 0.3398
vn -0.9373 -0.0000 0.3484
vn 0.0266 0.9958 -0.0875
vn 0.9569 -0.0000 0.2905
vn -0.0266 -0.9958 0.0875
vn -0.9569 -0.0000 -0.2905
vn 0.0078 0.9996 0.0262
vn 0.9579 -0.0000 -0.2870
vn 0.9579 -0.0008 -0.2870
vn -0.0078 -0.9996 -0.0262
vn -0.9579 -0.0000 0.2870
vn 0.0973 -0.4956 0.8631
vn 0.9937 -0.0000 -0.1121
vn 0.9937 -0.0000 -0.1120
vn -0.0973 0.4956 -0.8631
vn -0.0974 0.4956 -0.8631
vn -0.9937 -0.0000 0.1121
vn -0.9937 0.0001 0.1121
vn 0.0306 -0.8083 0.5879
vn 0.0306 -0.8083 0.5880
vn 0.9986 -0.0000 -0.0520
vn -0.0306 0.8083 -0.5879
vn -0.9986 -0.0000 0.0520
vn 0.0487 -0.9276 -0.3705
vn 0.9915 -0.0000 0.1302
vn -0.0487 0.9276 0.3705
vn -0.9915 -0.0000 -0.1302
vn -0.0948 0.9494 -0.2994
vn 0.9534 -0.0000 -0.3018
vn 0.0948 -0.9494 0.2994
vn -0.9534 -0.0000 0.3018
vn -0.3768 0.6508 0.6592
vn 0.8681 -0.0000 0.4963
vn 0.3768 -0.6508 -0.6592
vn 0.3768 -0.6508 -0.6591
vn -0.8681 -0.0000 -0.4963
vn 0.0377 0.9529 0.3008
vn 0.0378 0.9529 0.3008
vn 0.9922 -0.0000 -0.1245
vn -0.0377 -0.9529 -0.3008
vn -0.0378 -0.9529 -0.3008
vn -0.0376 -0.9528 -0.3012
vn -0.9922 -0.0000 0.1245
vn 0.1135 0.1615 0.9803
vn 0.9934 -0.0000 -0.1150
vn 0.9934 -0.0001 -0.1150
vn -0.1135 -0.1615 -0.9803
vn -0.9934 -0.0000 0.1150
vn 0.1199 -0.9585 0.2587
vn 0.1198 -0.9585 0.2586
vn 0.1199 -0.9585 0.2586
vn 0.9073 -0.0000 -0.4205
vn 0.9073 -0.0000 -0.4206
vn 0.9074 -0.0000 -0.4204
vn -0.1199 0.9585 -0.2587
vn -0.1199 0.9585 -0.2586
vn -0.9073 -0.0000 0.4205
vn -0.1737 0.9691 0.1753
vn -0.1737 0.9691 0.1754
vn -0.7104 -0.0000 -0.7038
vn -0.7103 -0.0000 -0.7038
vn 0.1737 -0.9691 -0.1753
vn 0.7104 -0.0000 0.7038
vn -0.0842 0.9283 0.3622
vn -0.0842 0.9283 0.3623
vn 0.9740 -0.0000 0.2264
vn 0.0842 -0.9283 -0.3623
vn 0.0839 -0.9284 -0.3621
vn -0.9740 -0.0000 -0.2264
vn 0.5769 -0.0744 -0.8134
vn -0.8157 -0.0000 -0.5785
vn -0.5769 0.0744 0.8134
vn 0.8157 -0.0000 0.5785
vn -0.0459 0.9985 0.0311
vn 0.5607 -0.0000 0.8280
vn 0.0459 -0.9985 -0.0311
vn -0.5607 -0.0000 -0.8280
vn -0.2394 -0.9415 -0.2372
vn 0.7038 -0.0000 -0.7104
vn 0.7038 -0.0000 -0.7103
vn 0.7038 -0.0001 -0.7104
vn 0.2394 0.9415 0.2372
vn -0.7038 -0.0000 0.7104
vn 0.0420 -0.9684 -0.2457
vn -0.9857 -0.0000 -0.1687
vn -0.9857 -0.0000 -0.1686
vn -0.0420 0.9684 0.2457
vn 0.9857 -0.0000 0.1686
vn -0.4823 -0.8534 -0.1979
vn -0.3797 -0.0000 0.9251
vn 0.4823 0.8534 0.1979
vn 0.3797 -0.0000 -0.9251
vn -0.0875 0.6737 0.7338
vn -0.9930 -0.0000 -0.1184
vn 0.0875 -0.6737 -0.7338
vn 0.9930 -0.0000 0.1184
vn 0.1625 0.8603 -0.4832
vn 0.9479 -0.0000 0.3187
vn 0.9478 -0.0000 0.3187
vn -0.1625 -0.8603 0.4832
vn -0.9478 -0.0000 -0.3187
vn 0.1185 0.9673 -0.2243
vn -0.8842 -0.0000 -0.4670
vn -0.1185 -0.9673 0.2243
vn 0.8842 -0.0000 0.4670
vn 0.2632 -0.1877 0.9463
vn 0.9634 -0.0000 -0.2679
vn -0.2632 0.1877 -0.9463
vn -0.9634 -0.0000 0.2679
vn -0.3368 0.9174 -0.2122
vn -0.5330 -0.0000 0.8461
vn 0.3368 -0.9174 0.2122
vn 0.5330 -0.0000 -0.8461
vn -0.2205 -0.9683 0.1173
vn -0.4696 -0.0000 -0.8829
vn -0.4697 -0.0000 -0.8828
vn 0.2205 0.9683 -0.1173
vn 0.4696 -0.0000 0.8829
vn -0.7911 0.6038 0.0976
vn 0.1225 -0.0000 0.9925
vn 0.7911 -0.6038 -0.0976
vn -0.1225 -0.0000 -0.9925
vn -0.3167 -0.0000 -0.9485
vn 0.6511 -0.7272 -0.2174
vn 0.2747 -0.3792 0.8836
vn -0.9549 -0.0000 0.2969
vn -0.9550 -0.0000 0.2967
vn -0.2747 0.3792 -0.8836
vn -0.2747 0.3793 -0.8836
vn 0.9549 -0.0000 -0.2969
vn -0.8955 -0.4440 -0.0303
vn -0.8954 -0.4442 -0.0303
vn 0.0338 -0.0000 -0.9994
vn 0.8956 0.4439 0.0303
vn 0.8955 0.4440 0.0303
vn 0.8955 0.4440 0.0304
vn -0.0338 -0.0000 0.9994
vn 0.0066 0.9991 -0.0408
vn 0.9870 -0.0000 0.1606
vn -0.0066 -0.9991 0.0408
vn -0.9870 -0.0000 -0.1606
vn -0.5177 -0.0548 -0.8538
vn 0.8551 -0.0000 -0.5185
vn -0.4763 0.1267 0.8701
vn 0.8772 -0.0000 0.4802
vn 0.4763 -0.1267 -0.8701
vn -0.8772 -0.0000 -0.4802
vn -0.2746 0.9534 0.1252
vn 0.2746 -0.9534 -0.1252
vn -0.4149 -0.0000 -0.9099
vn -0.1130 -0.9585 0.2617
vn 0.9181 -0.0000 0.3964
vn 0.1130 0.9585 -0.2617
vn -0.9181 -0.0000 -0.3964
vn -0.3262 0.9283 0.1786
vn 0.4801 -0.0000 0.8772
vn 0.4800 -0.0000 0.8772
vn 0.3262 -0.9283 -0.1786
vn 0.3283 -0.9271 -0.1809
vn -0.4801 -0.0000 -0.8772
vn -0.0538 0.9985 -0.0135
vn -0.2439 -0.0000 0.9698
vn 0.0538 -0.9985 0.0135
vn 0.2439 -0.0000 -0.9698
vn 0.9999 0.0099 0.0134
vn 0.9999 0.0098 0.0135
vn -0.0134 -0.0000 0.9999
vn -0.9999 -0.0099 -0.0134
vn 0.0134 -0.0000 -0.9999
vn 0.0174 -0.9415 -0.3365
vn 0.9987 -0.0000 0.0516
vn -0.0174 0.9415 0.3365
vn -0.9987 -0.0000 -0.0516
vn -0.9987 -0.0001 -0.0516
vn -0.1798 -0.6459 0.7419
vn -0.1798 -0.6459 0.7420
vn 0.9719 -0.0000 0.2355
vn 0.1798 0.6459 -0.7419
vn -0.9719 -0.0000 -0.2355
vn -0.9719 -0.0001 -0.2355
vn -0.9719 0.0001 -0.2355
vn 0.2246 -0.4847 -0.8453
vn 0.9665 -0.0000 0.2567
vn -0.2246 0.4848 0.8453
vn -0.2246 0.4846 0.8454
vn -0.9665 -0.0000 -0.2567
vn 0.8831 -0.4630 -0.0753
vn 0.8832 -0.4630 -0.0753
vn -0.0850 -0.0000 -0.9964
vn -0.8831 0.4630 0.0753
vn -0.8832 0.4630 0.0753
vn 0.0850 -0.0000 0.9964
vn 0.0846 -0.0000 0.9964
vn 0.2372 -0.9684 0.0765
vn 0.3068 -0.0000 -0.9518
vn -0.2372 0.9684 -0.0765
vn -0.2374 0.9684 -0.0765
vn -0.2373 0.9684 -0.0766
vn -0.3068 -0.0000 0.9518
vn -0.1737 -0.8534 -0.4915
vn -0.9429 -0.0000 0.3332
vn -0.9428 -0.0000 0.3332
vn 0.1737 0.8534 0.4915
vn 0.9428 -0.0000 -0.3332
vn 0.9429 -0.0000 -0.3332
vn -0.8643 0.0981 0.4933
vn 0.4957 -0.0000 0.8685
vn 0.8643 -0.0981 -0.4933
vn -0.4957 -0.0000 -0.8685
vn -0.6121 0.1044 -0.7839
vn 0.7882 -0.0000 -0.6155
vn 0.6121 -0.1044 0.7839
vn -0.7882 -0.0000 0.6155
vn 0.2513 -0.0469 0.9668
vn 0.9678 -0.0000 -0.2515
vn 0.9678 -0.0000 -0.2516
vn -0.2513 0.0469 -0.9668
vn -0.9678 -0.0000 0.2516
vn -0.7400 0.6580 -0.1396
vn -0.7399 0.6580 -0.1396
vn -0.1854 -0.0000 0.9827
vn 0.7400 -0.6580 0.1396
vn 0.1854 -0.0000 -0.9827
vn 0.2462 0.9673 -0.0611
vn -0.2408 -0.0000 -0.9706
vn -0.2462 -0.9673 0.0611
vn 0.2408 -0.0000 0.9706
vn -0.0662 0.9174 -0.3925
vn -0.9861 -0.0000 0.1662
vn 0.0662 -0.9174 0.3925
vn 0.9861 -0.0000 -0.1662
vn -0.2344 -0.9683 -0.0863
vn -0.2343 -0.9683 -0.0863
vn -0.2344 -0.9683 -0.0864
vn 0.3455 -0.0000 -0.9384
vn 0.2344 0.9683 0.0863
vn -0.3455 -0.0000 0.9384
vn -0.5959 0.7272 -0.3407
vn 0.4964 -0.0000 -0.8681
vn 0.5959 -0.7272 0.3407
vn -0.4964 -0.0000 0.8681
vn -0.4759 -0.3792 0.7935
vn -0.8576 -0.0000 -0.5143
vn 0.4759 0.3792 -0.7935
vn 0.4759 0.3793 -0.7935
vn 0.8576 -0.0000 0.5143
vn -0.7173 -0.0193 0.6965
vn 0.6966 -0.0000 0.7174
vn 0.7173 0.0193 -0.6965
vn -0.6966 -0.0000 -0.7174
vn -0.0604 0.9915 -0.1151
vn -0.8854 -0.0000 0.4648
vn 0.0604 -0.9915 0.1151
vn 0.8854 -0.0000 -0.4648
vn 0.5378 -0.0000 0.8431
vn -0.0349 -0.9991 0.0223
vn -0.0349 -0.9991 0.0222
vn -0.5378 -0.0000 -0.8431
vn -0.2918 0.0548 0.9549
vn -0.9563 -0.0000 -0.2922
vn 0.2918 -0.0548 -0.9549
vn 0.9563 -0.0000 0.2922
vn 0.2166 0.7862 0.5788
vn 0.9366 -0.0000 -0.3505
vn -0.2166 -0.7862 -0.5788
vn -0.9366 -0.0000 0.3505
vn -0.3732 0.9274 -0.0248
vn 0.3732 -0.9274 0.0248
vn -0.0664 -0.0000 0.9978
vn 0.1260 0.8713 -0.4743
vn 0.1260 0.8713 -0.4744
vn -0.9665 -0.0000 -0.2568
vn -0.9665 0.0001 -0.2568
vn -0.9665 0.0002 -0.2567
vn -0.9665 -0.0002 -0.2568
vn -0.1260 -0.8713 0.4743
vn 0.9665 -0.0000 0.2568
vn 0.9665 -0.0001 0.2568
vn 0.9665 -0.0004 0.2568
vn 0.9665 0.0015 0.2566
vn -0.2763 0.9534 -0.1213
vn -0.2763 0.9534 -0.1214
vn -0.4021 -0.0000 0.9156
vn 0.2763 -0.9534 0.1214
vn 0.4021 -0.0000 -0.9156
vn -0.5093 -0.7010 0.4992
vn 0.4325 -0.7100 -0.5558
vn 0.4324 -0.7100 -0.5557
vn 0.5093 0.7010 -0.4992
vn -0.4325 0.7100 0.5558
vn -0.9902 0.1361 0.0322
vn -0.9902 0.1361 0.0321
vn 0.0325 -0.0000 0.9995
vn 0.9902 -0.1361 -0.0322
vn 0.9902 -0.1361 -0.0321
vn -0.0325 -0.0000 -0.9995
vn 0.5997 0.4634 -0.6523
vn 0.7362 -0.0000 0.6768
vn -0.5998 -0.4634 0.6524
vn -0.5997 -0.4634 0.6524
vn -0.5997 -0.4634 0.6523
vn -0.7362 -0.0000 -0.6768
vn -0.0980 0.5410 0.8353
vn -0.0981 0.5411 0.8352
vn 0.9932 -0.0000 0.1165
vn 0.0980 -0.5410 -0.8353
vn 0.0980 -0.5409 -0.8354
vn -0.9932 -0.0000 -0.1165
vn 0.1140 0.9777 -0.1764
vn 0.8398 -0.0000 0.5429
vn -0.1140 -0.9777 0.1764
vn -0.8398 -0.0000 -0.5429
vn -0.7409 0.4609 0.4885
vn 0.5504 -0.0000 0.8349
vn 0.7409 -0.4609 -0.4885
vn -0.5504 -0.0000 -0.8349
vn -0.5505 -0.0000 -0.8349
vn -0.0290 0.9709 0.2379
vn -0.0289 0.9709 0.2379
vn 0.9927 -0.0000 0.1208
vn 0.0290 -0.9709 -0.2379
vn 0.0289 -0.9709 -0.2379
vn -0.9927 -0.0000 -0.1208
vn -0.5213 0.8282 0.2057
vn 0.3671 -0.0000 0.9302
vn 0.5213 -0.8282 -0.2057
vn -0.3670 -0.0000 -0.9302
vn -0.3671 -0.0000 -0.9302
vn 0.6558 0.6999 -0.2829
vn 0.6558 0.7000 -0.2829
vn 0.3961 -0.0000 0.9182
vn -0.6558 -0.6999 0.2829
vn -0.6558 -0.7000 0.2829
vn -0.3961 -0.0000 -0.9182
vn -0.3962 -0.0000 -0.9182
vn -0.9355 0.2972 0.1909
vn -0.9355 0.2974 0.1909
vn 0.2000 -0.0000 0.9798
vn 0.9355 -0.2972 -0.1909
vn -0.2000 -0.0000 -0.9798
vn -0.0506 0.9822 -0.1810
vn -0.0506 0.9822 -0.1811
vn 0.9631 -0.0000 -0.2690
vn 0.0506 -0.9822 0.1810
vn 0.0506 -0.9822 0.1812
vn -0.9631 -0.0000 0.2690
vn -0.5093 0.8252 0.2443
vn 0.4325 -0.0000 0.9016
vn 0.5093 -0.8252 -0.2443
vn -0.4325 -0.0000 -0.9016
vn 0.1241 0.9859 -0.1121
vn 0.6702 -0.0000 0.7422
vn -0.1241 -0.9859 0.1121
vn -0.6702 -0.0000 -0.7422
vn -0.9902 0.0815 0.1136
vn 0.0325 -0.6561 0.7540
vn 0.9902 -0.0815 -0.1136
vn -0.0325 0.6561 -0.7540
vn 0.7362 -0.4443 0.5106
vn -0.5997 -0.7778 0.1879
vn -0.0980 -0.1403 0.9853
vn -0.0979 -0.1403 0.9853
vn 0.9932 -0.0765 0.0879
vn 0.0980 0.1403 -0.9853
vn -0.9932 0.0765 -0.0879
vn 0.1140 0.8533 0.5087
vn 0.1140 0.8533 0.5088
vn 0.8397 -0.3565 0.4096
vn 0.8397 -0.3566 0.4095
vn 0.8398 -0.3564 0.4096
vn 0.8397 -0.3564 0.4098
vn 0.8397 -0.3562 0.4099
vn -0.1140 -0.8533 -0.5087
vn -0.1140 -0.8533 -0.5088
vn -0.8398 0.3562 -0.4096
vn -0.8398 0.3564 -0.4096
vn 0.6694 0.5823 -0.4613
vn 0.7371 -0.4436 0.5098
vn -0.6694 -0.5823 0.4613
vn -0.7371 0.4436 -0.5098
vn -0.7409 0.0270 0.6711
vn 0.5504 -0.5480 0.6298
vn 0.7409 -0.0270 -0.6711
vn -0.5504 0.5480 -0.6298
vn -0.0289 0.5762 0.8168
vn -0.0290 0.5762 0.8168
vn 0.9927 -0.0793 0.0911
vn 0.0290 -0.5762 -0.8168
vn 0.0289 -0.5762 -0.8168
vn -0.9927 0.0793 -0.0911
vn -0.9355 0.0989 0.3391
vn 0.2000 -0.6432 0.7391
vn 0.9355 -0.0989 -0.3391
vn -0.2000 0.6432 -0.7391
vn -0.0506 0.8598 0.5082
vn 0.9631 0.1766 -0.2029
vn 0.0506 -0.8598 -0.5082
vn -0.9631 -0.1766 0.2029
vn -0.9631 -0.1765 0.2030
vn -0.9631 -0.1766 0.2030
vn 0.1241 0.8173 0.5627
vn 0.6702 -0.4872 0.5599
vn -0.1241 -0.8173 -0.5627
vn -0.6702 0.4872 -0.5599
vn -0.9902 -0.0251 0.1376
vn -0.9902 -0.0250 0.1376
vn -0.9902 -0.0251 0.1375
vn 0.0325 -0.9981 0.0519
vn 0.9902 0.0251 -0.1376
vn 0.9902 0.0250 -0.1376
vn -0.0325 0.9981 -0.0519
vn -0.0325 0.9981 -0.0518
vn -0.0980 -0.8061 0.5836
vn 0.9932 -0.1164 0.0060
vn 0.0980 0.8061 -0.5836
vn -0.9932 0.1164 -0.0060
vn 0.8398 -0.5422 0.0282
vn -0.1140 -0.2269 -0.9672
vn 0.9927 -0.1206 0.0063
vn 0.9927 -0.1204 0.0063
vn 0.9927 -0.1207 0.0061
vn 0.0290 0.1872 -0.9819
vn 0.0289 0.1872 -0.9819
vn -0.9927 0.1206 -0.0063
vn -0.9902 -0.1092 0.0873
vn 0.0325 -0.7870 -0.6161
vn 0.9902 0.1092 -0.0873
vn -0.0325 0.7870 0.6161
vn 0.5997 0.2280 0.7670
vn 0.5998 0.2279 0.7670
vn 0.7362 -0.5329 -0.4172
vn -0.5997 -0.2280 -0.7670
vn -0.7362 0.5329 0.4172
vn -0.7409 -0.6688 0.0618
vn -0.7409 -0.6687 0.0618
vn 0.5503 -0.6576 -0.5145
vn 0.5504 -0.6574 -0.5146
vn 0.7409 0.6688 -0.0618
vn -0.5504 0.6574 0.5146
vn -0.5505 0.6574 0.5146
vn -0.0290 -0.7858 0.6178
vn 0.9927 -0.0951 -0.0745
vn 0.0290 0.7858 -0.6178
vn -0.9927 0.0951 0.0745
vn -0.5213 -0.6725 0.5254
vn 0.3671 -0.7325 -0.5734
vn 0.3670 -0.7325 -0.5734
vn 0.5213 0.6725 -0.5253
vn 0.5213 0.6725 -0.5254
vn -0.3671 0.7325 0.5734
vn -0.3670 0.7325 0.5734
vn -1.0000 -0.0000 -0.0000
vn -0.0000 -0.0000 1.0000
vn -0.0001 -0.0000 1.0000
vn 0.0002 -0.0000 1.0000
vn 1.0000 -0.0000 -0.0000
vn -0.0000 1.0000 -0.0000
vn -0.0000 -0.0000 -1.0000
vn 0.0001 -0.0000 -1.0000
vn -0.0000 -1.0000 -0.0000
vn 0.9914 -0.0000 0.1308
vn -0.9914 0.0001 -0.1306
vn -0.9914 -0.0000 -0.1305
vn 0.1263 -0.9320 0.3399
vn -0.9374 -0.0000 0.3484
vn -0.0974 0.4956 -0.8630
vn -0.9937 -0.0001 0.1121
vn -0.9937 -0.0000 0.1120
vn 0.9978 -0.0651 -0.0123
vn 0.9915 0.0001 0.1302
vn 0.9534 -0.0001 -0.3018
vn 0.9950 -0.0000 -0.0994
vn 0.4470 -0.0000 -0.8945
vn 0.9534 0.0002 -0.3018
vn 0.0947 -0.9494 0.2994
vn -0.9534 0.0002 0.3018
vn -0.3768 0.6508 0.6591
vn 0.8682 -0.0001 0.4963
vn 0.0376 0.9531 0.3004
vn 0.9922 -0.0001 -0.1245
vn -0.0377 -0.9529 -0.3009
vn -0.0378 -0.9531 -0.3001
vn 0.1135 0.1614 0.9803
vn -0.9934 0.0001 0.1150
vn -0.9934 -0.0001 0.1150
vn 0.9073 -0.0000 -0.4204
vn 0.9074 -0.0000 -0.4203
vn 0.9074 -0.0003 -0.4203
vn 0.2249 -0.8994 0.3748
vn 0.7103 -0.0000 0.7039
vn 0.7103 -0.0000 0.7038
vn 0.0842 -0.9283 -0.3621
vn 0.0842 -0.9284 -0.3621
vn 0.5607 0.0002 0.8280
vn 0.7038 0.0001 -0.7104
vn 0.2393 0.9415 0.2371
vn 0.9989 -0.0000 -0.0468
vn -0.0249 -0.0995 0.9947
vn 0.9479 0.0001 0.3187
vn -0.9478 0.0002 -0.3187
vn -0.6939 -0.0000 -0.7201
vn 0.2631 -0.1877 0.9463
vn -0.2632 0.1878 -0.9463
vn -0.3369 0.9173 -0.2122
vn -0.3328 0.9192 -0.2104
vn -0.3340 0.9186 -0.2111
vn -0.3369 0.9173 -0.2123
vn 0.5331 -0.0000 -0.8461
vn 0.7709 -0.0000 -0.6370
vn 1.0000 -0.0000 0.0046
vn -0.1111 -0.4444 -0.8889
vn -0.3333 0.6667 0.6667
vn 0.2747 -0.3793 0.8836
vn -0.9550 0.0001 0.2968
vn -0.8952 -0.4446 -0.0303
vn -0.8955 -0.4441 -0.0303
vn -0.1130 -0.9586 0.2615
vn 0.4800 -0.0000 0.8773
vn 0.3263 -0.9283 -0.1786
vn 0.3262 -0.9283 -0.1785
vn 0.9999 0.0099 0.0135
vn -0.0135 -0.0000 0.9999
vn 0.0135 -0.0000 -0.9999
vn -0.0174 0.9415 0.3366
vn -0.1798 -0.6460 0.7419
vn -0.2246 0.4847 0.8453
vn -0.9665 -0.0000 -0.2569
vn -0.9664 -0.0000 -0.2569
vn -0.0849 -0.0000 -0.9964
vn -0.8800 0.4691 0.0744
vn -0.8832 0.4629 0.0753
vn 0.2373 -0.9684 0.0765
vn -0.2371 0.9685 -0.0764
vn -0.2372 0.9684 -0.0767
vn -0.9497 -0.0000 0.3131
vn 0.4956 -0.0000 0.8685
vn -0.4956 -0.0000 -0.8685
vn 0.6121 -0.1044 0.7838
vn 0.2513 -0.0468 0.9668
vn 0.9679 0.0002 -0.2515
vn 0.9678 -0.0001 -0.2516
vn 0.9679 -0.0000 -0.2515
vn -0.0000 0.7071 0.7071
vn -0.4964 0.0001 0.8681
vn -0.9563 -0.0000 -0.2923
vn 0.2918 -0.0547 -0.9549
vn 0.1260 0.8712 -0.4744
vn 0.1260 0.8711 -0.4747
vn -0.1260 -0.8713 0.4744
vn 0.4022 -0.0000 -0.9156
vn -0.4324 0.7100 0.5557
vn -0.4325 0.7099 0.5558
vn -0.9902 0.1360 0.0322
vn -0.9902 0.1360 0.0321
vn 0.0324 -0.0000 0.9995
vn -0.0324 -0.0000 -0.9995
vn 0.5998 0.4634 -0.6523
vn 0.5997 0.4634 -0.6524
vn -0.0980 0.5409 0.8353
vn 0.9932 0.0001 0.1165
vn -0.9932 -0.0000 -0.1166
vn 0.3670 -0.0000 0.9302
vn 0.6000 -0.8000 -0.0000
vn -0.3960 -0.0000 -0.9182
vn -0.2000 0.0001 -0.9798
vn -0.2000 -0.0001 -0.9798
vn -0.0505 0.9822 -0.1810
vn 0.9631 0.0002 -0.2690
vn 0.0506 -0.9821 0.1812
vn 0.0506 -0.9822 0.1811
vn 0.0505 -0.9822 0.1809
vn -0.9631 0.0001 0.2690
vn -0.1241 -0.9859 0.1120
vn -0.1242 -0.9859 0.1119
vn -0.6701 -0.0000 -0.7422
vn 0.0327 -0.6559 0.7541
vn 0.0324 -0.6561 0.7540
vn -0.0980 -0.1402 0.9853
vn 0.0980 0.1402 -0.9853
vn -0.9932 0.0765 -0.0880
vn 0.1141 0.8533 0.5088
vn 0.8397 -0.3567 0.4095
vn 0.8398 -0.3563 0.4096
vn 0.8398 -0.3565 0.4096
vn -0.1140 -0.8534 -0.5087
vn -0.6694 -0.5824 0.4613
vn -0.0506 0.8598 0.5081
vn -0.0505 0.8598 0.5081
vn -0.0511 0.8596 0.5084
vn -0.0505 0.8598 0.5082
vn -0.0510 0.8600 0.5078
vn -0.0506 0.8597 0.5082
vn 0.0506 -0.8595 -0.5086
vn 0.6701 -0.4873 0.5599
vn 0.6701 -0.4872 0.5599
vn -0.1242 -0.8173 -0.5626
vn -0.6701 0.4873 -0.5599
vn -0.6701 0.4873 -0.5600
vn -0.9902 -0.0250 0.1375
vn 0.0325 -0.9981 0.0518
vn 0.9902 0.0252 -0.1375
vn 0.9902 0.0251 -0.1375
vn -0.0980 -0.8062 0.5835
vn 0.9932 -0.1163 0.0060
vn 0.9927 -0.1206 0.0064
vn 0.9927 -0.1205 0.0072
vn 0.0289 0.1873 -0.9819
vn -0.9902 -0.1093 0.0873
vn 0.0324 -0.7870 -0.6161
vn 0.5997 0.2280 0.7671
vn 0.5998 0.2280 0.7670
vn 0.7362 -0.5328 -0.4172
vn -0.7408 -0.6688 0.0618
vn 0.5502 -0.6577 -0.5144
vn 0.5504 -0.6574 -0.5147
vn 0.5505 -0.6574 -0.5146
vn -0.5213 -0.6725 0.5253
vn 0.3671 -0.7324 -0.5734
vn 0.3671 -0.7325 -0.5733
vn 0.0004 -0.0000 1.0000
vn 0.0001 -0.0000 1.0000
vn -0.0002 -0.0000 1.0000
vn -0.0001 -0.0000 -1.0000
vt 0.500994 0.000000
vt 0.497241 0.073059
vt 0.496613 0.000000
vt 0.506436 0.000000
vt 0.506099 0.051825
vt 0.501110 0.000000
vt 0.506222 0.116916
vt 0.510422 0.000000
vt 0.514911 0.169854
vt 0.503144 0.250000
vt 0.501814 0.095393
vt 0.498763 0.250000
vt 0.487906 0.027470
vt 0.488188 0.250000
vt 0.487906 0.223243
vt 0.515285 0.039550
vt 0.519527 0.163839
vt 0.487906 0.250000
vt 0.519900 0.033536
vt 0.531123 0.048640
vt 0.525339 0.250000
vt 0.521270 0.250000
vt 0.531123 0.231347
vt 0.531123 0.250000
vt 0.488098 0.283972
vt 0.488082 0.284048
vt 0.499559 0.367903
vt 0.503807 0.348174
vt 0.522328 0.263985
vt 0.532009 0.421543
vt 0.532413 0.500000
vt 0.511846 0.500000
vt 0.495684 0.500000
vt 0.531554 0.333402
vt 0.507684 0.750000
vt 0.503768 0.632607
vt 0.508416 0.619082
vt 0.504953 0.533644
vt 0.523588 0.661592
vt 0.519243 0.750000
vt 0.518972 0.655577
vt 0.521706 0.888853
vt 0.517414 0.868920
vt 0.501280 0.957541
vt 0.501110 1.000000
vt 0.500994 1.000000
vt 0.503517 0.936218
vt 0.505353 0.915533
vt 0.504967 0.942952
vt 0.497171 0.917269
vt 0.497033 0.937812
vt 0.510422 1.000000
vt 0.506436 1.000000
vt 0.506184 0.980316
vt 0.503112 0.750000
vt 0.505086 0.894665
vt 0.500675 0.923018
vt 0.501419 0.936998
vt 0.496613 1.000000
vt 0.488433 0.897872
vt 0.531123 1.000000
vt 0.502499 0.963201
vt 0.504255 0.000000
vt 0.505617 0.250000
vt 0.498567 0.000000
vt 0.497621 0.250000
vt 0.487330 0.244608
vt 0.518135 0.000000
vt 0.515437 0.048313
vt 0.514396 0.000000
vt 0.519187 0.092402
vt 0.520077 0.021623
vt 0.524981 0.000000
vt 0.519610 0.000000
vt 0.518485 0.030775
vt 0.486428 0.000000
vt 0.480977 0.194600
vt 0.502092 0.186089
vt 0.503004 0.250000
vt 0.529159 0.250000
vt 0.525182 0.017720
vt 0.497159 0.317945
vt 0.510324 0.325705
vt 0.505077 0.291669
vt 0.497540 0.426050
vt 0.494799 0.500000
vt 0.496826 0.343679
vt 0.501988 0.303082
vt 0.497932 0.395817
vt 0.488038 0.401007
vt 0.484488 0.500000
vt 0.484065 0.494203
vt 0.483990 0.500000
vt 0.500742 0.399110
vt 0.499434 0.500000
vt 0.504677 0.442829
vt 0.504334 0.403319
vt 0.505176 0.404306
vt 0.525917 0.500000
vt 0.516030 0.415444
vt 0.519857 0.500000
vt 0.520128 0.479095
vt 0.496581 0.500000
vt 0.498182 0.500000
vt 0.482580 0.473826
vt 0.479504 0.500000
vt 0.478663 0.350583
vt 0.487105 0.259789
vt 0.496657 0.324281
vt 0.485691 0.368823
vt 0.505173 0.500000
vt 0.503935 0.500000
vt 0.494318 0.548374
vt 0.503343 0.628146
vt 0.500106 0.581864
vt 0.497537 0.545149
vt 0.498318 0.612466
vt 0.482558 0.560834
vt 0.485365 0.575387
vt 0.482742 0.596039
vt 0.484172 0.509964
vt 0.487741 0.688978
vt 0.483545 0.750000
vt 0.498806 0.563284
vt 0.520663 0.548642
vt 0.520652 0.739893
vt 0.492240 0.750000
vt 0.487955 0.730078
vt 0.479504 0.621524
vt 0.479504 0.750000
vt 0.487323 0.750000
vt 0.520537 0.750000
vt 0.521463 0.750000
vt 0.514933 0.500000
vt 0.518196 0.696749
vt 0.486754 0.500000
vt 0.484116 0.793989
vt 0.484218 0.976227
vt 0.484886 0.750000
vt 0.492860 0.797789
vt 0.485616 0.806277
vt 0.522594 0.750000
vt 0.524523 0.898761
vt 0.485254 0.778377
vt 0.484526 1.000000
vt 0.486428 1.000000
vt 0.503209 0.919395
vt 0.498567 1.000000
vt 0.497963 0.953431
vt 0.518135 1.000000
vt 0.519323 0.977797
vt 0.519610 1.000000
vt 0.518393 0.973222
vt 0.514396 1.000000
vt 0.513752 0.950392
vt 0.525835 1.000000
vt 0.524981 1.000000
vt 0.525344 0.962132
vt 0.503513 0.166212
vt 0.505231 0.037649
vt 0.521749 0.011349
vt 0.501233 0.000000
vt 0.494096 0.000000
vt 0.489567 0.138488
vt 0.486796 0.000000
vt 0.529767 0.000000
vt 0.530759 0.000000
vt 0.530260 0.049020
vt 0.491973 0.250000
vt 0.495475 0.221459
vt 0.496305 0.250000
vt 0.525448 0.150448
vt 0.525274 0.198121
vt 0.529191 0.154191
vt 0.528218 0.250000
vt 0.482765 0.250000
vt 0.481327 0.250000
vt 0.481568 0.226258
vt 0.506232 0.500000
vt 0.488514 0.462446
vt 0.506616 0.374588
vt 0.482325 0.393785
vt 0.480817 0.416256
vt 0.484281 0.482996
vt 0.487137 0.500000
vt 0.484229 0.500000
vt 0.527452 0.500000
vt 0.482193 0.437078
vt 0.480561 0.500000
vt 0.505626 0.623696
vt 0.504347 0.703454
vt 0.486718 0.514393
vt 0.484847 0.578649
vt 0.506836 0.503494
vt 0.504969 0.750000
vt 0.500892 0.750000
vt 0.493934 0.919670
vt 0.486796 1.000000
vt 0.486330 0.767635
vt 0.483102 0.750000
vt 0.500499 0.760109
vt 0.501233 1.000000
vt 0.505494 0.921346
vt 0.521172 0.797878
vt 0.525693 0.901296
vt 0.525873 0.959908
vt 0.528017 0.927163
vt 0.529767 1.000000
vt 0.527942 0.902942
vt 0.530380 0.876323
vt 0.529993 0.750000
vt 0.525294 0.770909
vt 0.494674 0.017727
vt 0.492953 0.000000
vt 0.495139 0.000000
vt 0.495608 0.218243
vt 0.495732 0.250000
vt 0.487119 0.250000
vt 0.526843 0.215000
vt 0.527647 0.250000
vt 0.525415 0.250000
vt 0.487227 0.368233
vt 0.522604 0.264671
vt 0.527753 0.367313
vt 0.495307 0.460350
vt 0.490601 0.500000
vt 0.490553 0.446908
vt 0.506343 0.445973
vt 0.498017 0.500000
vt 0.498003 0.499866
vt 0.483665 0.500000
vt 0.497881 0.365383
vt 0.520323 0.445816
vt 0.511001 0.500000
vt 0.510900 0.388721
vt 0.520372 0.500000
vt 0.525280 0.712404
vt 0.495343 0.500000
vt 0.494108 0.692998
vt 0.510543 0.571180
vt 0.508345 0.677358
vt 0.482599 0.750000
vt 0.481886 0.678080
vt 0.486925 0.626185
vt 0.497962 0.644135
vt 0.498014 0.500177
vt 0.481405 0.726232
vt 0.481696 0.750000
vt 0.481313 0.735402
vt 0.481167 0.750000
vt 0.482428 0.937796
vt 0.524576 0.899511
vt 0.522030 0.866111
vt 0.524631 0.839393
vt 0.527784 0.796506
vt 0.527660 0.932588
vt 0.490171 0.750000
vt 0.492953 1.000000
vt 0.482559 0.793459
vt 0.517058 0.773633
vt 0.516941 0.902537
vt 0.521973 0.928799
vt 0.484276 0.879820
vt 0.480939 1.000000
vt 0.467057 0.250000
vt 0.468858 0.079103
vt 0.471867 0.250000
vt 0.510649 0.196627
vt 0.507304 0.152203
vt 0.510649 0.086783
vt 0.462350 0.000000
vt 0.472736 0.023574
vt 0.472962 0.000000
vt 0.473452 0.000000
vt 0.510649 0.250000
vt 0.500748 0.488269
vt 0.466232 0.500000
vt 0.471898 0.254017
vt 0.467662 0.326544
vt 0.500198 0.500000
vt 0.500062 0.500000
vt 0.499519 0.674681
vt 0.494420 0.574946
vt 0.511367 0.750000
vt 0.511382 0.749451
vt 0.511405 0.750000
vt 0.466232 0.750000
vt 0.466232 0.735889
vt 0.466752 0.750000
vt 0.505242 0.598663
vt 0.515404 0.500000
vt 0.473104 0.994054
vt 0.467979 0.934997
vt 0.511407 0.751191
vt 0.473452 1.000000
vt 0.472962 1.000000
vt 0.464007 0.866991
vt 0.492172 0.014423
vt 0.492093 0.000000
vt 0.492751 0.000000
vt 0.492179 0.015843
vt 0.480485 0.108972
vt 0.474764 0.250000
vt 0.475169 0.060829
vt 0.493537 0.225464
vt 0.513497 0.250000
vt 0.480958 0.250000
vt 0.489835 0.072555
vt 0.492850 0.302763
vt 0.493969 0.500000
vt 0.488062 0.500000
vt 0.487912 0.382874
vt 0.481372 0.418136
vt 0.482594 0.367780
vt 0.468694 0.500000
vt 0.485381 0.487123
vt 0.519298 0.376763
vt 0.524044 0.500000
vt 0.516306 0.500000
vt 0.515530 0.294440
vt 0.510540 0.500000
vt 0.482836 0.357836
vt 0.482206 0.357998
vt 0.482197 0.357197
vt 0.474458 0.262567
vt 0.470009 0.750000
vt 0.470995 0.707147
vt 0.471830 0.750000
vt 0.491981 0.695537
vt 0.510418 0.505863
vt 0.524580 0.750000
vt 0.486580 0.561190
vt 0.514873 0.568973
vt 0.496732 1.000000
vt 0.493061 0.945396
vt 0.493505 0.867118
vt 0.475300 1.000000
vt 0.479361 0.947322
vt 0.476830 0.843073
vt 0.473423 0.848422
vt 0.473844 0.832965
vt 0.477048 0.852048
vt 0.480839 0.774087
vt 0.469597 0.765092
vt 0.469230 0.750000
vt 0.492093 1.000000
vt 0.492952 0.940915
vt 0.494387 1.000000
vt 0.492751 1.000000
vt 0.467643 0.014257
vt 0.468922 0.000000
vt 0.468565 0.024211
vt 0.486296 0.206887
vt 0.493743 0.000000
vt 0.485652 0.250000
vt 0.498781 0.243843
vt 0.503350 0.000000
vt 0.508501 0.000000
vt 0.516159 0.000000
vt 0.515324 0.164971
vt 0.515589 0.250000
vt 0.504630 0.250000
vt 0.486507 0.000000
vt 0.480995 0.000000
vt 0.491300 0.250000
vt 0.495987 0.000000
vt 0.490497 0.297602
vt 0.505359 0.318906
vt 0.505328 0.320547
vt 0.505307 0.318378
vt 0.498645 0.251104
vt 0.502136 0.490713
vt 0.480472 0.500000
vt 0.486117 0.385155
vt 0.484395 0.500000
vt 0.486159 0.382320
vt 0.494186 0.500000
vt 0.487659 0.500000
vt 0.495123 0.437487
vt 0.472113 0.500000
vt 0.471910 0.484857
vt 0.473662 0.500000
vt 0.484212 0.750000
vt 0.482278 0.553066
vt 0.484881 0.629584
vt 0.473130 0.591931
vt 0.519516 0.750000
vt 0.473685 0.750000
vt 0.471000 0.735743
vt 0.473134 0.712699
vt 0.474421 0.750000
vt 0.476326 0.877099
vt 0.485290 0.821931
vt 0.507662 0.804115
vt 0.482552 0.884083
vt 0.503350 1.000000
vt 0.510885 0.975922
vt 0.493743 1.000000
vt 0.495667 0.981088
vt 0.495987 1.000000
vt 0.486507 1.000000
vt 0.487008 0.962703
vt 0.468922 1.000000
vt 0.470933 0.750000
vt 0.482896 0.000000
vt 0.483155 0.035761
vt 0.484152 0.250000
vt 0.503299 0.008816
vt 0.503330 0.000000
vt 0.504675 0.000000
vt 0.506711 0.000000
vt 0.510137 0.107441
vt 0.505867 0.062160
vt 0.483242 0.000000
vt 0.483214 0.011676
vt 0.493615 0.244908
vt 0.484416 0.055844
vt 0.478379 0.250000
vt 0.482616 0.000000
vt 0.480774 0.125845
vt 0.495200 0.000000
vt 0.499232 0.065748
vt 0.489611 0.000000
vt 0.490938 0.313663
vt 0.492289 0.367289
vt 0.490468 0.356233
vt 0.488220 0.250000
vt 0.489198 0.295482
vt 0.486837 0.270800
vt 0.493571 0.250973
vt 0.496302 0.407659
vt 0.489628 0.432410
vt 0.485884 0.357195
vt 0.488134 0.392005
vt 0.503384 0.500000
vt 0.499687 0.500000
vt 0.499939 0.477186
vt 0.524891 0.455507
vt 0.521480 0.500000
vt 0.520747 0.474654
vt 0.525240 0.423919
vt 0.497652 0.285214
vt 0.524985 0.500000
vt 0.524401 0.500000
vt 0.525507 0.452661
vt 0.500559 0.745778
vt 0.476569 0.750000
vt 0.524746 0.521548
vt 0.506675 0.669759
vt 0.502879 0.750000
vt 0.502170 0.697807
vt 0.522213 0.749456
vt 0.514711 0.750000
vt 0.507764 0.750000
vt 0.506959 0.750000
vt 0.506136 0.517624
vt 0.501218 0.750000
vt 0.522109 0.750000
vt 0.522206 0.750000
vt 0.506523 0.987763
vt 0.522212 0.750474
vt 0.510171 0.907016
vt 0.524963 1.000000
vt 0.511596 1.000000
vt 0.517439 0.979645
vt 0.482616 1.000000
vt 0.482855 0.996300
vt 0.482896 1.000000
vt 0.500618 0.753977
vt 0.498446 0.890121
vt 0.491826 0.780536
vt 0.487725 0.823398
vt 0.493135 0.899283
vt 0.489034 0.942145
vt 0.495200 1.000000
vt 0.494366 0.924362
vt 0.504675 1.000000
vt 0.489611 1.000000
vt 0.509373 0.968889
vt 0.509175 0.941458
vt 0.488632 0.911168
vt 0.483242 1.000000
vt 0.482980 0.976192
vt 0.506711 1.000000
vt 0.510815 0.949035
vt 0.466137 0.203954
vt 0.462223 0.080639
vt 0.466047 0.079082
vt 0.489169 0.079646
vt 0.489170 0.193542
vt 0.485592 0.165960
vt 0.505977 0.145375
vt 0.511665 0.250000
vt 0.505244 0.250000
vt 0.518472 0.000000
vt 0.489170 0.250000
vt 0.488082 0.250000
vt 0.489170 0.225827
vt 0.482773 0.233996
vt 0.475746 0.250000
vt 0.481089 0.131232
vt 0.490248 0.201858
vt 0.482773 0.250000
vt 0.486737 0.351927
vt 0.488985 0.273225
vt 0.481941 0.409283
vt 0.475850 0.500000
vt 0.473651 0.427733
vt 0.476186 0.492915
vt 0.510783 0.500000
vt 0.509043 0.500000
vt 0.489446 0.257104
vt 0.504604 0.431606
vt 0.511330 0.500000
vt 0.469546 0.322185
vt 0.470822 0.254944
vt 0.467352 0.500000
vt 0.465617 0.500000
vt 0.474522 0.417732
vt 0.464159 0.435868
vt 0.462128 0.500000
vt 0.461674 0.488327
vt 0.504609 0.535213
vt 0.511330 0.690987
vt 0.511330 0.709044
vt 0.510387 0.750000
vt 0.511091 0.705538
vt 0.505286 0.666296
vt 0.505997 0.733338
vt 0.511330 0.578083
vt 0.465699 0.583175
vt 0.465671 0.621013
vt 0.465240 0.606271
vt 0.475736 0.510635
vt 0.470405 0.543823
vt 0.463526 0.547754
vt 0.497805 0.500000
vt 0.496127 0.736921
vt 0.487397 0.542874
vt 0.470372 0.589292
vt 0.467028 0.667357
vt 0.466433 0.647040
vt 0.465729 0.541917
vt 0.466512 0.542237
vt 0.492495 0.750000
vt 0.492495 0.741030
vt 0.492867 0.750000
vt 0.495418 0.839312
vt 0.491072 0.951071
vt 0.510463 0.844106
vt 0.518472 1.000000
vt 0.511330 0.750000
vt 0.482947 0.071657
vt 0.481261 0.000000
vt 0.486143 0.000000
vt 0.505008 0.000000
vt 0.503654 0.045382
vt 0.502462 0.000000
vt 0.483411 0.114992
vt 0.480202 0.000000
vt 0.480940 0.168055
vt 0.480658 0.103953
vt 0.488766 0.000000
vt 0.499428 0.179224
vt 0.512042 0.228983
vt 0.503615 0.250000
vt 0.502592 0.167438
vt 0.522357 0.218550
vt 0.517929 0.250000
vt 0.516845 0.144765
vt 0.526510 0.250000
vt 0.526553 0.242162
vt 0.528089 0.250000
vt 0.528388 0.212271
vt 0.525450 0.250000
vt 0.527457 0.000000
vt 0.521119 0.098409
vt 0.510576 0.110719
vt 0.510263 0.361187
vt 0.509084 0.250000
vt 0.513889 0.337328
vt 0.508207 0.493007
vt 0.520783 0.374997
vt 0.525205 0.257403
vt 0.526026 0.417559
vt 0.529249 0.315531
vt 0.528897 0.326166
vt 0.526654 0.393989
vt 0.526214 0.352481
vt 0.530156 0.444865
vt 0.520674 0.382177
vt 0.525787 0.500000
vt 0.518884 0.500000
vt 0.516355 0.353628
vt 0.519457 0.250000
vt 0.514132 0.500000
vt 0.530176 0.446741
vt 0.509265 0.500000
vt 0.530656 0.448168
vt 0.530022 0.500000
vt 0.518010 0.544573
vt 0.513696 0.542333
vt 0.529506 0.586776
vt 0.525994 0.601292
vt 0.525923 0.524577
vt 0.517970 0.588689
vt 0.518397 0.547321
vt 0.516711 0.649356
vt 0.530772 0.592965
vt 0.529447 0.598282
vt 0.530797 0.593083
vt 0.528669 0.750000
vt 0.529109 0.664125
vt 0.530798 0.592864
vt 0.491418 0.750000
vt 0.490798 0.750000
vt 0.491084 0.742834
vt 0.484958 0.750000
vt 0.483386 0.628735
vt 0.486283 0.693702
vt 0.524528 0.719558
vt 0.516544 0.662838
vt 0.488766 1.000000
vt 0.486314 0.983884
vt 0.485692 0.876606
vt 0.530108 0.750000
vt 0.527991 0.922426
vt 0.485403 0.826725
vt 0.482853 0.750000
vt 0.481442 0.883054
vt 0.490406 0.845447
vt 0.494186 0.820456
vt 0.499868 0.976136
vt 0.503113 0.938610
vt 0.505008 1.000000
vt 0.502462 1.000000
vt 0.486143 1.000000
vt 0.480887 0.935449
vt 0.481261 1.000000
vt 0.480202 1.000000
vt 0.481195 0.906335
vt 0.504418 0.066090
vt 0.505724 0.231084
vt 0.503458 0.170247
vt 0.500881 0.212312
vt 0.500664 0.250000
vt 0.493446 0.157347
vt 0.501649 0.030448
vt 0.512146 0.000000
vt 0.498414 0.036616
vt 0.497624 0.038121
vt 0.498031 0.026490
vt 0.474738 0.000000
vt 0.468870 0.004345
vt 0.468870 0.000000
vt 0.496995 0.000000
vt 0.499776 0.072693
vt 0.493229 0.250000
vt 0.487003 0.221471
vt 0.493253 0.226268
vt 0.486975 0.250000
vt 0.479537 0.154852
vt 0.486001 0.267252
vt 0.487098 0.400599
vt 0.484077 0.385767
vt 0.493273 0.302946
vt 0.495253 0.312666
vt 0.493376 0.428278
vt 0.495951 0.398665
vt 0.493435 0.500000
vt 0.486993 0.272120
vt 0.496944 0.250000
vt 0.493329 0.431181
vt 0.468870 0.250000
vt 0.477194 0.658323
vt 0.467506 0.500000
vt 0.487246 0.567427
vt 0.487180 0.500000
vt 0.493481 0.547498
vt 0.492893 0.563094
vt 0.493496 0.562631
vt 0.488532 0.678593
vt 0.491035 0.750000
vt 0.497100 0.644824
vt 0.498545 0.665692
vt 0.499263 0.741353
vt 0.499457 0.750000
vt 0.497032 0.750000
vt 0.497931 0.681935
vt 0.495362 0.750000
vt 0.500120 0.738029
vt 0.500594 0.620454
vt 0.504221 0.750000
vt 0.499832 0.739147
vt 0.500026 0.750000
vt 0.499762 0.750000
vt 0.510783 0.500000
vt 0.495702 0.773955
vt 0.495451 0.757761
vt 0.502472 0.908045
vt 0.496995 1.000000
vt 0.478270 0.982662
vt 0.496517 0.922941
vt 0.492451 0.794690
vt 0.495529 0.775054
vt 0.467506 0.750000
vt 0.479248 0.750000
vt 0.467901 0.822385
vt 0.476835 0.894310
vt 0.476345 0.864147
vt 0.502263 0.926875
vt 0.497915 0.916934
vt 0.502728 0.924595
vt 0.512146 1.000000
vt 0.498365 0.946013
vt 0.474738 1.000000
vt 0.468581 0.946967
vt 0.468343 0.903427
vt 0.528851 0.250000
vt 0.523500 0.000000
vt 0.523768 0.000000
vt 0.548274 0.103741
vt 0.549208 0.000000
vt 0.548708 0.113212
vt 0.547777 0.171154
vt 0.548579 0.250000
vt 0.547367 0.226602
vt 0.550526 0.000000
vt 0.548963 0.097307
vt 0.548912 0.117680
vt 0.552428 0.250000
vt 0.556445 0.000000
vt 0.570034 0.136665
vt 0.554038 0.250000
vt 0.540670 0.054744
vt 0.529571 0.183303
vt 0.543612 0.000000
vt 0.546025 0.250000
vt 0.538393 0.250000
vt 0.547194 0.250000
vt 0.547755 0.250000
vt 0.517693 0.250000
vt 0.517708 0.248178
vt 0.517746 0.250000
vt 0.520803 0.250000
vt 0.553087 0.208995
vt 0.547123 0.211852
vt 0.549726 0.324908
vt 0.551979 0.340681
vt 0.546929 0.303640
vt 0.551943 0.500000
vt 0.545955 0.500000
vt 0.552149 0.482989
vt 0.536274 0.500000
vt 0.526827 0.500000
vt 0.516725 0.445237
vt 0.545204 0.415553
vt 0.544786 0.500000
vt 0.543903 0.500000
vt 0.546905 0.305152
vt 0.546259 0.300626
vt 0.546510 0.250000
vt 0.546921 0.305258
vt 0.518779 0.500000
vt 0.553394 0.379822
vt 0.569121 0.250000
vt 0.567881 0.500000
vt 0.552409 0.500000
vt 0.516454 0.500000
vt 0.516754 0.450139
vt 0.546788 0.612752
vt 0.543937 0.530944
vt 0.543865 0.502317
vt 0.549941 0.750000
vt 0.527560 0.567960
vt 0.538813 0.717751
vt 0.521798 0.750000
vt 0.552630 0.587721
vt 0.563668 0.750000
vt 0.521477 0.750000
vt 0.519500 0.566804
vt 0.556085 0.927435
vt 0.550526 1.000000
vt 0.550365 0.967491
vt 0.519708 1.000000
vt 0.518469 0.750000
vt 0.523500 1.000000
vt 0.544488 0.750000
vt 0.551494 0.850804
vt 0.543612 1.000000
vt 0.523768 1.000000
vt 0.542131 0.903855
vt 0.549728 0.100868
vt 0.550655 0.000000
vt 0.551447 0.000000
vt 0.540756 0.000000
vt 0.538972 0.042597
vt 0.537784 0.000000
vt 0.503397 0.082803
vt 0.503713 0.000000
vt 0.507153 0.000000
vt 0.496171 0.250000
vt 0.535186 0.000000
vt 0.529961 0.250000
vt 0.529534 0.000000
vt 0.492332 0.000000
vt 0.494178 0.000000
vt 0.549612 0.107709
vt 0.537529 0.250000
vt 0.482580 0.250000
vt 0.485291 0.120999
vt 0.546090 0.000000
vt 0.484803 0.098371
vt 0.482219 0.250000
vt 0.537091 0.353034
vt 0.488704 0.250000
vt 0.495424 0.426007
vt 0.502491 0.312851
vt 0.501697 0.500000
vt 0.482151 0.266048
vt 0.506101 0.500000
vt 0.502479 0.704675
vt 0.485418 0.750000
vt 0.549315 0.750000
vt 0.545028 0.750000
vt 0.548374 0.647677
vt 0.507056 0.750000
vt 0.549492 0.750000
vt 0.549719 0.710871
vt 0.550386 0.750000
vt 0.546125 0.500000
vt 0.551447 1.000000
vt 0.550655 1.000000
vt 0.550658 0.814165
vt 0.537784 1.000000
vt 0.537722 0.985540
vt 0.540756 1.000000
vt 0.546090 1.000000
vt 0.507153 1.000000
vt 0.502724 0.767038
vt 0.493993 0.956486
vt 0.494178 1.000000
vt 0.492332 1.000000
vt 0.534859 0.923052
vt 0.535186 1.000000
vt 0.529534 1.000000
vt 0.462692 0.000000
vt 0.464217 0.000000
vt 0.464095 0.032600
vt 0.454412 0.250000
vt 0.483497 0.000000
vt 0.503874 0.250000
vt 0.483658 0.250000
vt 0.478504 0.250000
vt 0.479175 0.350435
vt 0.456081 0.500000
vt 0.464885 0.659307
vt 0.467527 0.750000
vt 0.466069 0.750000
vt 0.472337 0.749583
vt 0.472324 0.750000
vt 0.472337 0.750000
vt 0.463114 0.936852
vt 0.457124 0.750000
vt 0.467434 0.763851
vt 0.462692 1.000000
vt 0.464217 1.000000
vt 0.483497 1.000000
vt 0.506587 0.750000
vt 0.504917 1.000000
vt 0.470655 1.000000
vt 0.538813 0.000000
vt 0.529954 0.250000
vt 0.525557 0.002688
vt 0.515631 0.159460
vt 0.507988 0.250000
vt 0.506737 0.136594
vt 0.495946 0.000000
vt 0.516630 0.250000
vt 0.525276 0.500000
vt 0.513375 0.500000
vt 0.504733 0.500000
vt 0.539124 0.500000
vt 0.538813 0.250000
vt 0.495946 0.250000
vt 0.496257 0.500000
vt 0.520831 0.750000
vt 0.510616 0.750000
vt 0.539124 0.586016
vt 0.539124 0.750000
vt 0.536208 0.750000
vt 0.501974 0.750000
vt 0.511716 0.834472
vt 0.525443 0.996474
vt 0.495946 1.000000
vt 0.503383 0.858207
vt 0.538942 0.896096
vt 0.538813 1.000000
vt 0.471750 0.000000
vt 0.470258 0.019930
vt 0.470177 0.000000
vt 0.473255 0.250000
vt 0.464015 0.143961
vt 0.509642 0.000000
vt 0.477629 0.250000
vt 0.480586 0.126550
vt 0.476318 0.000000
vt 0.476938 0.250000
vt 0.459170 0.119520
vt 0.445007 0.250000
vt 0.447957 0.052159
vt 0.443080 0.250000
vt 0.460603 0.000000
vt 0.461385 0.250000
vt 0.463301 0.000000
vt 0.465741 0.000000
vt 0.472016 0.000000
vt 0.474779 0.064292
vt 0.514986 0.236432
vt 0.529127 0.000000
vt 0.522965 0.250000
vt 0.513632 0.250000
vt 0.464540 0.250000
vt 0.462744 0.250000
vt 0.515052 0.258357
vt 0.510963 0.500000
vt 0.510732 0.250000
vt 0.477118 0.500000
vt 0.477860 0.500000
vt 0.515276 0.500000
vt 0.464623 0.339623
vt 0.464772 0.500000
vt 0.462967 0.491052
vt 0.443245 0.428283
vt 0.473486 0.500000
vt 0.460805 0.483629
vt 0.445224 0.484466
vt 0.448449 0.477707
vt 0.448470 0.500000
vt 0.443299 0.486601
vt 0.445189 0.446742
vt 0.457649 0.296563
vt 0.456064 0.383447
vt 0.456172 0.500000
vt 0.457763 0.419334
vt 0.457837 0.500000
vt 0.458713 0.573036
vt 0.460820 0.500000
vt 0.460952 0.516008
vt 0.463533 0.750000
vt 0.446724 0.638443
vt 0.459663 0.652294
vt 0.514916 0.582579
vt 0.510783 0.541160
vt 0.529359 0.750000
vt 0.480783 0.622032
vt 0.479295 0.750000
vt 0.474976 0.684290
vt 0.462249 0.500000
vt 0.457106 0.613972
vt 0.443312 0.500000
vt 0.472247 0.750000
vt 0.513955 1.000000
vt 0.509754 0.878630
vt 0.514090 0.853119
vt 0.479115 1.000000
vt 0.476550 0.750000
vt 0.471803 0.943083
vt 0.465881 0.848162
vt 0.463470 0.818111
vt 0.460603 1.000000
vt 0.460802 0.784867
vt 0.470177 1.000000
vt 0.471750 1.000000
vt 0.463301 1.000000
vt 0.465740 1.000000
vt 0.449474 0.750000
vt 0.449243 1.000000
vt 0.476318 1.000000
vt 0.472016 1.000000
vt 0.462449 0.000000
vt 0.446765 0.250000
vt 0.442381 0.000000
vt 0.466982 0.000000
vt 0.466684 0.021978
vt 0.466198 0.000000
vt 0.471328 0.231863
vt 0.466545 0.250000
vt 0.465281 0.125563
vt 0.471467 0.232173
vt 0.471050 0.250000
vt 0.471552 0.250000
vt 0.471607 0.245941
vt 0.458621 0.250000
vt 0.471768 0.202958
vt 0.473171 0.250000
vt 0.469108 0.000000
vt 0.498908 0.250000
vt 0.458616 0.500000
vt 0.448257 0.500000
vt 0.467833 0.408340
vt 0.467450 0.401701
vt 0.498832 0.500000
vt 0.474662 0.500000
vt 0.471202 0.264883
vt 0.471330 0.259445
vt 0.471503 0.294262
vt 0.472680 0.409416
vt 0.473114 0.500000
vt 0.472467 0.488778
vt 0.471283 0.250000
vt 0.467559 0.419984
vt 0.472523 0.500000
vt 0.461177 0.500000
vt 0.464629 0.352743
vt 0.460664 0.449841
vt 0.499932 0.421722
vt 0.500399 0.500000
vt 0.462836 0.750000
vt 0.501444 0.558479
vt 0.473220 0.500000
vt 0.473072 0.553310
vt 0.472745 0.521506
vt 0.472641 0.511493
vt 0.468544 0.711383
vt 0.469067 0.750000
vt 0.467689 0.750000
vt 0.465496 0.750000
vt 0.464416 0.711551
vt 0.466370 0.664042
vt 0.445998 0.750000
vt 0.443872 0.750000
vt 0.465005 0.750000
vt 0.504866 0.750000
vt 0.467522 0.636005
vt 0.467026 0.599402
vt 0.466357 0.973381
vt 0.462449 1.000000
vt 0.442381 1.000000
vt 0.452982 0.921020
vt 0.469108 1.000000
vt 0.470289 0.802024
vt 0.466982 1.000000
vt 0.464608 0.898925
vt 0.466198 1.000000
vt 0.477190 0.250000
vt 0.473284 0.025780
vt 0.477619 0.057985
vt 0.472022 0.000000
vt 0.484211 0.010184
vt 0.484180 0.000000
vt 0.484861 0.000000
vt 0.472758 0.250000
vt 0.472783 0.250000
vt 0.472650 0.275291
vt 0.471686 0.500000
vt 0.500060 0.284182
vt 0.519608 0.250000
vt 0.499134 0.500000
vt 0.515602 0.500000
vt 0.475868 0.500000
vt 0.471966 0.726041
vt 0.471558 0.543269
vt 0.470950 0.750000
vt 0.476301 0.693836
vt 0.517800 0.750000
vt 0.518536 0.500000
vt 0.507808 0.750000
vt 0.515826 0.750000
vt 0.508258 0.855086
vt 0.518873 1.000000
vt 0.484496 0.963145
vt 0.484861 1.000000
vt 0.484180 1.000000
vt 0.482082 0.000000
vt 0.475978 0.250000
vt 0.475978 0.000000
vt 0.484760 0.250000
vt 0.493230 0.000000
vt 0.493305 0.006953
vt 0.510999 0.000000
vt 0.504839 0.034986
vt 0.504516 0.000000
vt 0.505569 0.114110
vt 0.491946 0.175815
vt 0.497791 0.250000
vt 0.491979 0.250000
vt 0.482373 0.484419
vt 0.499102 0.250000
vt 0.498596 0.299703
vt 0.488288 0.250000
vt 0.482798 0.500000
vt 0.496029 0.500000
vt 0.489678 0.500000
vt 0.496557 0.500000
vt 0.501786 0.623499
vt 0.495984 0.600399
vt 0.490685 0.750000
vt 0.482798 0.750000
vt 0.502708 0.670047
vt 0.492104 0.617530
vt 0.503823 0.750000
vt 0.503023 0.635890
vt 0.508454 0.750000
vt 0.480659 0.860248
vt 0.475978 1.000000
vt 0.480881 0.820276
vt 0.482082 1.000000
vt 0.493230 1.000000
vt 0.502730 0.824658
vt 0.510999 1.000000
vt 0.504516 1.000000
vt 0.489866 0.000000
vt 0.489395 0.104523
vt 0.489235 0.000000
vt 0.477764 0.000000
vt 0.477577 0.102404
vt 0.474518 0.250000
vt 0.480966 0.000000
vt 0.481999 0.000000
vt 0.482057 0.024102
vt 0.489980 0.199024
vt 0.493582 0.084284
vt 0.499087 0.250000
vt 0.493453 0.000000
vt 0.489924 0.101967
vt 0.477307 0.250000
vt 0.517695 0.000000
vt 0.498485 0.000000
vt 0.482601 0.250000
vt 0.474188 0.500000
vt 0.506164 0.500000
vt 0.517695 0.250000
vt 0.521493 0.500000
vt 0.492078 0.287827
vt 0.503687 0.500000
vt 0.490901 0.500000
vt 0.469948 0.500000
vt 0.505744 0.674528
vt 0.497176 0.750000
vt 0.503626 0.607592
vt 0.489610 0.528501
vt 0.489679 0.500000
vt 0.470686 0.750000
vt 0.474646 0.750000
vt 0.492926 0.750000
vt 0.489277 0.666999
vt 0.493025 0.685120
vt 0.521493 0.750000
vt 0.482106 0.694183
vt 0.488838 0.664881
vt 0.482074 0.750000
vt 0.489077 0.750000
vt 0.488708 0.750000
vt 0.475256 1.000000
vt 0.477764 1.000000
vt 0.479808 0.791420
vt 0.493320 0.936879
vt 0.493453 1.000000
vt 0.489866 1.000000
vt 0.501107 0.907366
vt 0.497763 0.855676
vt 0.488734 0.762111
vt 0.480966 1.000000
vt 0.489235 1.000000
vt 0.498485 1.000000
vt 0.481999 1.000000
vt 0.519557 0.250000
vt 0.525957 0.000000
vt 0.524329 0.250000
vt 0.517088 0.500000
vt 0.517123 0.496406
vt 0.517274 0.500000
vt 0.521860 0.500000
vt 0.516074 0.750000
vt 0.502684 0.750000
vt 0.507424 0.667727
vt 0.505078 0.750000
vt 0.505153 1.000000
vt 0.507172 0.962051
vt 0.546841 0.250000
vt 0.543163 0.250000
vt 0.542621 0.202610
vt 0.524581 0.000000
vt 0.540307 0.000000
vt 0.499907 0.232651
vt 0.498643 0.250000
vt 0.499729 0.130696
vt 0.508366 0.250000
vt 0.503902 0.241682
vt 0.507224 0.000000
vt 0.509338 0.067297
vt 0.551697 0.000000
vt 0.553206 0.000000
vt 0.552537 0.073525
vt 0.501452 0.250000
vt 0.505188 0.000000
vt 0.546985 0.283066
vt 0.550931 0.250000
vt 0.548822 0.500000
vt 0.544483 0.308307
vt 0.502213 0.424105
vt 0.499736 0.500000
vt 0.504163 0.250000
vt 0.509354 0.475986
vt 0.504951 0.500000
vt 0.525476 0.500000
vt 0.502007 0.377007
vt 0.503903 0.260289
vt 0.502544 0.500000
vt 0.499996 0.528619
vt 0.505500 0.603330
vt 0.502011 0.750000
vt 0.547057 0.654546
vt 0.554299 0.750000
vt 0.552354 0.594611
vt 0.552082 0.506455
vt 0.552795 0.584819
vt 0.508746 0.500000
vt 0.525647 0.756128
vt 0.505488 0.931417
vt 0.541896 0.929772
vt 0.551697 1.000000
vt 0.552972 0.943663
vt 0.507224 1.000000
vt 0.505188 1.000000
vt 0.490800 0.010100
vt 0.490351 0.250000
vt 0.486786 0.000000
vt 0.513286 0.182347
vt 0.506779 0.250000
vt 0.506342 0.094166
vt 0.490853 0.000000
vt 0.491268 0.005304
vt 0.513833 0.000000
vt 0.491288 0.000000
vt 0.491787 0.000000
vt 0.485849 0.250000
vt 0.470311 0.000000
vt 0.514630 0.500000
vt 0.486468 0.358486
vt 0.507507 0.377378
vt 0.513476 0.250000
vt 0.513792 0.305299
vt 0.490694 0.310020
vt 0.509836 0.697227
vt 0.503631 0.750000
vt 0.503595 0.726321
vt 0.488211 0.750000
vt 0.488173 0.739867
vt 0.488767 0.750000
vt 0.503666 0.809078
vt 0.509917 0.750000
vt 0.509995 0.881667
vt 0.513833 1.000000
vt 0.492471 0.792488
vt 0.490941 0.990301
vt 0.491319 0.994634
vt 0.486786 1.000000
vt 0.471107 0.750000
vt 0.491288 1.000000
vt 0.491787 1.000000
vt 0.563005 0.000000
vt 0.559710 0.176300
vt 0.561222 0.001915
vt 0.552801 0.131858
vt 0.555473 0.000000
vt 0.557804 0.096983
vt 0.563054 0.002019
vt 0.575079 0.000000
vt 0.559070 0.250000
vt 0.560108 0.000000
vt 0.528211 0.000000
vt 0.528484 0.000000
vt 0.528342 0.007073
vt 0.511196 0.122943
vt 0.507651 0.000000
vt 0.513756 0.000000
vt 0.530755 0.000000
vt 0.531497 0.118188
vt 0.559709 0.176265
vt 0.538334 0.054785
vt 0.540663 0.250000
vt 0.585047 0.250000
vt 0.569138 0.250000
vt 0.538113 0.000000
vt 0.542765 0.000000
vt 0.555530 0.250000
vt 0.554168 0.250000
vt 0.554858 0.220932
vt 0.579773 0.336112
vt 0.575710 0.493076
vt 0.575029 0.398865
vt 0.554717 0.325910
vt 0.562753 0.425826
vt 0.564633 0.500000
vt 0.563290 0.500000
vt 0.545056 0.427166
vt 0.540930 0.500000
vt 0.539335 0.279466
vt 0.516668 0.500000
vt 0.514860 0.250000
vt 0.560210 0.407656
vt 0.553289 0.459169
vt 0.555531 0.438567
vt 0.560878 0.500000
vt 0.513004 0.627056
vt 0.515564 0.750000
vt 0.509459 0.750000
vt 0.540498 0.606857
vt 0.541773 0.500000
vt 0.555753 0.750000
vt 0.561517 0.573735
vt 0.575445 0.531256
vt 0.575444 0.750000
vt 0.573233 0.750000
vt 0.567380 0.643190
vt 0.575444 0.500000
vt 0.559568 0.703725
vt 0.561805 0.606881
vt 0.553585 0.500000
vt 0.559047 0.676532
vt 0.558500 0.750000
vt 0.564813 0.750000
vt 0.560456 0.750000
vt 0.575881 0.889105
vt 0.577958 0.815430
vt 0.575476 0.945023
vt 0.542765 1.000000
vt 0.539764 0.771606
vt 0.543774 0.860570
vt 0.514555 0.889554
vt 0.507651 1.000000
vt 0.561593 0.794706
vt 0.559081 0.804256
vt 0.572393 0.866064
vt 0.575079 1.000000
vt 0.564358 0.812972
vt 0.572141 0.900909
vt 0.585047 1.000000
vt 0.576886 0.963662
vt 0.556013 0.925271
vt 0.553945 1.000000
vt 0.528211 1.000000
vt 0.523616 0.928661
vt 0.528503 0.977498
vt 0.528484 1.000000
vt 0.528637 0.978833
vt 0.530755 1.000000
vt 0.560539 0.940426
vt 0.563005 1.000000
vt 0.528827 0.952612
vt 0.560108 1.000000
vt 0.561177 1.000000
vt 0.427003 0.084160
vt 0.434348 0.250000
vt 0.418476 0.081073
vt 0.443182 0.239824
vt 0.440260 0.163438
vt 0.438308 0.000000
vt 0.455024 0.000000
vt 0.450193 0.250000
vt 0.446348 0.000000
vt 0.446359 0.063829
vt 0.444423 0.250000
vt 0.443768 0.207407
vt 0.475808 0.000000
vt 0.493194 0.250000
vt 0.477574 0.250000
vt 0.418734 0.000000
vt 0.418700 0.064069
vt 0.436930 0.000000
vt 0.439366 0.250000
vt 0.462990 0.250000
vt 0.454231 0.250000
vt 0.448380 0.250000
vt 0.476010 0.250000
vt 0.495203 0.000000
vt 0.502701 0.250000
vt 0.514198 0.000000
vt 0.522287 0.250000
vt 0.474173 0.000000
vt 0.443293 0.250000
vt 0.481956 0.414063
vt 0.472924 0.500000
vt 0.484706 0.422055
vt 0.444367 0.500000
vt 0.425017 0.500000
vt 0.435091 0.422770
vt 0.454573 0.329573
vt 0.446009 0.500000
vt 0.450738 0.376842
vt 0.521761 0.458342
vt 0.521940 0.500000
vt 0.520246 0.500000
vt 0.494269 0.500000
vt 0.503776 0.500000
vt 0.485041 0.500000
vt 0.482224 0.500000
vt 0.455484 0.500000
vt 0.463654 0.404433
vt 0.448820 0.352415
vt 0.439573 0.297961
vt 0.445088 0.404787
vt 0.448107 0.389856
vt 0.456099 0.750000
vt 0.455305 0.500000
vt 0.446741 0.750000
vt 0.448161 0.619213
vt 0.442750 0.750000
vt 0.480895 0.500000
vt 0.479354 0.750000
vt 0.479058 0.750000
vt 0.520760 0.570679
vt 0.462554 0.750000
vt 0.471087 0.750000
vt 0.423403 0.750000
vt 0.418935 0.687964
vt 0.423365 0.677244
vt 0.488109 0.750000
vt 0.515273 0.750000
vt 0.523362 0.500000
vt 0.496278 0.750000
vt 0.505785 0.750000
vt 0.493254 0.750000
vt 0.492211 0.750000
vt 0.492691 0.731637
vt 0.442066 0.712116
vt 0.493998 0.800399
vt 0.487068 0.992249
vt 0.495656 0.894607
vt 0.495203 1.000000
vt 0.463783 1.000000
vt 0.455024 1.000000
vt 0.445509 0.894845
vt 0.495759 0.870759
vt 0.505693 0.771521
vt 0.504711 1.000000
vt 0.514198 1.000000
vt 0.474173 1.000000
vt 0.472288 0.847288
vt 0.446106 0.897800
vt 0.446006 0.920980
vt 0.437077 0.965745
vt 0.441123 0.873157
vt 0.416509 0.847355
vt 0.427046 1.000000
vt 0.438308 1.000000
vt 0.436930 1.000000
vt 0.472825 0.890794
vt 0.464748 0.775656
vt 0.446348 1.000000
vt 0.446774 0.901101
vt 0.418476 1.000000
vt 0.418734 1.000000
vt 0.517576 0.250000
vt 0.507281 0.250000
vt 0.506555 0.146759
vt 0.478881 0.208721
vt 0.470597 0.250000
vt 0.470597 0.230709
vt 0.524224 0.000000
vt 0.520302 0.373858
vt 0.524224 0.250000
vt 0.521068 0.500000
vt 0.479458 0.250000
vt 0.495599 0.500000
vt 0.476716 0.500000
vt 0.514407 0.500000
vt 0.467574 0.500000
vt 0.468452 0.419933
vt 0.467441 0.500000
vt 0.467441 0.509500
vt 0.473223 0.750000
vt 0.467441 0.750000
vt 0.513796 0.586945
vt 0.508225 0.750000
vt 0.503771 0.680853
vt 0.508275 0.726174
vt 0.503626 0.750000
vt 0.496390 0.750000
vt 0.503849 0.643606
vt 0.493841 0.750000
vt 0.505152 0.667914
vt 0.495574 0.787077
vt 0.505132 0.950874
vt 0.524224 1.000000
vt 0.470597 1.000000
vt 0.468115 0.803370
vt 0.473949 0.816202
vt 0.508562 0.794985
vt 0.547824 0.500000
vt 0.544905 0.500000
vt 0.546280 0.412578
vt 0.547824 0.542521
vt 0.500926 0.242775
vt 0.502705 0.250000
vt 0.500919 0.250000
vt 0.496340 0.250000
vt 0.503294 0.094186
vt 0.497126 0.019279
vt 0.484555 0.000000
vt 0.507335 0.000000
vt 0.496806 0.500000
vt 0.502766 0.251494
vt 0.503919 0.250000
vt 0.506989 0.325494
vt 0.504977 0.435037
vt 0.503230 0.500000
vt 0.502763 0.250000
vt 0.484555 0.250000
vt 0.482847 0.500000
vt 0.500562 0.500000
vt 0.509079 0.406741
vt 0.511414 0.434308
vt 0.506612 0.346060
vt 0.508946 0.500000
vt 0.507619 0.500000
vt 0.514086 0.500000
vt 0.510208 0.500000
vt 0.497589 0.729765
vt 0.502106 0.750000
vt 0.482847 0.750000
vt 0.503362 0.538613
vt 0.505536 0.529784
vt 0.503434 0.559844
vt 0.508960 0.515881
vt 0.508530 0.750000
vt 0.500607 0.549797
vt 0.503377 0.560664
vt 0.502655 0.668254
vt 0.503758 0.654858
vt 0.507335 1.000000
vt 0.504807 0.897005
vt 0.517502 0.750000
vt 0.482894 0.000000
vt 0.484248 0.250000
vt 0.465783 0.250000
vt 0.485073 0.000000
vt 0.484269 0.243875
vt 0.484303 0.250000
vt 0.485385 0.000000
vt 0.501890 0.000000
vt 0.496896 0.250000
vt 0.488351 0.250000
vt 0.512357 0.000000
vt 0.504791 0.250000
vt 0.503964 0.175602
vt 0.503299 0.250000
vt 0.502940 0.186375
vt 0.489386 0.500000
vt 0.482479 0.499427
vt 0.501081 0.430690
vt 0.492711 0.500000
vt 0.490670 0.318970
vt 0.510571 0.466229
vt 0.503412 0.500000
vt 0.474191 0.500000
vt 0.489965 0.418349
vt 0.510865 0.430603
vt 0.512357 0.250000
vt 0.482480 0.501536
vt 0.473874 0.750000
vt 0.482498 0.500000
vt 0.483300 0.750000
vt 0.491302 0.750000
vt 0.510292 0.580058
vt 0.503336 0.506837
vt 0.498532 0.750000
vt 0.510292 0.692436
vt 0.510292 0.750000
vt 0.490211 0.750000
vt 0.490401 0.776798
vt 0.501890 1.000000
vt 0.490835 0.837944
vt 0.484694 0.946491
vt 0.505100 0.904559
vt 0.512357 1.000000
vt 0.485385 1.000000
vt 0.485073 1.000000
vt 0.465466 1.000000
vt 0.482894 1.000000
vt 0.490777 0.250000
vt 0.473746 0.000000
vt 0.490777 0.000000
vt 0.501874 0.453647
vt 0.518369 0.318547
vt 0.499746 0.500000
vt 0.488929 0.467513
vt 0.472895 0.500000
vt 0.501995 0.277868
vt 0.488907 0.500000
vt 0.499986 0.537892
vt 0.489018 0.750000
vt 0.487606 0.526558
vt 0.473574 0.750000
vt 0.518244 0.500000
vt 0.489597 0.750000
vt 0.489606 0.762823
vt 0.519047 0.929771
vt 0.473746 1.000000
vt 0.493602 0.750000
vt 0.498501 0.723457
vt 0.498501 0.750000
vt 0.498487 0.766070
vt 0.523026 0.000000
vt 0.526053 0.000000
vt 0.523341 0.037676
vt 0.507505 0.000000
vt 0.503571 0.031861
vt 0.503570 0.000000
vt 0.503570 0.250000
vt 0.507582 0.008049
vt 0.508058 0.250000
vt 0.523903 0.500000
vt 0.503038 0.500000
vt 0.533426 0.500000
vt 0.533884 0.447998
vt 0.540667 0.500000
vt 0.524964 0.379609
vt 0.521793 0.545265
vt 0.533291 0.552388
vt 0.523695 0.580714
vt 0.527584 0.750000
vt 0.520081 0.750000
vt 0.503038 0.630087
vt 0.511753 0.573160
vt 0.510062 0.750000
vt 0.507505 1.000000
vt 0.503038 0.750000
vt 0.546336 0.844497
vt 0.526725 0.994844
vt 0.523026 1.000000
vt 0.494818 0.030996
vt 0.494571 0.000000
vt 0.496006 0.000000
vt 0.497325 0.750000
vt 0.495890 0.750000
vt 0.496137 0.719005
vt 0.496586 0.890110
vt 0.495293 0.863011
vt 0.496006 1.000000
vt 0.501090 0.180811
vt 0.504537 0.250000
vt 0.500588 0.250000
vt 0.484703 0.068840
vt 0.467695 0.250000
vt 0.488919 0.000000
vt 0.493960 0.000000
vt 0.485642 0.250000
vt 0.508065 0.150061
vt 0.516541 0.000000
vt 0.517438 0.113750
vt 0.502017 0.000000
vt 0.496590 0.187494
vt 0.495055 0.000000
vt 0.518517 0.250000
vt 0.493250 0.500000
vt 0.495256 0.250000
vt 0.483636 0.500000
vt 0.466456 0.500000
vt 0.503298 0.500000
vt 0.496341 0.500000
vt 0.517278 0.500000
vt 0.482756 0.669620
vt 0.464579 0.750000
vt 0.500778 0.750000
vt 0.493815 0.750000
vt 0.497226 0.621876
vt 0.498097 0.604406
vt 0.496825 0.566677
vt 0.501213 0.696875
vt 0.513145 0.524825
vt 0.515401 0.750000
vt 0.511370 0.750000
vt 0.495611 0.530650
vt 0.491954 0.750000
vt 0.487680 0.750000
vt 0.495055 1.000000
vt 0.488919 1.000000
vt 0.465818 1.000000
vt 0.506881 1.000000
vt 0.516619 0.995671
vt 0.493960 1.000000
vt 0.516640 1.000000
vt 0.516541 1.000000
vt 0.530327 0.000000
vt 0.528843 0.064135
vt 0.529163 0.000000
vt 0.537847 0.250000
vt 0.530581 0.096923
vt 0.534854 0.177531
vt 0.535738 0.000000
vt 0.539956 0.209230
vt 0.539603 0.074255
vt 0.539408 0.000000
vt 0.540345 0.000000
vt 0.507471 0.250000
vt 0.546837 0.196427
vt 0.542983 0.250000
vt 0.547586 0.000000
vt 0.547541 0.250000
vt 0.547586 0.162707
vt 0.547586 0.250000
vt 0.543067 0.358634
vt 0.538082 0.285260
vt 0.543620 0.345331
vt 0.532300 0.447387
vt 0.537186 0.500000
vt 0.539339 0.250000
vt 0.547547 0.250927
vt 0.532631 0.645893
vt 0.532250 0.653076
vt 0.532323 0.625503
vt 0.528514 0.723569
vt 0.531996 0.750000
vt 0.534206 0.750000
vt 0.534524 0.610173
vt 0.535221 0.750000
vt 0.530327 1.000000
vt 0.528646 0.750000
vt 0.517342 0.750000
vt 0.529163 1.000000
vt 0.515672 1.000000
vt 0.535283 0.780203
vt 0.539994 0.912289
vt 0.535738 1.000000
vt 0.545482 1.000000
vt 0.545773 0.956412
vt 0.547586 1.000000
vt 0.541346 0.850006
vt 0.428165 0.000000
vt 0.389679 0.250000
vt 0.390729 0.000000
vt 0.440343 0.265534
vt 0.389910 0.500000
vt 0.440525 0.462276
vt 0.443188 0.500000
vt 0.440560 0.500000
vt 0.444767 0.260626
vt 0.443135 0.442656
vt 0.438911 0.474407
vt 0.439277 0.586065
vt 0.438935 0.500000
vt 0.444988 0.500000
vt 0.443274 0.525839
vt 0.422768 0.750000
vt 0.416108 0.750000
vt 0.419864 0.562893
vt 0.439221 0.586900
vt 0.428165 1.000000
vt 0.390728 1.000000
vt 0.415935 0.937538
vt 0.492043 0.000000
vt 0.496095 0.226311
vt 0.491925 0.224584
vt 0.511467 0.250000
vt 0.486363 0.250000
vt 0.516242 0.250000
vt 0.516758 0.204895
vt 0.517305 0.250000
vt 0.517566 0.250000
vt 0.517536 0.215446
vt 0.518178 0.250000
vt 0.517351 0.000000
vt 0.529113 0.250000
vt 0.511515 0.246361
vt 0.511518 0.250000
vt 0.516980 0.185543
vt 0.514501 0.018559
vt 0.495934 0.500000
vt 0.491890 0.286490
vt 0.496062 0.284010
vt 0.517555 0.277456
vt 0.516458 0.325779
vt 0.517484 0.500000
vt 0.511367 0.500000
vt 0.517496 0.430370
vt 0.525879 0.435048
vt 0.518759 0.369214
vt 0.517610 0.275023
vt 0.517558 0.270711
vt 0.529144 0.433109
vt 0.526200 0.500000
vt 0.496016 0.654220
vt 0.510244 0.592672
vt 0.486404 0.750000
vt 0.518975 0.613832
vt 0.512306 0.750000
vt 0.491845 0.655947
vt 0.529155 0.500000
vt 0.528286 0.670377
vt 0.517326 0.750000
vt 0.512656 0.785960
vt 0.516935 0.781995
vt 0.514536 0.978677
vt 0.517266 0.781688
vt 0.529113 1.000000
vt 0.491975 0.885033
vt 0.511221 0.787291
vt 0.496148 0.887513
vt 0.492043 1.000000
vt 0.517351 1.000000
vt 0.511304 1.000000
vt 0.452055 0.000000
vt 0.439796 0.250000
vt 0.439796 0.000000
vt 0.453448 0.445122
vt 0.452207 0.500000
vt 0.452063 0.475867
vt 0.443581 0.500000
vt 0.447740 0.332013
vt 0.448742 0.500000
vt 0.433968 0.500000
vt 0.436534 0.320051
vt 0.435882 0.477333
vt 0.437330 0.453532
vt 0.436017 0.500000
vt 0.430984 0.500000
vt 0.428155 0.500000
vt 0.430663 0.446141
vt 0.437608 0.500000
vt 0.440103 0.407972
vt 0.440651 0.500000
vt 0.452284 0.250000
vt 0.435837 0.335014
vt 0.438376 0.750000
vt 0.436900 0.654694
vt 0.442852 0.568615
vt 0.442026 0.750000
vt 0.436850 0.651512
vt 0.436757 0.685986
vt 0.434194 0.665229
vt 0.453772 0.503418
vt 0.452541 0.595514
vt 0.444300 0.750000
vt 0.430370 0.634244
vt 0.453547 0.750000
vt 0.446087 0.750000
vt 0.453080 0.750000
vt 0.450475 0.750000
vt 0.428155 0.717385
vt 0.428414 0.750000
vt 0.428155 0.750000
vt 0.428155 0.737032
vt 0.434267 0.718622
vt 0.445809 0.796633
vt 0.441700 0.804626
vt 0.453169 0.813215
vt 0.452758 0.804073
vt 0.453105 0.824020
vt 0.452055 1.000000
vt 0.428567 0.758846
vt 0.495519 0.000000
vt 0.486876 0.250000
vt 0.485313 0.000000
vt 0.529312 0.250000
vt 0.507215 0.250000
vt 0.523411 0.195589
vt 0.522949 0.000000
vt 0.516013 0.000000
vt 0.500864 0.104551
vt 0.504679 0.000000
vt 0.504849 0.086082
vt 0.505042 0.184553
vt 0.500847 0.246241
vt 0.504925 0.000000
vt 0.506916 0.000000
vt 0.496011 0.250000
vt 0.500552 0.000000
vt 0.500851 0.250000
vt 0.500591 0.250000
vt 0.501242 0.386308
vt 0.524479 0.300318
vt 0.528202 0.500000
vt 0.520545 0.500000
vt 0.530011 0.500000
vt 0.497250 0.419608
vt 0.530863 0.500000
vt 0.532066 0.445250
vt 0.532838 0.500000
vt 0.531658 0.416379
vt 0.501499 0.558443
vt 0.497776 0.531019
vt 0.518654 0.549986
vt 0.506679 0.661910
vt 0.504398 0.750000
vt 0.504494 0.685102
vt 0.501269 0.750000
vt 0.500307 0.665693
vt 0.501364 0.670594
vt 0.507792 0.617571
vt 0.497345 0.750000
vt 0.501466 0.585274
vt 0.518181 0.750000
vt 0.532838 0.750000
vt 0.530663 0.513541
vt 0.527610 0.750000
vt 0.529312 1.000000
vt 0.522949 1.000000
vt 0.504870 0.973837
vt 0.506505 0.750000
vt 0.485313 1.000000
vt 0.480388 0.750000
vt 0.516013 1.000000
vt 0.500709 1.000000
vt 0.514732 0.934967
vt 0.506916 1.000000
vt 0.500182 0.750000
vt 0.500552 1.000000
vt 0.495519 1.000000
vt 0.504925 1.000000
vt 0.504679 1.000000
vt 0.500643 0.968415
vt 0.507633 0.750000
vt 0.481774 0.250000
vt 0.511102 0.000000
vt 0.511102 0.250000
vt 0.489292 0.500000
vt 0.487107 0.750000
vt 0.487009 0.750000
vt 0.487026 0.748059
vt 0.508793 0.500000
vt 0.484063 0.851214
vt 0.508793 0.750000
vt 0.479490 1.000000
vt 0.521530 0.000000
vt 0.520609 0.072764
vt 0.517144 0.000000
vt 0.522163 0.105387
vt 0.523099 0.000000
vt 0.528894 0.250000
vt 0.491993 0.000000
vt 0.480664 0.250000
vt 0.480664 0.000000
vt 0.521764 0.039007
vt 0.501635 0.226458
vt 0.514356 0.000000
vt 0.501297 0.250000
vt 0.492387 0.250000
vt 0.501278 0.000000
vt 0.512515 0.250000
vt 0.525232 0.500000
vt 0.525177 0.371390
vt 0.527449 0.500000
vt 0.481364 0.330382
vt 0.481033 0.292344
vt 0.481965 0.313074
vt 0.494173 0.473290
vt 0.504538 0.500000
vt 0.482841 0.500000
vt 0.517849 0.500000
vt 0.518272 0.474406
vt 0.518407 0.482508
vt 0.523233 0.318936
vt 0.521151 0.497569
vt 0.524163 0.403173
vt 0.521194 0.500000
vt 0.517456 0.500000
vt 0.514546 0.250000
vt 0.523368 0.750000
vt 0.519692 0.750000
vt 0.519690 0.750000
vt 0.514957 0.750000
vt 0.511665 0.750000
vt 0.526216 0.705401
vt 0.531071 0.500000
vt 0.531071 0.750000
vt 0.494281 0.566827
vt 0.504929 0.553112
vt 0.496913 0.750000
vt 0.493992 0.750000
vt 0.525286 0.787437
vt 0.524662 0.905841
vt 0.515941 0.962282
vt 0.514356 1.000000
vt 0.491993 1.000000
vt 0.482841 0.750000
vt 0.518004 0.845505
vt 0.519691 0.750041
vt 0.521206 0.945845
vt 0.522423 0.835644
vt 0.523717 0.876221
vt 0.521530 1.000000
vt 0.517144 1.000000
vt 0.501278 1.000000
vt 0.502002 0.909488
vt 0.509856 0.858957
vt 0.523099 1.000000
vt 0.509084 0.068728
vt 0.509137 0.073416
vt 0.509005 0.071462
vt 0.504196 0.000000
vt 0.512406 0.000000
vt 0.562980 0.041232
vt 0.562850 0.000000
vt 0.564959 0.000000
vt 0.563373 0.166048
vt 0.568482 0.250000
vt 0.489636 0.250000
vt 0.497130 0.000000
vt 0.500092 0.250000
vt 0.511141 0.250000
vt 0.505987 0.250000
vt 0.534704 0.250000
vt 0.542280 0.000000
vt 0.545673 0.250000
vt 0.466131 0.250000
vt 0.470890 0.147629
vt 0.472041 0.152835
vt 0.465424 0.250000
vt 0.466144 0.236523
vt 0.554839 0.236641
vt 0.560304 0.096991
vt 0.575258 0.000000
vt 0.566879 0.000000
vt 0.561285 0.250000
vt 0.531312 0.000000
vt 0.511221 0.104389
vt 0.560879 0.186678
vt 0.480948 0.000000
vt 0.479769 0.070654
vt 0.479254 0.000000
vt 0.478771 0.000000
vt 0.505392 0.197570
vt 0.571872 0.500000
vt 0.567355 0.411380
vt 0.572187 0.426683
vt 0.545257 0.346873
vt 0.559539 0.500000
vt 0.510201 0.469164
vt 0.471950 0.250000
vt 0.470186 0.500000
vt 0.482870 0.476741
vt 0.476005 0.500000
vt 0.464352 0.500000
vt 0.575573 0.500000
vt 0.566407 0.408378
vt 0.566736 0.500000
vt 0.566014 0.500000
vt 0.562187 0.474449
vt 0.509860 0.500000
vt 0.504915 0.500000
vt 0.499020 0.500000
vt 0.562877 0.500000
vt 0.561883 0.500000
vt 0.482770 0.500000
vt 0.481879 0.500000
vt 0.488563 0.500000
vt 0.567897 0.750000
vt 0.565631 0.672457
vt 0.566869 0.750000
vt 0.565133 0.750000
vt 0.470281 0.600277
vt 0.476075 0.574094
vt 0.482667 0.513293
vt 0.486908 0.639659
vt 0.477699 0.750000
vt 0.553642 0.552957
vt 0.553022 0.750000
vt 0.507531 0.723609
vt 0.562486 0.720811
vt 0.564449 0.598446
vt 0.561908 0.708767
vt 0.558920 0.596614
vt 0.562176 0.623550
vt 0.574186 0.750000
vt 0.503839 0.594768
vt 0.510010 0.505222
vt 0.558637 0.640629
vt 0.496058 0.750000
vt 0.563887 0.750000
vt 0.562499 0.721086
vt 0.562565 0.750000
vt 0.562039 0.750000
vt 0.562488 0.721753
vt 0.561778 0.750000
vt 0.568038 0.782846
vt 0.562258 0.801151
vt 0.563140 0.798358
vt 0.564081 0.795378
vt 0.565421 0.791135
vt 0.541561 0.832322
vt 0.531312 1.000000
vt 0.530636 0.842515
vt 0.487065 0.750000
vt 0.496579 0.871579
vt 0.486674 1.000000
vt 0.485698 0.772480
vt 0.480770 0.958336
vt 0.478771 1.000000
vt 0.564959 1.000000
vt 0.565490 0.801021
vt 0.566879 1.000000
vt 0.563880 0.860575
vt 0.565788 0.789971
vt 0.564295 0.845226
vt 0.554094 1.000000
vt 0.562850 1.000000
vt 0.512406 1.000000
vt 0.504196 1.000000
vt 0.503873 0.924688
vt 0.480948 1.000000
vt 0.479254 1.000000
vt 0.550892 0.000000
vt 0.547952 0.250000
vt 0.546676 0.000000
vt 0.504104 0.079188
vt 0.539798 0.145709
vt 0.504740 0.000000
vt 0.504242 0.059238
vt 0.504651 0.000000
vt 0.505424 0.250000
vt 0.502926 0.250000
vt 0.546381 0.000000
vt 0.547233 0.175707
vt 0.551331 0.250000
vt 0.557981 0.000000
vt 0.557981 0.250000
vt 0.500380 0.500000
vt 0.502447 0.426781
vt 0.552555 0.293471
vt 0.558365 0.264086
vt 0.546673 0.375537
vt 0.550453 0.500000
vt 0.501321 0.407556
vt 0.550035 0.581898
vt 0.550179 0.500000
vt 0.539993 0.750000
vt 0.540607 0.718400
vt 0.540695 0.747167
vt 0.557689 0.750000
vt 0.543913 0.734187
vt 0.543836 0.750000
vt 0.540704 0.750000
vt 0.502437 0.773815
vt 0.504651 1.000000
vt 0.502379 0.776802
vt 0.502106 0.750000
vt 0.536772 0.772180
vt 0.539793 0.874874
vt 0.551502 0.978333
vt 0.546676 1.000000
vt 0.545620 0.896267
vt 0.539092 1.000000
vt 0.538618 0.759471
vt 0.538521 0.750000
vt 0.549326 0.764661
vt 0.512213 0.000000
vt 0.507721 0.250000
vt 0.508837 0.000000
vt 0.522631 0.250000
vt 0.514180 0.250000
vt 0.531229 0.250000
vt 0.525269 0.000000
vt 0.531229 0.000000
vt 0.488273 0.000000
vt 0.488273 0.250000
vt 0.501563 0.361557
vt 0.503426 0.500000
vt 0.498987 0.500000
vt 0.522681 0.263500
vt 0.531125 0.313462
vt 0.510722 0.456776
vt 0.530818 0.500000
vt 0.504412 0.750000
vt 0.497247 0.750000
vt 0.487862 0.500000
vt 0.487862 0.750000
vt 0.531229 1.000000
vt 0.525857 0.841173
vt 0.530919 0.811220
vt 0.501406 0.973469
vt 0.510406 0.891891
vt 0.508837 1.000000
vt 0.512213 1.000000
vt 0.505903 0.000000
vt 0.505608 0.015896
vt 0.505382 0.000000
vt 0.511794 0.154127
vt 0.506381 0.116599
vt 0.507827 0.000000
vt 0.497207 0.137989
vt 0.499077 0.000000
vt 0.505932 0.117646
vt 0.506114 0.250000
vt 0.503800 0.250000
vt 0.517710 0.000000
vt 0.519232 0.250000
vt 0.531875 0.000000
vt 0.520489 0.176727
vt 0.488892 0.000000
vt 0.495050 0.250000
vt 0.488892 0.250000
vt 0.496983 0.250000
vt 0.512744 0.500000
vt 0.513302 0.250000
vt 0.531875 0.250000
vt 0.520156 0.500000
vt 0.494429 0.500000
vt 0.507901 0.500000
vt 0.503223 0.482146
vt 0.489329 0.500000
vt 0.500388 0.500000
vt 0.532312 0.500000
vt 0.517153 0.750000
vt 0.520640 0.528210
vt 0.496088 0.603006
vt 0.498770 0.500000
vt 0.498844 0.536984
vt 0.499188 0.709190
vt 0.489329 0.750000
vt 0.515361 0.750000
vt 0.505590 0.677647
vt 0.508362 0.730580
vt 0.506933 0.750000
vt 0.504560 0.750000
vt 0.506492 0.726219
vt 0.504950 0.722624
vt 0.505903 1.000000
vt 0.507480 0.860387
vt 0.507827 1.000000
vt 0.504869 0.843947
vt 0.505382 1.000000
vt 0.506504 0.854242
vt 0.517710 1.000000
vt 0.532312 0.750000
vt 0.531875 1.000000
vt 0.498591 0.804407
vt 0.499077 1.000000
vt 0.522028 0.000000
vt 0.524090 0.000000
vt 0.524118 0.011284
vt 0.512612 0.000000
vt 0.512546 0.036733
vt 0.511881 0.000000
vt 0.509397 0.035492
vt 0.509978 0.000000
vt 0.527765 0.250000
vt 0.521816 0.041323
vt 0.515057 0.175307
vt 0.512993 0.061361
vt 0.516374 0.055717
vt 0.517143 0.054433
vt 0.517902 0.250000
vt 0.512723 0.036801
vt 0.512757 0.048388
vt 0.506473 0.213876
vt 0.493746 0.250000
vt 0.498838 0.201680
vt 0.492499 0.000000
vt 0.484970 0.025878
vt 0.484970 0.000000
vt 0.516565 0.038314
vt 0.516878 0.033484
vt 0.516979 0.054707
vt 0.517081 0.033805
vt 0.512797 0.061686
vt 0.493416 0.029203
vt 0.491209 0.250000
vt 0.484970 0.250000
vt 0.484970 0.051509
vt 0.514846 0.250000
vt 0.515589 0.204663
vt 0.491147 0.257315
vt 0.527961 0.500000
vt 0.524975 0.372034
vt 0.522803 0.250000
vt 0.523948 0.374924
vt 0.520195 0.500000
vt 0.519171 0.388371
vt 0.518867 0.500000
vt 0.518637 0.389875
vt 0.512814 0.500000
vt 0.506907 0.343995
vt 0.485165 0.500000
vt 0.525095 0.500000
vt 0.514235 0.250000
vt 0.507128 0.250000
vt 0.494745 0.500000
vt 0.506540 0.500000
vt 0.524613 0.750000
vt 0.518238 0.750000
vt 0.524797 0.562952
vt 0.511293 0.750000
vt 0.514243 0.587179
vt 0.519860 0.570791
vt 0.507947 0.750000
vt 0.485165 0.689087
vt 0.526452 0.734407
vt 0.527961 0.750000
vt 0.526299 0.750000
vt 0.496777 0.684517
vt 0.505127 0.577966
vt 0.525779 0.777229
vt 0.527765 1.000000
vt 0.527935 0.783295
vt 0.522028 1.000000
vt 0.516579 0.906614
vt 0.512612 1.000000
vt 0.512158 0.894171
vt 0.509978 1.000000
vt 0.511881 1.000000
vt 0.491818 0.920404
vt 0.485165 0.750000
vt 0.484970 1.000000
vt 0.485047 0.901343
vt 0.449283 0.250000
vt 0.438667 0.000000
vt 0.449784 0.000000
vt 0.463813 0.118700
vt 0.495436 0.000000
vt 0.488746 0.098060
vt 0.478520 0.128403
vt 0.488330 0.250000
vt 0.478188 0.250000
vt 0.450375 0.250000
vt 0.450155 0.250000
vt 0.450243 0.233057
vt 0.453454 0.187215
vt 0.451051 0.250000
vt 0.453951 0.000000
vt 0.460708 0.000000
vt 0.463465 0.250000
vt 0.450363 0.000000
vt 0.495436 0.250000
vt 0.492631 0.442618
vt 0.483770 0.500000
vt 0.466142 0.369204
vt 0.462601 0.468619
vt 0.458902 0.500000
vt 0.452530 0.327530
vt 0.455820 0.500000
vt 0.453485 0.413060
vt 0.454568 0.307001
vt 0.463200 0.500000
vt 0.461920 0.500000
vt 0.447626 0.453347
vt 0.445714 0.500000
vt 0.437213 0.500000
vt 0.439126 0.388417
vt 0.441254 0.500000
vt 0.438667 0.250000
vt 0.446755 0.427082
vt 0.452404 0.500000
vt 0.453498 0.710457
vt 0.448345 0.750000
vt 0.448516 0.500000
vt 0.443494 0.611668
vt 0.438192 0.750000
vt 0.437774 0.729209
vt 0.435026 0.750000
vt 0.435026 0.500000
vt 0.443833 0.750000
vt 0.459458 0.709163
vt 0.455131 0.750000
vt 0.463837 0.541738
vt 0.464929 0.500000
vt 0.462686 0.585724
vt 0.484258 0.678499
vt 0.491795 0.500000
vt 0.491795 0.700864
vt 0.464156 0.750000
vt 0.467016 0.750000
vt 0.447633 0.612933
vt 0.460708 1.000000
vt 0.453951 1.000000
vt 0.458733 0.787075
vt 0.465678 0.820114
vt 0.449784 1.000000
vt 0.450256 0.903724
vt 0.438667 1.000000
vt 0.441822 0.983196
vt 0.437999 0.760114
vt 0.453189 0.750000
vt 0.469802 0.250000
vt 0.500195 0.000000
vt 0.500749 0.074165
vt 0.501761 0.059595
vt 0.502013 0.000000
vt 0.505899 0.000000
vt 0.488539 0.250000
vt 0.469310 0.500000
vt 0.468319 0.273341
vt 0.489632 0.500000
vt 0.498670 0.750000
vt 0.468241 0.750000
vt 0.501507 0.671014
vt 0.498132 0.622404
vt 0.506992 0.750000
vt 0.500917 0.750000
vt 0.502948 0.786057
vt 0.500195 1.000000
vt 0.469802 1.000000
vt 0.497766 0.956885
vt 0.502013 1.000000
vt 0.486946 0.000000
vt 0.477655 0.174184
vt 0.477655 0.000000
vt 0.488296 0.238797
vt 0.504402 0.000000
vt 0.487698 0.250000
vt 0.488443 0.000000
vt 0.475418 0.500000
vt 0.468052 0.500000
vt 0.474251 0.338609
vt 0.501503 0.282791
vt 0.487784 0.261773
vt 0.505167 0.250000
vt 0.493744 0.500000
vt 0.503074 0.500000
vt 0.477554 0.500000
vt 0.493752 0.564008
vt 0.477579 0.540496
vt 0.497552 0.717295
vt 0.498976 0.750000
vt 0.497438 0.750000
vt 0.498525 0.812406
vt 0.487162 0.970172
vt 0.468052 0.750000
vt 0.486946 1.000000
vt 0.488443 1.000000
vt 0.457796 0.012616
vt 0.449780 0.000000
vt 0.456936 0.009491
vt 0.459469 0.022014
vt 0.459309 0.000000
vt 0.460205 0.000000
vt 0.446729 0.000000
vt 0.446690 0.250000
vt 0.444045 0.035342
vt 0.456840 0.000000
vt 0.457119 0.000000
vt 0.427478 0.000000
vt 0.425320 0.179869
vt 0.423570 0.000000
vt 0.438799 0.061955
vt 0.443350 0.250000
vt 0.438372 0.250000
vt 0.432268 0.053108
vt 0.428815 0.250000
vt 0.427937 0.085787
vt 0.430323 0.000000
vt 0.430276 0.001715
vt 0.430209 0.000000
vt 0.465700 0.250000
vt 0.444482 0.000000
vt 0.418476 0.250000
vt 0.448313 0.118694
vt 0.450065 0.250000
vt 0.455477 0.250000
vt 0.450667 0.390237
vt 0.440686 0.500000
vt 0.438270 0.345214
vt 0.444619 0.250000
vt 0.443058 0.277430
vt 0.466774 0.500000
vt 0.447587 0.458636
vt 0.429222 0.344648
vt 0.433321 0.250000
vt 0.433562 0.306181
vt 0.442467 0.500000
vt 0.441955 0.380936
vt 0.432620 0.373157
vt 0.435709 0.500000
vt 0.433165 0.500000
vt 0.441619 0.302706
vt 0.437307 0.349974
vt 0.438935 0.500000
vt 0.454196 0.542710
vt 0.457280 0.750000
vt 0.452088 0.750000
vt 0.430429 0.750000
vt 0.425294 0.530550
vt 0.430680 0.724179
vt 0.445232 0.500000
vt 0.444740 0.683911
vt 0.458194 0.750000
vt 0.457530 0.715586
vt 0.449345 0.750000
vt 0.447804 0.750000
vt 0.448694 0.683305
vt 0.436149 0.694031
vt 0.436555 0.720467
vt 0.436216 0.723781
vt 0.440989 0.633574
vt 0.442780 0.750000
vt 0.441086 0.676194
vt 0.457994 0.651700
vt 0.457877 0.823601
vt 0.456840 1.000000
vt 0.450413 0.852747
vt 0.445487 0.766227
vt 0.444482 1.000000
vt 0.442234 0.876842
vt 0.446729 1.000000
vt 0.447576 0.802925
vt 0.459309 1.000000
vt 0.457661 0.992446
vt 0.461280 0.750000
vt 0.477387 1.000000
vt 0.460205 1.000000
vt 0.455497 0.929368
vt 0.449780 1.000000
vt 0.427478 1.000000
vt 0.427579 0.976687
vt 0.430209 1.000000
vt 0.423570 1.000000
vt 0.423158 0.750000
vt 0.437009 0.750000
vt 0.457208 0.979257
vt 0.457628 1.000000
vt 0.490541 0.000000
vt 0.490183 0.141580
vt 0.490299 0.000000
vt 0.514225 0.250000
vt 0.517536 0.139802
vt 0.520657 0.250000
vt 0.497028 0.169342
vt 0.493761 0.250000
vt 0.495091 0.177603
vt 0.494581 0.000000
vt 0.495237 0.000000
vt 0.495202 0.042961
vt 0.513576 0.000000
vt 0.543409 0.000000
vt 0.521110 0.031693
vt 0.490949 0.000000
vt 0.490721 0.145532
vt 0.490851 0.250000
vt 0.492754 0.160447
vt 0.509921 0.250000
vt 0.514079 0.244385
vt 0.526806 0.250000
vt 0.497811 0.000000
vt 0.481133 0.250000
vt 0.497363 0.302791
vt 0.492425 0.334887
vt 0.510292 0.500000
vt 0.521046 0.271993
vt 0.494536 0.500000
vt 0.500007 0.500000
vt 0.517459 0.500000
vt 0.529722 0.406216
vt 0.543409 0.250000
vt 0.530851 0.500000
vt 0.528247 0.500000
vt 0.506182 0.487672
vt 0.492786 0.560454
vt 0.485547 0.750000
vt 0.494749 0.546048
vt 0.492941 0.750000
vt 0.516350 0.750000
vt 0.507781 0.596234
vt 0.530253 0.616506
vt 0.517459 0.750000
vt 0.522873 0.500000
vt 0.497695 0.524431
vt 0.497855 0.720012
vt 0.497421 0.750000
vt 0.495692 0.750000
vt 0.517459 0.707498
vt 0.505989 0.750000
vt 0.506400 0.500000
vt 0.497879 0.750000
vt 0.500256 0.553814
vt 0.505988 0.514529
vt 0.493371 0.923087
vt 0.490762 0.988077
vt 0.490299 1.000000
vt 0.517122 0.799111
vt 0.509922 1.000000
vt 0.512864 0.750000
vt 0.516339 0.843479
vt 0.497811 1.000000
vt 0.497695 0.767408
vt 0.499441 0.878405
vt 0.517709 0.765892
vt 0.547824 0.750000
vt 0.518907 0.912565
vt 0.490541 1.000000
vt 0.490949 1.000000
vt 0.495237 1.000000
vt 0.527614 0.250000
vt 0.518242 0.250000
vt 0.526502 0.126891
vt 0.515270 0.000000
vt 0.518195 0.091031
vt 0.515705 0.135473
vt 0.510295 0.041518
vt 0.518168 0.000000
vt 0.519814 0.062138
vt 0.519582 0.000000
vt 0.523297 0.000000
vt 0.511246 0.198745
vt 0.509368 0.127490
vt 0.530755 0.000000
vt 0.530755 0.250000
vt 0.526027 0.000000
vt 0.512597 0.250000
vt 0.519741 0.425675
vt 0.527197 0.384935
vt 0.522764 0.500000
vt 0.520871 0.453465
vt 0.529358 0.454423
vt 0.529047 0.750000
vt 0.527397 0.500000
vt 0.529047 0.500000
vt 0.523800 0.577568
vt 0.520301 0.750000
vt 0.520652 0.580104
vt 0.520326 0.667401
vt 0.516174 0.750000
vt 0.520348 0.591648
vt 0.526461 0.750000
vt 0.520017 0.750000
vt 0.529325 0.790749
vt 0.526027 1.000000
vt 0.519944 0.791905
vt 0.515270 1.000000
vt 0.523819 0.987161
vt 0.519582 1.000000
vt 0.514752 0.784981
vt 0.506008 1.000000
vt 0.518168 1.000000
vt 0.527540 1.000000
vt 0.530755 1.000000
vt 0.480729 0.000000
vt 0.501078 0.092116
vt 0.480729 0.110757
vt 0.523486 0.000000
vt 0.480729 0.250000
vt 0.523486 0.250000
vt 0.480810 0.500000
vt 0.523566 0.750000
vt 0.480810 0.750000
vt 0.517099 0.902062
vt 0.480774 0.859979
vt 0.507897 1.000000
vt 0.480729 1.000000
vt 0.519798 0.102472
vt 0.480183 0.250000
vt 0.520408 0.000000
vt 0.473156 0.124952
vt 0.471671 0.250000
vt 0.469465 0.000000
vt 0.520406 0.250000
vt 0.520881 0.053567
vt 0.522614 0.250000
vt 0.476854 0.000000
vt 0.474822 0.250000
vt 0.475189 0.418144
vt 0.472217 0.500000
vt 0.520869 0.462067
vt 0.523022 0.436861
vt 0.480729 0.500000
vt 0.477762 0.500000
vt 0.523160 0.500000
vt 0.479725 0.575411
vt 0.520431 0.626625
vt 0.520954 0.750000
vt 0.519923 0.750000
vt 0.510642 0.750000
vt 0.507915 0.750000
vt 0.508728 0.672084
vt 0.470011 0.750000
vt 0.520408 1.000000
vt 0.476887 0.984759
vt 0.510145 0.977446
vt 0.520449 0.981075
vt 0.476408 1.000000
vt 0.476854 1.000000
vt 0.556365 0.500000
vt 0.532497 0.353645
vt 0.556424 0.413086
vt 0.560002 0.421974
vt 0.574713 0.458521
vt 0.560155 0.500000
vt 0.559173 0.599883
vt 0.574685 0.500000
vt 0.538933 0.750000
vt 0.539023 0.880144
vt 0.572024 0.750000
vt 0.572058 0.798077
vt 0.488786 0.195460
vt 0.498273 0.250000
vt 0.472830 0.250000
vt 0.462545 0.156135
vt 0.475221 0.093638
vt 0.455460 0.250000
vt 0.455883 0.000000
vt 0.456125 0.250000
vt 0.465584 0.000000
vt 0.467087 0.000000
vt 0.466311 0.128519
vt 0.484415 0.193623
vt 0.488678 0.000000
vt 0.484805 0.497284
vt 0.480458 0.500000
vt 0.479433 0.283243
vt 0.455998 0.300786
vt 0.455508 0.302400
vt 0.476008 0.397997
vt 0.468876 0.250000
vt 0.463365 0.500000
vt 0.461528 0.500000
vt 0.461760 0.485714
vt 0.455688 0.750000
vt 0.455688 0.500000
vt 0.470393 0.527518
vt 0.469410 0.670703
vt 0.463037 0.750000
vt 0.485066 0.623577
vt 0.485619 0.750000
vt 0.483065 0.750000
vt 0.484836 0.509210
vt 0.480690 0.616016
vt 0.470953 0.750000
vt 0.471106 0.645553
vt 0.471736 0.750000
vt 0.485744 0.523902
vt 0.490091 0.565697
vt 0.489989 0.750000
vt 0.498501 0.656120
vt 0.478809 0.531351
vt 0.467087 1.000000
vt 0.466441 0.960091
vt 0.484308 1.000000
vt 0.465584 1.000000
vt 0.455573 0.876275
vt 0.477695 1.000000
vt 0.488678 1.000000
vt 0.498273 1.000000
vt 0.455460 1.000000
vt 0.455883 1.000000
vt 0.499250 0.000000
vt 0.504050 0.250000
vt 0.494957 0.250000
vt 0.506916 0.000000
vt 0.504127 0.000000
vt 0.477673 0.000000
vt 0.495021 0.040588
vt 0.475637 0.346015
vt 0.473778 0.500000
vt 0.473223 0.459891
vt 0.472372 0.500000
vt 0.499358 0.500000
vt 0.490264 0.500000
vt 0.477673 0.250000
vt 0.477654 0.500000
vt 0.512175 0.500000
vt 0.508899 0.250000
vt 0.477153 0.560696
vt 0.490303 0.624528
vt 0.496954 0.739094
vt 0.499423 0.712065
vt 0.496966 0.750000
vt 0.496673 0.750000
vt 0.496847 0.759091
vt 0.501532 0.861724
vt 0.472372 0.750000
vt 0.504127 1.000000
vt 0.499250 1.000000
vt 0.421029 0.000000
vt 0.422188 0.000000
vt 0.422156 0.004174
vt 0.450464 0.109043
vt 0.419349 0.750000
vt 0.460794 0.596459
vt 0.460794 0.750000
vt 0.420536 0.754191
vt 0.421029 1.000000
vt 0.419636 0.792746
vt 0.537294 0.188818
vt 0.539287 0.000000
vt 0.551744 0.008552
vt 0.553100 0.190938
vt 0.544644 0.250000
vt 0.528787 0.016802
vt 0.530208 0.000000
vt 0.530232 0.003133
vt 0.532593 0.000000
vt 0.530920 0.244275
vt 0.530942 0.250000
vt 0.525009 0.174930
vt 0.526410 0.000000
vt 0.528603 0.000000
vt 0.523340 0.000000
vt 0.526070 0.042516
vt 0.523824 0.063770
vt 0.500088 0.171702
vt 0.503849 0.000000
vt 0.504680 0.027298
vt 0.499690 0.250000
vt 0.501517 0.218656
vt 0.536612 0.250000
vt 0.533687 0.190422
vt 0.535388 0.132582
vt 0.525369 0.130073
vt 0.522606 0.073247
vt 0.533027 0.062875
vt 0.531258 0.250000
vt 0.503542 0.250000
vt 0.503195 0.250000
vt 0.503214 0.243058
vt 0.531060 0.223811
vt 0.531147 0.231658
vt 0.533437 0.250000
vt 0.539264 0.500000
vt 0.534282 0.500000
vt 0.508675 0.320409
vt 0.506999 0.500000
vt 0.506951 0.497983
vt 0.500977 0.387021
vt 0.531051 0.260256
vt 0.527554 0.433208
vt 0.545740 0.366741
vt 0.552800 0.250000
vt 0.545703 0.500000
vt 0.540044 0.500000
vt 0.505889 0.500000
vt 0.506931 0.500000
vt 0.533594 0.500000
vt 0.532206 0.278806
vt 0.503417 0.350747
vt 0.502037 0.500000
vt 0.504818 0.500000
vt 0.505176 0.424026
vt 0.524184 0.692587
vt 0.525436 0.750000
vt 0.524577 0.750000
vt 0.526615 0.642561
vt 0.527037 0.604151
vt 0.527242 0.629680
vt 0.537735 0.617417
vt 0.539870 0.554407
vt 0.541004 0.728568
vt 0.507102 0.608103
vt 0.508360 0.582354
vt 0.502882 0.563598
vt 0.502411 0.573571
vt 0.512385 0.500000
vt 0.528205 0.750000
vt 0.532498 0.521558
vt 0.535603 0.680351
vt 0.534062 0.750000
vt 0.502435 0.578298
vt 0.503308 0.750000
vt 0.541537 0.760363
vt 0.551780 1.000000
vt 0.539287 1.000000
vt 0.528762 0.983080
vt 0.524142 0.887816
vt 0.503849 1.000000
vt 0.506196 0.750000
vt 0.545703 0.750000
vt 0.530080 0.842696
vt 0.530191 0.996505
vt 0.530208 1.000000
vt 0.523234 0.978464
vt 0.522991 0.928873
vt 0.523498 0.933637
vt 0.525437 0.951848
vt 0.523340 1.000000
vt 0.526410 1.000000
vt 0.523108 1.000000
vt 0.510614 0.250000
vt 0.508947 0.250000
vt 0.509201 0.214500
vt 0.500663 0.000000
vt 0.502167 0.137624
vt 0.482462 0.250000
vt 0.505242 0.115036
vt 0.501362 0.250000
vt 0.507635 0.397466
vt 0.500501 0.346800
vt 0.511933 0.500000
vt 0.499267 0.413668
vt 0.499723 0.500000
vt 0.491616 0.500000
vt 0.501982 0.750000
vt 0.492604 0.574491
vt 0.485701 0.750000
vt 0.502953 0.725607
vt 0.495116 0.750000
vt 0.501586 0.825098
vt 0.495106 0.751983
vt 0.500663 1.000000
vt 0.585011 0.000000
vt 0.583432 0.094212
vt 0.582616 0.000000
vt 0.571154 0.250000
vt 0.575747 0.098136
vt 0.575386 0.250000
vt 0.587939 0.160360
vt 0.576686 0.075900
vt 0.571620 0.053733
vt 0.575301 0.000000
vt 0.585839 0.045320
vt 0.588069 0.000000
vt 0.617837 0.250000
vt 0.601401 0.186376
vt 0.612333 0.190652
vt 0.590239 0.180883
vt 0.591166 0.250000
vt 0.588809 0.250000
vt 0.609238 0.000000
vt 0.613637 0.000000
vt 0.591955 0.250000
vt 0.599456 0.000000
vt 0.595265 0.498053
vt 0.593034 0.360372
vt 0.575050 0.336740
vt 0.570975 0.295969
vt 0.587115 0.337635
vt 0.582663 0.372053
vt 0.591016 0.312842
vt 0.592610 0.382329
vt 0.587159 0.340188
vt 0.585598 0.500000
vt 0.604216 0.411218
vt 0.605401 0.500000
vt 0.592203 0.250000
vt 0.590336 0.500000
vt 0.589864 0.500000
vt 0.595290 0.500000
vt 0.595309 0.500000
vt 0.595266 0.502388
vt 0.592979 0.627674
vt 0.602792 0.750000
vt 0.582595 0.529123
vt 0.570711 0.722205
vt 0.545931 0.500000
vt 0.592561 0.650536
vt 0.588271 0.644460
vt 0.588001 0.638974
vt 0.584398 0.565757
vt 0.575010 0.750000
vt 0.574838 0.677802
vt 0.593409 0.648443
vt 0.589152 0.750000
vt 0.587917 0.685399
vt 0.587551 0.672614
vt 0.581309 0.734995
vt 0.587357 0.750000
vt 0.587887 0.688858
vt 0.592682 0.750000
vt 0.587829 0.686059
vt 0.613144 0.500000
vt 0.618187 0.750000
vt 0.580681 0.750000
vt 0.571556 0.950661
vt 0.575630 0.909890
vt 0.575301 1.000000
vt 0.590695 0.829857
vt 0.589346 1.000000
vt 0.588969 0.958305
vt 0.587824 0.810354
vt 0.580794 0.760519
vt 0.585012 1.000000
vt 0.580770 0.761544
vt 0.589146 0.819729
vt 0.588212 0.860474
vt 0.612589 0.780870
vt 0.608588 0.864245
vt 0.613638 1.000000
vt 0.588069 1.000000
vt 0.582616 1.000000
vt 0.599456 1.000000
vt 0.592047 0.750000
vt 0.486606 0.000000
vt 0.489012 0.000000
vt 0.486992 0.026827
vt 0.486659 0.031250
vt 0.482925 0.250000
vt 0.482758 0.000000
vt 0.458217 0.075646
vt 0.459562 0.000000
vt 0.459521 0.080008
vt 0.480176 0.058979
vt 0.458217 0.250000
vt 0.489140 0.176022
vt 0.491016 0.045795
vt 0.489815 0.222958
vt 0.491326 0.000000
vt 0.489418 0.049026
vt 0.489632 0.250000
vt 0.489935 0.231264
vt 0.490204 0.250000
vt 0.485177 0.250000
vt 0.489015 0.233124
vt 0.489756 0.231624
vt 0.493926 0.039910
vt 0.501326 0.000000
vt 0.501326 0.250000
vt 0.493523 0.224008
vt 0.469648 0.337238
vt 0.465000 0.364752
vt 0.457956 0.326051
vt 0.489325 0.297555
vt 0.490162 0.324582
vt 0.489073 0.336670
vt 0.488553 0.293309
vt 0.488016 0.347951
vt 0.488044 0.348104
vt 0.488011 0.348470
vt 0.486566 0.364519
vt 0.482837 0.405936
vt 0.482872 0.344225
vt 0.487788 0.371231
vt 0.488967 0.353175
vt 0.492811 0.316705
vt 0.490175 0.302220
vt 0.473950 0.360876
vt 0.469605 0.500000
vt 0.457359 0.500000
vt 0.491012 0.500000
vt 0.486523 0.500000
vt 0.500468 0.500000
vt 0.492046 0.394625
vt 0.500667 0.441987
vt 0.484665 0.329538
vt 0.482198 0.500000
vt 0.469954 0.554184
vt 0.461476 0.661760
vt 0.486594 0.532412
vt 0.491156 0.566044
vt 0.486750 0.603558
vt 0.491258 0.612674
vt 0.471216 0.750000
vt 0.457359 0.750000
vt 0.468433 0.500000
vt 0.475524 0.750000
vt 0.470320 0.610929
vt 0.471377 0.604852
vt 0.500468 0.634696
vt 0.479185 0.750000
vt 0.480701 0.644699
vt 0.485310 0.750000
vt 0.473914 0.500000
vt 0.500468 0.750000
vt 0.475529 0.765783
vt 0.479306 0.961659
vt 0.459233 0.870185
vt 0.471226 0.789420
vt 0.491247 0.987725
vt 0.491326 1.000000
vt 0.489012 1.000000
vt 0.486471 0.762902
vt 0.486606 1.000000
vt 0.458217 1.000000
vt 0.459562 1.000000
vt 0.472895 0.000000
vt 0.475726 0.204141
vt 0.468001 0.250000
vt 0.477368 0.000000
vt 0.479532 0.250000
vt 0.516197 0.000000
vt 0.516197 0.119277
vt 0.511593 0.000000
vt 0.479967 0.250000
vt 0.471637 0.250000
vt 0.471582 0.231101
vt 0.476076 0.322288
vt 0.472102 0.405413
vt 0.475860 0.250000
vt 0.512276 0.443523
vt 0.484785 0.500000
vt 0.476608 0.500000
vt 0.519465 0.500000
vt 0.509576 0.500000
vt 0.472385 0.500000
vt 0.472150 0.421250
vt 0.473668 0.500000
vt 0.471919 0.409257
vt 0.472094 0.599982
vt 0.471269 0.730644
vt 0.472594 0.603239
vt 0.499671 0.698343
vt 0.505383 0.708788
vt 0.503793 0.750000
vt 0.505255 0.750000
vt 0.507084 0.664717
vt 0.511441 0.750000
vt 0.476237 0.626942
vt 0.505539 0.659008
vt 0.508477 0.514832
vt 0.519465 0.706536
vt 0.481129 0.750000
vt 0.477368 1.000000
vt 0.469052 0.919613
vt 0.504626 0.776694
vt 0.516197 1.000000
vt 0.519465 0.750000
vt 0.517742 0.881806
vt 0.497020 0.855718
vt 0.500868 0.936221
vt 0.481882 0.765761
vt 0.472895 1.000000
vt 0.468001 1.000000
vt 0.434596 0.000000
vt 0.438842 0.000000
vt 0.438716 0.063233
vt 0.457901 0.094658
vt 0.456834 0.150725
vt 0.455928 0.250000
vt 0.449742 0.250000
vt 0.464302 0.168038
vt 0.462018 0.250000
vt 0.462991 0.153002
vt 0.463308 0.121348
vt 0.458294 0.000000
vt 0.466200 0.189794
vt 0.477265 0.000000
vt 0.466048 0.250000
vt 0.464901 0.439880
vt 0.473245 0.500000
vt 0.456524 0.467414
vt 0.448962 0.272872
vt 0.460194 0.359755
vt 0.466671 0.266037
vt 0.465194 0.683131
vt 0.464522 0.627519
vt 0.466796 0.750000
vt 0.467143 0.664208
vt 0.467926 0.750000
vt 0.460004 0.742618
vt 0.461959 0.747914
vt 0.461980 0.750000
vt 0.465472 0.750000
vt 0.462739 0.711272
vt 0.458138 0.538153
vt 0.465233 0.594148
vt 0.465738 0.644540
vt 0.459360 0.750000
vt 0.460072 0.750000
vt 0.463214 0.871238
vt 0.463213 0.871271
vt 0.457126 0.807488
vt 0.437808 0.917349
vt 0.423933 0.841249
vt 0.467031 0.773049
vt 0.466143 0.860591
vt 0.465803 0.804625
vt 0.438842 1.000000
vt 0.434596 1.000000
vt 0.467553 0.824322
vt 0.477265 1.000000
vt 0.463736 0.922512
vt 0.441606 0.009503
vt 0.438447 0.152436
vt 0.438447 0.000000
vt 0.473449 0.000000
vt 0.471408 0.068826
vt 0.469901 0.000000
vt 0.485571 0.250000
vt 0.479861 0.013452
vt 0.479179 0.000000
vt 0.479943 0.000000
vt 0.447002 0.250000
vt 0.449182 0.000000
vt 0.453677 0.208779
vt 0.440454 0.175587
vt 0.444969 0.068190
vt 0.438447 0.250000
vt 0.447873 0.330992
vt 0.451131 0.250000
vt 0.471728 0.423289
vt 0.471560 0.500000
vt 0.467866 0.500000
vt 0.467542 0.500000
vt 0.470352 0.566202
vt 0.478424 0.738405
vt 0.469213 0.720121
vt 0.470099 0.750000
vt 0.468559 0.750000
vt 0.478495 0.750000
vt 0.485733 0.594300
vt 0.488218 0.750000
vt 0.488698 0.839382
vt 0.479178 1.000000
vt 0.451343 1.000000
vt 0.467542 0.750000
vt 0.469901 1.000000
vt 0.489560 1.000000
vt 0.479943 1.000000
vt 0.473449 1.000000
vt 0.477895 0.761004
vt 0.440783 1.000000
vt 0.438447 1.000000
vt 0.440680 0.980815
vt 0.449182 1.000000
vt 0.450287 0.898266
vt 0.452656 0.877911
vt 0.492568 0.114987
vt 0.491772 0.118217
vt 0.491116 0.067736
vt 0.458206 0.000000
vt 0.480884 0.250000
vt 0.458206 0.250000
vt 0.489034 0.000000
vt 0.490236 0.000000
vt 0.500023 0.250000
vt 0.492184 0.141825
vt 0.506331 0.000000
vt 0.506331 0.250000
vt 0.494072 0.250000
vt 0.490633 0.250000
vt 0.498240 0.348829
vt 0.493911 0.258894
vt 0.459277 0.500000
vt 0.457932 0.271065
vt 0.462565 0.398724
vt 0.487786 0.500000
vt 0.480568 0.350043
vt 0.503085 0.500000
vt 0.454960 0.690885
vt 0.482540 0.670676
vt 0.493426 0.750000
vt 0.489843 0.500000
vt 0.483677 0.750000
vt 0.454960 0.500000
vt 0.455851 0.818642
vt 0.456891 0.850692
vt 0.456432 0.863362
vt 0.484467 1.000000
vt 0.494181 0.918044
vt 0.495660 1.000000
vt 0.490236 1.000000
vt 0.489034 1.000000
vt 0.503085 0.750000
vt 0.461467 0.250000
vt 0.459541 0.189288
vt 0.459873 0.079714
vt 0.488896 0.234792
vt 0.462837 0.213424
vt 0.506475 0.000000
vt 0.505719 0.250000
vt 0.497567 0.236448
vt 0.506275 0.065951
vt 0.489809 0.250000
vt 0.488747 0.250000
vt 0.459829 0.250000
vt 0.459358 0.250000
vt 0.497638 0.250000
vt 0.506423 0.364198
vt 0.498417 0.500000
vt 0.459940 0.344393
vt 0.459412 0.258728
vt 0.488985 0.500000
vt 0.491352 0.500000
vt 0.507262 0.500000
vt 0.499076 0.500000
vt 0.496953 0.262677
vt 0.460901 0.500000
vt 0.489317 0.533893
vt 0.499014 0.511681
vt 0.506475 1.000000
vt 0.461657 0.750000
vt 0.508018 0.750000
vt 0.482541 0.064436
vt 0.467927 0.015950
vt 0.469724 0.000000
vt 0.470424 0.171984
vt 0.506618 0.250000
vt 0.435575 0.250000
vt 0.479373 0.500000
vt 0.480682 0.468555
vt 0.481214 0.500000
vt 0.456714 0.332525
vt 0.460202 0.500000
vt 0.453440 0.500000
vt 0.479773 0.396677
vt 0.476138 0.500000
vt 0.479364 0.514153
vt 0.481016 0.750000
vt 0.479573 0.750000
vt 0.480301 0.742537
vt 0.480258 0.750000
vt 0.487916 0.695735
vt 0.497382 0.500000
vt 0.494030 0.750000
vt 0.487047 0.750000
vt 0.478867 0.698596
vt 0.474286 0.750000
vt 0.475224 0.587009
vt 0.458061 0.720819
vt 0.458261 0.750000
vt 0.480229 0.768650
vt 0.480429 0.756834
vt 0.480548 0.777691
vt 0.478729 0.857324
vt 0.492116 0.863157
vt 0.497382 0.750000
vt 0.506618 1.000000
vt 0.478020 0.899253
vt 0.477400 0.874474
vt 0.470297 0.966126
vt 0.454032 1.000000
vt 0.469724 1.000000
vt 0.507633 0.250000
vt 0.511966 0.130284
vt 0.512383 0.250000
vt 0.500050 0.144701
vt 0.511091 0.000000
vt 0.509000 0.098264
vt 0.492040 0.250000
vt 0.488514 0.250000
vt 0.489262 0.189483
vt 0.532039 0.044286
vt 0.540826 0.000000
vt 0.536402 0.250000
vt 0.526809 0.250000
vt 0.527052 0.240469
vt 0.527068 0.250000
vt 0.548059 0.250000
vt 0.546694 0.250000
vt 0.548059 0.190889
vt 0.514602 0.158746
vt 0.513780 0.250000
vt 0.548059 0.000000
vt 0.488382 0.222152
vt 0.488260 0.000000
vt 0.488260 0.235179
vt 0.488260 0.214974
vt 0.524255 0.117032
vt 0.511696 0.052670
vt 0.528852 0.121387
vt 0.525554 0.250000
vt 0.524524 0.250000
vt 0.531363 0.000000
vt 0.525190 0.000000
vt 0.548618 0.500000
vt 0.537374 0.500000
vt 0.538819 0.455136
vt 0.526931 0.255391
vt 0.525011 0.270215
vt 0.534697 0.250000
vt 0.531345 0.500000
vt 0.504949 0.390867
vt 0.513080 0.277441
vt 0.519006 0.500000
vt 0.512435 0.500000
vt 0.511907 0.323420
vt 0.511770 0.277462
vt 0.530086 0.393193
vt 0.501260 0.250000
vt 0.503788 0.500000
vt 0.490112 0.325583
vt 0.488521 0.260643
vt 0.488260 0.250000
vt 0.551006 0.370279
vt 0.554184 0.500000
vt 0.506894 0.465165
vt 0.507403 0.500000
vt 0.505599 0.329732
vt 0.501480 0.524920
vt 0.508555 0.627844
vt 0.534874 0.693461
vt 0.534830 0.696917
vt 0.534142 0.658056
vt 0.514939 0.750000
vt 0.544439 0.601667
vt 0.548724 0.504628
vt 0.530017 0.609892
vt 0.526574 0.750000
vt 0.526255 0.734600
vt 0.531380 0.750000
vt 0.531873 0.548376
vt 0.529073 0.512724
vt 0.504933 0.750000
vt 0.505223 0.724776
vt 0.505135 0.750000
vt 0.524194 0.750000
vt 0.494385 0.750000
vt 0.494385 0.500000
vt 0.502953 0.688326
vt 0.535465 0.750000
vt 0.554184 0.750000
vt 0.540826 1.000000
vt 0.541193 0.968884
vt 0.498974 0.977575
vt 0.488260 1.000000
vt 0.525190 1.000000
vt 0.511304 0.991837
vt 0.521052 0.903425
vt 0.525675 0.797984
vt 0.528601 0.922741
vt 0.535334 0.786950
vt 0.531363 1.000000
vt 0.535303 0.789591
vt 0.532823 1.000000
vt 0.535345 0.787310
vt 0.525653 0.807190
vt 0.514889 0.766658
vt 0.521510 0.750000
vt 0.511091 1.000000
vt 0.482973 0.000000
vt 0.483987 0.250000
vt 0.467971 0.250000
vt 0.505355 0.020455
vt 0.505289 0.000000
vt 0.508039 0.000000
vt 0.500610 0.000000
vt 0.490256 0.250000
vt 0.493080 0.180738
vt 0.511919 0.250000
vt 0.508176 0.250000
vt 0.510571 0.100295
vt 0.509667 0.000000
vt 0.512175 0.000000
vt 0.512700 0.000000
vt 0.507894 0.250000
vt 0.489037 0.000000
vt 0.486554 0.122928
vt 0.486678 0.250000
vt 0.489399 0.220565
vt 0.496731 0.000000
vt 0.511036 0.335720
vt 0.511235 0.438224
vt 0.489158 0.280882
vt 0.488051 0.312024
vt 0.484086 0.481983
vt 0.489187 0.326166
vt 0.490232 0.294249
vt 0.511945 0.347043
vt 0.510755 0.500000
vt 0.500278 0.464248
vt 0.508966 0.750000
vt 0.505310 0.576162
vt 0.509424 0.607517
vt 0.474261 0.750000
vt 0.476046 0.632310
vt 0.476084 0.750000
vt 0.496145 0.598232
vt 0.466025 0.500000
vt 0.485323 0.750000
vt 0.491724 0.750000
vt 0.474646 0.779895
vt 0.477534 0.846986
vt 0.467971 1.000000
vt 0.508443 0.881241
vt 0.508039 1.000000
vt 0.504752 0.750000
vt 0.512089 0.921446
vt 0.509667 1.000000
vt 0.509228 0.871472
vt 0.510755 0.750000
vt 0.511482 0.843410
vt 0.494365 0.927735
vt 0.489037 1.000000
vt 0.488899 0.995784
vt 0.500610 1.000000
vt 0.505289 1.000000
vt 0.482973 1.000000
vt 0.509461 0.980018
vt 0.509466 0.982234
vt 0.512175 1.000000
vt 0.512700 1.000000
vt 0.474449 0.000000
vt 0.484373 0.247586
vt 0.478943 0.250000
vt 0.498926 0.043657
vt 0.499508 0.000000
vt 0.499655 0.038957
vt 0.494693 0.070955
vt 0.498587 0.000000
vt 0.491418 0.092074
vt 0.494142 0.000000
vt 0.476164 0.250000
vt 0.474725 0.040320
vt 0.515501 0.029878
vt 0.499074 0.062790
vt 0.521680 0.000000
vt 0.518616 0.152308
vt 0.507541 0.250000
vt 0.495146 0.129251
vt 0.482789 0.250000
vt 0.478937 0.251361
vt 0.506769 0.411240
vt 0.494891 0.499157
vt 0.509388 0.382626
vt 0.510023 0.250000
vt 0.494914 0.500000
vt 0.494887 0.500000
vt 0.520676 0.634710
vt 0.499474 0.717592
vt 0.498819 0.566053
vt 0.491237 0.664475
vt 0.473252 0.750000
vt 0.490240 0.718098
vt 0.490915 0.750000
vt 0.489133 0.750000
vt 0.490993 0.729335
vt 0.492377 0.750000
vt 0.520891 0.690691
vt 0.521232 0.641034
vt 0.493600 0.679714
vt 0.497730 0.706343
vt 0.497433 0.744547
vt 0.499352 0.750000
vt 0.479109 0.940762
vt 0.485611 0.862867
vt 0.490930 0.774145
vt 0.493656 0.898389
vt 0.498587 1.000000
vt 0.494142 1.000000
vt 0.499508 1.000000
vt 0.520484 0.750000
vt 0.521680 1.000000
vt 0.497445 0.761251
vt 0.474449 1.000000
vt 0.474157 0.939013
vt 0.495437 0.050229
vt 0.500983 0.000000
vt 0.500963 0.058103
vt 0.489584 0.073978
vt 0.490255 0.000000
vt 0.489299 0.250000
vt 0.483394 0.250000
vt 0.485160 0.353232
vt 0.504749 0.250000
vt 0.479294 0.500000
vt 0.495505 0.705768
vt 0.495618 0.500000
vt 0.494533 0.750000
vt 0.495519 0.750000
vt 0.495453 1.000000
vt 0.492538 0.866599
vt 0.490255 1.000000
vt 0.500983 1.000000
vt 0.495618 0.750000
vt 0.504749 1.000000
vt 0.535042 0.000000
vt 0.531915 0.144904
vt 0.528759 0.000000
vt 0.526130 0.000000
vt 0.526078 0.250000
vt 0.535843 0.000000
vt 0.535276 0.020925
vt 0.468219 0.000000
vt 0.496091 0.143106
vt 0.487269 0.103669
vt 0.488010 0.250000
vt 0.486898 0.220458
vt 0.486165 0.250000
vt 0.499926 0.250000
vt 0.493932 0.250000
vt 0.492234 0.296996
vt 0.487859 0.500000
vt 0.488416 0.419167
vt 0.499646 0.316116
vt 0.491374 0.500000
vt 0.483485 0.459497
vt 0.479207 0.500000
vt 0.479972 0.319391
vt 0.487303 0.416709
vt 0.528427 0.400987
vt 0.526028 0.436449
vt 0.484373 0.250000
vt 0.484284 0.271077
vt 0.528007 0.500000
vt 0.464455 0.488910
vt 0.483313 0.500000
vt 0.479870 0.500000
vt 0.469961 0.745759
vt 0.467159 0.750000
vt 0.466090 0.710550
vt 0.477544 0.750000
vt 0.489933 0.749005
vt 0.482686 0.613336
vt 0.524119 0.586876
vt 0.528604 0.750000
vt 0.520566 0.750000
vt 0.493004 0.500000
vt 0.487234 0.615397
vt 0.488028 0.503548
vt 0.486069 0.657303
vt 0.477917 0.837985
vt 0.470066 0.750000
vt 0.520611 0.918387
vt 0.468219 1.000000
vt 0.534595 0.894657
vt 0.532436 0.880428
vt 0.535392 0.893649
vt 0.528693 0.751316
vt 0.534783 0.750000
vt 0.526130 1.000000
vt 0.535042 1.000000
vt 0.535780 0.985192
vt 0.535843 1.000000
vt 0.534857 0.956263
vt 0.560266 0.197229
vt 0.556411 0.250000
vt 0.552801 0.000000
vt 0.548360 0.000000
vt 0.548065 0.250000
vt 0.547298 0.196831
vt 0.538159 0.024758
vt 0.512434 0.250000
vt 0.537768 0.000000
vt 0.538465 0.000000
vt 0.563417 0.250000
vt 0.556387 0.000000
vt 0.554931 0.250000
vt 0.534920 0.340885
vt 0.551086 0.435345
vt 0.556830 0.275690
vt 0.554567 0.338590
vt 0.537896 0.500000
vt 0.530930 0.460926
vt 0.561269 0.250000
vt 0.559172 0.402930
vt 0.553692 0.326368
vt 0.526672 0.750000
vt 0.511755 0.500000
vt 0.532423 0.500000
vt 0.531359 0.750000
vt 0.549258 0.699533
vt 0.549384 0.750000
vt 0.548529 0.750000
vt 0.555290 0.750000
vt 0.553944 0.929861
vt 0.548360 1.000000
vt 0.547457 0.944358
vt 0.533169 0.804454
vt 0.528748 0.920094
vt 0.545495 0.936220
vt 0.517709 1.000000
vt 0.517030 0.750000
vt 0.538437 0.993203
vt 0.538465 1.000000
vt 0.537768 1.000000
vt 0.554540 0.893301
vt 0.556387 1.000000
vt 0.552801 1.000000
vt 0.555082 1.000000
vt 0.471316 0.310338
vt 0.479612 0.500000
vt 0.470254 0.500000
vt 0.473796 0.741217
vt 0.531862 0.204949
vt 0.527542 0.152542
vt 0.528386 0.006053
vt 0.533014 0.005044
vt 0.510496 0.000000
vt 0.551908 0.000000
vt 0.514107 0.250000
vt 0.527234 0.205959
vt 0.551440 0.250000
vt 0.538902 0.420767
vt 0.509064 0.500000
vt 0.539437 0.500000
vt 0.545799 0.383689
vt 0.546584 0.500000
vt 0.552673 0.684268
vt 0.552796 0.750000
vt 0.530728 0.695658
vt 0.535355 0.696668
vt 0.531041 0.750000
vt 0.552328 0.500000
vt 0.547697 0.750000
vt 0.552343 0.877573
vt 0.547028 0.849005
vt 0.528526 0.990018
vt 0.551908 1.000000
vt 0.508682 0.989192
vt 0.533130 0.991683
vt 0.523544 0.250000
vt 0.518910 0.100534
vt 0.524909 0.150393
vt 0.537495 0.182264
vt 0.537344 0.250000
vt 0.536841 0.250000
vt 0.542945 0.133899
vt 0.539326 0.110826
vt 0.553309 0.024212
vt 0.540883 0.250000
vt 0.545010 0.250000
vt 0.515542 0.000000
vt 0.530058 0.188906
vt 0.532749 0.000000
vt 0.539855 0.250000
vt 0.540212 0.236581
vt 0.538128 0.194922
vt 0.516861 0.250000
vt 0.516544 0.500000
vt 0.516479 0.500000
vt 0.539811 0.251293
vt 0.513997 0.352280
vt 0.512280 0.250000
vt 0.539547 0.377275
vt 0.540416 0.426361
vt 0.540401 0.426595
vt 0.532623 0.250000
vt 0.532830 0.460353
vt 0.538830 0.445612
vt 0.545308 0.336385
vt 0.561928 0.250000
vt 0.560585 0.500000
vt 0.540073 0.327167
vt 0.541307 0.454623
vt 0.536936 0.481365
vt 0.540420 0.427719
vt 0.541029 0.462855
vt 0.540587 0.475914
vt 0.541672 0.500000
vt 0.540859 0.419354
vt 0.541884 0.500000
vt 0.517475 0.576367
vt 0.540818 0.609485
vt 0.540310 0.520229
vt 0.541961 0.582254
vt 0.537293 0.533222
vt 0.537184 0.696045
vt 0.536530 0.711609
vt 0.542403 0.643775
vt 0.538050 0.750000
vt 0.541956 0.519958
vt 0.542620 0.566564
vt 0.553130 0.695299
vt 0.543429 0.637415
vt 0.542215 0.591803
vt 0.542163 0.577435
vt 0.539305 0.576756
vt 0.517579 0.575504
vt 0.541115 0.840571
vt 0.534789 0.882182
vt 0.515542 1.000000
vt 0.534673 1.000000
vt 0.532749 1.000000
vt 0.541427 0.750000
vt 0.486429 0.250000
vt 0.482553 0.231764
vt 0.481536 0.186943
vt 0.498346 0.250000
vt 0.497402 0.185515
vt 0.509378 0.000000
vt 0.484703 0.000000
vt 0.481033 0.250000
vt 0.480468 0.250000
vt 0.489765 0.412205
vt 0.513305 0.250000
vt 0.490167 0.500000
vt 0.483997 0.500000
vt 0.478691 0.361954
vt 0.480216 0.442206
vt 0.477405 0.442913
vt 0.480969 0.500000
vt 0.476498 0.500000
vt 0.481861 0.594212
vt 0.485308 0.750000
vt 0.479359 0.668868
vt 0.488605 0.675133
vt 0.499682 0.708363
vt 0.518647 0.500000
vt 0.498916 0.750000
vt 0.489260 0.646245
vt 0.487418 0.635264
vt 0.487032 0.656260
vt 0.482466 0.859131
vt 0.480733 0.750000
vt 0.496298 0.850506
vt 0.514720 0.750000
vt 0.488958 1.000000
vt 0.485828 0.951990
vt 0.484703 1.000000
vt 0.484192 0.967849
vt 0.484254 0.927830
vt 0.483860 0.946955
vt 0.505695 0.187549
vt 0.507915 0.250000
vt 0.504603 0.250000
vt 0.491910 0.235342
vt 0.523324 0.000000
vt 0.492474 0.250000
vt 0.491678 0.250000
vt 0.491475 0.500000
vt 0.491659 0.272731
vt 0.522314 0.500000
vt 0.514581 0.500000
vt 0.505001 0.500000
vt 0.508161 0.680650
vt 0.512602 0.750000
vt 0.495430 0.750000
vt 0.495632 1.000000
vt 0.506306 0.250000
vt 0.504509 0.250000
vt 0.506132 0.205564
vt 0.514793 0.250000
vt 0.513579 0.224880
vt 0.514821 0.242551
vt 0.490833 0.250000
vt 0.515757 0.000000
vt 0.509001 0.500000
vt 0.503003 0.360976
vt 0.486406 0.500000
vt 0.513430 0.250000
vt 0.510683 0.376014
vt 0.520807 0.466167
vt 0.523147 0.483073
vt 0.520569 0.500000
vt 0.523753 0.500000
vt 0.522699 0.500000
vt 0.511675 0.500000
vt 0.512193 0.587364
vt 0.507181 0.665990
vt 0.486994 0.750000
vt 0.523839 0.635228
vt 0.524306 0.643228
vt 0.520654 0.514328
vt 0.514010 0.750000
vt 0.512452 0.630991
vt 0.513330 0.618495
vt 0.510250 0.750000
vt 0.507832 0.500000
vt 0.511306 0.827831
vt 0.524718 0.750000
vt 0.491421 1.000000
vt 0.523431 0.000000
vt 0.526281 0.000000
vt 0.524803 0.055981
vt 0.521949 0.250000
vt 0.512874 0.250000
vt 0.521135 0.500000
vt 0.509232 0.500000
vt 0.526244 0.750000
vt 0.501571 0.750000
vt 0.526586 0.882409
vt 0.505213 1.000000
vt 0.523431 1.000000
vt 0.526281 1.000000
vt 0.514122 0.034845
vt 0.514116 0.000000
vt 0.517369 0.000000
vt 0.504370 0.250000
vt 0.511250 0.000000
vt 0.498949 0.000000
vt 0.504005 0.181757
vt 0.551420 0.032823
vt 0.548461 0.140938
vt 0.541212 0.051597
vt 0.552625 0.140269
vt 0.548449 0.168132
vt 0.538040 0.180479
vt 0.540737 0.061661
vt 0.541403 0.126440
vt 0.552329 0.000000
vt 0.552435 0.018159
vt 0.552650 0.140265
vt 0.553130 0.136899
vt 0.552601 0.250000
vt 0.526451 0.181647
vt 0.521241 0.250000
vt 0.520878 0.000000
vt 0.501062 0.053752
vt 0.505606 0.000000
vt 0.507100 0.064970
vt 0.548442 0.183084
vt 0.549253 0.250000
vt 0.548413 0.250000
vt 0.540103 0.000000
vt 0.537451 0.131257
vt 0.533713 0.250000
vt 0.541015 0.250000
vt 0.543066 0.206566
vt 0.538871 0.250000
vt 0.536180 0.250000
vt 0.538672 0.233367
vt 0.543038 0.204236
vt 0.545425 0.250000
vt 0.548477 0.182324
vt 0.505397 0.377271
vt 0.503595 0.459801
vt 0.502675 0.399144
vt 0.500411 0.250000
vt 0.527153 0.250000
vt 0.533765 0.324155
vt 0.541987 0.500000
vt 0.531690 0.500000
vt 0.506193 0.475761
vt 0.549098 0.500000
vt 0.546239 0.437704
vt 0.548535 0.294710
vt 0.537674 0.500000
vt 0.553287 0.500000
vt 0.553791 0.250000
vt 0.557586 0.500000
vt 0.528441 0.750000
vt 0.536692 0.582090
vt 0.540453 0.661750
vt 0.549170 0.661816
vt 0.553359 0.662490
vt 0.504467 0.586394
vt 0.505439 0.544102
vt 0.505958 0.563678
vt 0.507496 0.540242
vt 0.512567 0.724500
vt 0.508534 0.660889
vt 0.503625 0.599210
vt 0.503439 0.631092
vt 0.549444 0.750000
vt 0.546873 0.750000
vt 0.547237 0.714540
vt 0.504206 0.500000
vt 0.532759 0.507136
vt 0.502743 0.750000
vt 0.503072 0.693846
vt 0.504560 0.750000
vt 0.513269 0.750000
vt 0.516389 0.750000
vt 0.507802 0.692705
vt 0.506485 0.750000
vt 0.503256 0.662369
vt 0.511250 1.000000
vt 0.505606 1.000000
vt 0.537858 0.851115
vt 0.520878 1.000000
vt 0.553090 0.948007
vt 0.551779 0.937473
vt 0.552311 0.880763
vt 0.551192 1.000000
vt 0.548224 0.908915
vt 0.539181 0.836274
vt 0.540103 1.000000
vt 0.517369 1.000000
vt 0.514116 1.000000
vt 0.514906 0.943405
vt 0.549343 0.896365
vt 0.556123 0.750000
vt 0.553102 0.949049
vt 0.553115 0.948207
vt 0.502486 1.000000
vt 0.498949 1.000000
vt 0.500128 0.096249
vt 0.498885 0.137752
vt 0.498708 0.133416
vt 0.546298 0.105872
vt 0.549559 0.250000
vt 0.547638 0.250000
vt 0.559788 0.201919
vt 0.554678 0.250000
vt 0.555157 0.093189
vt 0.545330 0.001748
vt 0.545385 0.000000
vt 0.545398 0.000786
vt 0.546376 0.059347
vt 0.545453 0.000000
vt 0.546475 0.000000
vt 0.533722 0.163805
vt 0.545314 0.000000
vt 0.538851 0.250000
vt 0.539117 0.090487
vt 0.557474 0.000000
vt 0.564273 0.000000
vt 0.560717 0.160087
vt 0.546058 0.250000
vt 0.530173 0.250000
vt 0.535186 0.250000
vt 0.549500 0.261818
vt 0.536529 0.412959
vt 0.540873 0.500000
vt 0.534710 0.485319
vt 0.527167 0.289573
vt 0.494252 0.250000
vt 0.544881 0.332583
vt 0.553766 0.500000
vt 0.542495 0.500000
vt 0.558285 0.476586
vt 0.558720 0.250000
vt 0.561346 0.363553
vt 0.542123 0.335379
vt 0.532972 0.410245
vt 0.533798 0.500000
vt 0.527021 0.500000
vt 0.527435 0.295145
vt 0.540903 0.496033
vt 0.555116 0.322204
vt 0.525071 0.500000
vt 0.541112 0.500000
vt 0.533624 0.704210
vt 0.534423 0.515180
vt 0.542529 0.520237
vt 0.562863 0.750000
vt 0.556716 0.749103
vt 0.559147 0.629068
vt 0.533992 0.750000
vt 0.530434 0.750000
vt 0.532880 0.605977
vt 0.526873 0.738109
vt 0.524927 0.750000
vt 0.523403 0.712979
vt 0.525672 0.579405
vt 0.505541 0.601568
vt 0.491039 0.500000
vt 0.508648 0.750000
vt 0.500859 0.715684
vt 0.556697 0.750000
vt 0.552406 0.731003
vt 0.554325 0.750000
vt 0.552743 0.750000
vt 0.527492 0.710394
vt 0.526607 0.750000
vt 0.526963 0.750000
vt 0.528344 0.750000
vt 0.496592 0.750000
vt 0.497542 0.905695
vt 0.494166 0.854883
vt 0.526748 0.779297
vt 0.502805 0.984927
vt 0.501886 0.750000
vt 0.553266 0.764748
vt 0.546885 0.750000
vt 0.534656 0.837448
vt 0.564273 1.000000
vt 0.557474 1.000000
vt 0.527964 0.850547
vt 0.546257 0.984728
vt 0.526911 0.813151
vt 0.527351 0.789002
vt 0.527384 0.792297
vt 0.527430 0.790270
vt 0.532802 0.750000
vt 0.530530 0.797222
vt 0.530619 0.841585
vt 0.529366 0.821415
vt 0.545382 0.999567
vt 0.545385 1.000000
vt 0.545314 1.000000
vt 0.546475 1.000000
vt 0.545453 1.000000
vt 0.570055 0.750000
vt 0.565571 0.943899
vt 0.494418 0.250000
vt 0.491835 0.000000
vt 0.496069 0.013690
vt 0.499083 0.000000
vt 0.496052 0.000000
vt 0.482712 0.000000
vt 0.486079 0.153977
vt 0.485183 0.250000
vt 0.472012 0.115915
vt 0.466480 0.250000
vt 0.466164 0.000000
vt 0.499757 0.189293
vt 0.496366 0.250000
vt 0.499410 0.091803
vt 0.499399 0.088710
vt 0.499462 0.090140
vt 0.509834 0.000000
vt 0.495461 0.000000
vt 0.490342 0.250000
vt 0.490617 0.071847
vt 0.489110 0.000000
vt 0.490938 0.000000
vt 0.489840 0.034802
vt 0.496291 0.190648
vt 0.476702 0.219310
vt 0.474712 0.250000
vt 0.480717 0.065394
vt 0.476748 0.250000
vt 0.480083 0.250000
vt 0.475250 0.000000
vt 0.471832 0.250000
vt 0.487284 0.181115
vt 0.476935 0.277037
vt 0.485259 0.278811
vt 0.484590 0.250000
vt 0.469418 0.442382
vt 0.475534 0.387389
vt 0.465611 0.500000
vt 0.491709 0.365097
vt 0.488683 0.500000
vt 0.480765 0.500000
vt 0.491769 0.365461
vt 0.492149 0.250000
vt 0.495831 0.390085
vt 0.511651 0.250000
vt 0.478748 0.545448
vt 0.485156 0.750000
vt 0.465295 0.750000
vt 0.492131 0.609286
vt 0.488546 0.588417
vt 0.510782 0.500000
vt 0.493474 0.750000
vt 0.485884 0.750000
vt 0.490383 0.648660
vt 0.485174 0.749124
vt 0.485202 0.750000
vt 0.491450 0.899295
vt 0.490030 0.960416
vt 0.482712 1.000000
vt 0.509318 0.888023
vt 0.495502 0.856225
vt 0.493287 0.820263
vt 0.509834 1.000000
vt 0.499083 1.000000
vt 0.491835 1.000000
vt 0.491508 0.896806
vt 0.495461 1.000000
vt 0.491381 0.881213
vt 0.476062 0.864330
vt 0.483148 0.836407
vt 0.481696 1.000000
vt 0.475250 1.000000
vt 0.491433 0.894853
vt 0.490938 1.000000
vt 0.489110 1.000000
vt 0.471149 0.000000
vt 0.478889 0.134957
vt 0.477696 0.233485
vt 0.478332 0.250000
vt 0.461512 0.002727
vt 0.461608 0.250000
vt 0.456515 0.176515
vt 0.461443 0.000000
vt 0.456529 0.250000
vt 0.458358 0.250000
vt 0.456050 0.412008
vt 0.452037 0.500000
vt 0.475656 0.500000
vt 0.477693 0.317743
vt 0.478221 0.500000
vt 0.459975 0.500000
vt 0.466233 0.353686
vt 0.481379 0.500000
vt 0.483237 0.391200
vt 0.487016 0.500000
vt 0.484128 0.600349
vt 0.480370 0.665191
vt 0.470276 0.617981
vt 0.451992 0.750000
vt 0.459910 0.669120
vt 0.481247 0.750000
vt 0.484679 0.750000
vt 0.487341 0.745783
vt 0.488226 0.750000
vt 0.464149 0.500000
vt 0.487432 0.585883
vt 0.484544 0.713451
vt 0.458365 0.783914
vt 0.471874 0.750000
vt 0.461443 1.000000
vt 0.480612 0.969206
vt 0.479542 1.000000
vt 0.456484 1.000000
vt 0.454256 0.876019
vt 0.481227 0.951499
vt 0.448676 0.500000
vt 0.447878 0.500000
vt 0.447933 0.492242
vt 0.448836 0.559206
vt 0.482603 0.500000
vt 0.482753 0.449012
vt 0.484097 0.500000
vt 0.480887 0.500000
vt 0.476019 0.500000
vt 0.481256 0.459606
vt 0.482732 0.448221
vt 0.482755 0.448039
vt 0.493117 0.368117
vt 0.498288 0.500000
vt 0.484840 0.540588
vt 0.482802 0.607802
vt 0.482633 0.516035
vt 0.481019 0.533715
vt 0.477261 0.750000
vt 0.490842 0.680465
vt 0.499034 0.750000
vt 0.485190 0.610189
vt 0.489989 0.510546
vt 0.498205 0.922672
vt 0.476916 0.758461
vt 0.475819 0.750000
vt 0.448883 0.249543
vt 0.453167 0.000000
vt 0.463933 0.057337
vt 0.441553 0.237543
vt 0.435903 0.250000
vt 0.438946 0.000000
vt 0.445360 0.000000
vt 0.448859 0.249505
vt 0.447142 0.246694
vt 0.441574 0.250000
vt 0.448883 0.250000
vt 0.434199 0.250000
vt 0.434517 0.233251
vt 0.448851 0.250000
vt 0.447193 0.250000
vt 0.469046 0.250000
vt 0.469360 0.230878
vt 0.469958 0.250000
vt 0.446260 0.277730
vt 0.448878 0.252708
vt 0.448922 0.252288
vt 0.442463 0.390511
vt 0.435673 0.374070
vt 0.469335 0.388676
vt 0.463022 0.389290
vt 0.449992 0.500000
vt 0.469760 0.294080
vt 0.468834 0.500000
vt 0.451056 0.468399
vt 0.433901 0.356777
vt 0.443568 0.500000
vt 0.446965 0.696766
vt 0.461016 0.750000
vt 0.438249 0.750000
vt 0.447483 0.789713
vt 0.453167 1.000000
vt 0.445360 1.000000
vt 0.579237 0.000000
vt 0.581506 0.104927
vt 0.578230 0.105370
vt 0.561817 0.000000
vt 0.562856 0.250000
vt 0.556126 0.229818
vt 0.545990 0.173502
vt 0.544585 0.000000
vt 0.548252 0.083569
vt 0.574981 0.250000
vt 0.574931 0.250000
vt 0.574930 0.249011
vt 0.563221 0.021262
vt 0.547569 0.250000
vt 0.550737 0.330518
vt 0.550391 0.321733
vt 0.550764 0.313939
vt 0.556415 0.275607
vt 0.557403 0.500000
vt 0.574949 0.250927
vt 0.565823 0.393109
vt 0.565997 0.500000
vt 0.564759 0.401506
vt 0.559161 0.445713
vt 0.559234 0.500000
vt 0.557459 0.250000
vt 0.576597 0.309336
vt 0.560671 0.500000
vt 0.577468 0.500000
vt 0.575787 0.500000
vt 0.577452 0.674308
vt 0.568795 0.500000
vt 0.556423 0.750000
vt 0.559444 0.631679
vt 0.559306 0.545119
vt 0.566047 0.531705
vt 0.553109 0.750000
vt 0.563701 0.668395
vt 0.581413 0.750000
vt 0.561817 1.000000
vt 0.556493 1.000000
vt 0.557747 0.900128
vt 0.555608 0.952293
vt 0.548946 0.899689
vt 0.550919 0.783617
vt 0.551168 0.809359
vt 0.549599 0.817176
vt 0.543930 0.961273
vt 0.579237 1.000000
vt 0.581629 0.780869
vt 0.583162 1.000000
vt 0.544585 1.000000
vt 0.542407 1.000000
vt 0.441605 0.000000
vt 0.441323 0.017609
vt 0.441036 0.000000
vt 0.449268 0.088408
vt 0.443662 0.087628
vt 0.442831 0.000000
vt 0.438617 0.076645
vt 0.416391 0.250000
vt 0.452335 0.250000
vt 0.450039 0.103386
vt 0.449566 0.053063
vt 0.469016 0.172488
vt 0.468637 0.250000
vt 0.466954 0.250000
vt 0.437602 0.250000
vt 0.440318 0.080349
vt 0.444304 0.200374
vt 0.441626 0.250000
vt 0.445202 0.250000
vt 0.449068 0.112107
vt 0.448143 0.221753
vt 0.447905 0.250000
vt 0.447691 0.250000
vt 0.449682 0.100731
vt 0.449173 0.099624
vt 0.444715 0.000000
vt 0.442421 0.084926
vt 0.445114 0.250000
vt 0.444667 0.193644
vt 0.445160 0.251566
vt 0.448686 0.500000
vt 0.437950 0.337559
vt 0.422786 0.404217
vt 0.429261 0.250000
vt 0.468359 0.403992
vt 0.468185 0.500000
vt 0.466406 0.500000
vt 0.448012 0.292132
vt 0.452540 0.331016
vt 0.455112 0.500000
vt 0.449637 0.500000
vt 0.450680 0.465874
vt 0.463428 0.500000
vt 0.438208 0.402365
vt 0.423704 0.500000
vt 0.464781 0.550881
vt 0.449038 0.522022
vt 0.447938 0.562519
vt 0.450352 0.715240
vt 0.440019 0.588873
vt 0.449473 0.549145
vt 0.452689 0.750000
vt 0.454443 0.674977
vt 0.455075 0.750000
vt 0.418239 0.658364
vt 0.444596 0.500000
vt 0.451890 0.700101
vt 0.450645 0.750000
vt 0.471815 0.750000
vt 0.442600 0.750000
vt 0.441036 1.000000
vt 0.420021 1.000000
vt 0.452146 0.886422
vt 0.450226 0.915772
vt 0.441605 1.000000
vt 0.441694 0.977778
vt 0.442831 1.000000
vt 0.444715 1.000000
vt 0.454671 0.909871
vt 0.472267 1.000000
vt 0.441979 0.968127
vt 0.497900 0.000000
vt 0.544880 0.250000
vt 0.496961 0.250000
vt 0.504997 0.500000
vt 0.534753 0.544271
vt 0.505936 0.750000
vt 0.539947 0.500000
vt 0.532853 0.750000
vt 0.539762 0.750000
vt 0.536070 0.925939
vt 0.545454 1.000000
vt 0.545656 0.000000
vt 0.545515 0.006416
vt 0.545130 0.000000
vt 0.502476 0.200939
vt 0.540154 0.250000
vt 0.469084 0.250000
vt 0.473568 0.052590
vt 0.473480 0.050223
vt 0.473496 0.049486
vt 0.499701 0.000000
vt 0.504241 0.000000
vt 0.497303 0.283739
vt 0.500649 0.483835
vt 0.496568 0.406851
vt 0.493762 0.352625
vt 0.493637 0.368637
vt 0.526060 0.400244
vt 0.521042 0.500000
vt 0.522059 0.309202
vt 0.486120 0.455824
vt 0.488599 0.500000
vt 0.485774 0.500000
vt 0.484494 0.461146
vt 0.488656 0.486268
vt 0.470365 0.500000
vt 0.479165 0.284017
vt 0.501852 0.282293
vt 0.484332 0.500000
vt 0.485663 0.500000
vt 0.463861 0.500000
vt 0.467066 0.346551
vt 0.466908 0.500000
vt 0.486294 0.549853
vt 0.488659 0.516235
vt 0.525528 0.500000
vt 0.522514 0.679107
vt 0.484514 0.549608
vt 0.467461 0.625351
vt 0.484603 0.573895
vt 0.492610 0.500000
vt 0.488380 0.750000
vt 0.500807 0.680254
vt 0.479871 0.750000
vt 0.510085 0.750000
vt 0.500231 0.750000
vt 0.469362 0.750000
vt 0.467672 0.673169
vt 0.467029 0.643980
vt 0.509136 0.821576
vt 0.499279 0.929273
vt 0.499701 1.000000
vt 0.490053 0.964011
vt 0.473669 0.956150
vt 0.545656 1.000000
vt 0.545130 1.000000
vt 0.545365 0.986071
vt 0.495216 0.750000
vt 0.496369 0.897476
vt 0.503828 0.930720
vt 0.000000 0.000000
vt 0.487906 0.000000
vt 0.531123 0.000000
vt 0.489196 0.500000
vt 0.532413 0.750000
vt 0.523841 0.750000
vt 0.489196 0.750000
vt 0.487906 1.000000
vt 0.511305 0.250000
vt 0.478013 0.250000
vt 0.474689 0.000000
vt 0.484526 0.000000
vt 0.491118 0.036915
vt 0.525835 0.000000
vt 0.484206 0.348446
vt 0.477090 0.471834
vt 0.475393 0.452026
vt 0.493766 0.603977
vt 0.474689 1.000000
vt 0.472507 0.831662
vt 0.504255 1.000000
vt 0.483868 0.000000
vt 0.521154 0.174798
vt 0.495053 0.047876
vt 0.499699 0.114828
vt 0.525869 0.034672
vt 0.502437 0.000000
vt 0.480769 0.432171
vt 0.481045 0.547658
vt 0.494096 1.000000
vt 0.483868 1.000000
vt 0.502437 1.000000
vt 0.521750 0.986876
vt 0.530759 1.000000
vt 0.528217 0.992477
vt 0.527823 0.863913
vt 0.483437 0.250000
vt 0.480939 0.000000
vt 0.527599 0.000000
vt 0.530096 0.250000
vt 0.522722 0.393575
vt 0.506392 0.500000
vt 0.530324 0.500000
vt 0.527325 0.603423
vt 0.527827 0.750000
vt 0.481000 0.933337
vt 0.522002 0.897002
vt 0.524700 0.763430
vt 0.495139 1.000000
vt 0.527599 1.000000
vt 0.522090 0.799895
vt 0.465602 0.167359
vt 0.510649 0.000000
vt 0.461477 0.250000
vt 0.461477 0.115115
vt 0.515404 0.750000
vt 0.510649 1.000000
vt 0.462350 1.000000
vt 0.461691 0.988726
vt 0.469121 0.790543
vt 0.494387 0.000000
vt 0.475300 0.000000
vt 0.496732 0.000000
vt 0.513497 0.000000
vt 0.498938 0.091117
vt 0.483903 0.313888
vt 0.476110 0.405532
vt 0.524354 0.487233
vt 0.495683 0.542628
vt 0.524704 0.755109
vt 0.513497 1.000000
vt 0.483370 0.878335
vt 0.472469 0.883382
vt 0.467576 0.000000
vt 0.468756 0.250000
vt 0.488213 0.066567
vt 0.517339 0.250000
vt 0.505945 0.382767
vt 0.495421 0.422911
vt 0.485353 0.328315
vt 0.520696 0.500000
vt 0.471728 0.581502
vt 0.480995 1.000000
vt 0.516159 1.000000
vt 0.508501 1.000000
vt 0.500947 0.871917
vt 0.467576 1.000000
vt 0.488737 0.214643
vt 0.511596 0.000000
vt 0.489286 0.133433
vt 0.524963 0.000000
vt 0.527742 0.250000
vt 0.499658 0.000000
vt 0.475600 0.000000
vt 0.492651 0.334445
vt 0.483395 0.318685
vt 0.489484 0.269561
vt 0.492221 0.373418
vt 0.485527 0.389547
vt 0.476569 0.500000
vt 0.525779 0.428034
vt 0.475716 0.491537
vt 0.506441 0.652526
vt 0.522724 0.796904
vt 0.475600 1.000000
vt 0.473211 0.783318
vt 0.503330 1.000000
vt 0.499658 1.000000
vt 0.462223 0.205549
vt 0.512059 0.193676
vt 0.462223 0.250000
vt 0.462223 0.000000
vt 0.518472 0.250000
vt 0.492958 0.500000
vt 0.462275 0.352996
vt 0.458065 0.395534
vt 0.469448 0.750000
vt 0.470314 0.668696
vt 0.488363 0.856248
vt 0.512513 0.791401
vt 0.462223 1.000000
vt 0.461165 0.962984
vt 0.496258 0.000000
vt 0.528554 0.250000
vt 0.525420 0.246605
vt 0.481299 0.250000
vt 0.483951 0.500000
vt 0.531205 0.500000
vt 0.517523 0.583838
vt 0.530042 0.503566
vt 0.525853 0.612694
vt 0.505853 0.692898
vt 0.528163 0.933388
vt 0.496258 1.000000
vt 0.527457 1.000000
vt 0.499575 0.047317
vt 0.501852 0.216078
vt 0.501454 0.000000
vt 0.512146 0.250000
vt 0.497244 0.038845
vt 0.489616 0.649899
vt 0.493959 0.534835
vt 0.504999 0.628851
vt 0.510783 0.750000
vt 0.501454 1.000000
vt 0.468870 1.000000
vt 0.554167 0.232600
vt 0.564907 0.000000
vt 0.519708 0.000000
vt 0.568795 0.613335
vt 0.556445 1.000000
vt 0.549208 1.000000
vt 0.564907 1.000000
vt 0.547187 0.250000
vt 0.486479 0.000000
vt 0.506727 0.352713
vt 0.481157 0.500000
vt 0.504534 0.750000
vt 0.508081 0.991265
vt 0.503713 1.000000
vt 0.486479 1.000000
vt 0.470655 0.000000
vt 0.455455 0.000000
vt 0.504917 0.000000
vt 0.505543 0.500000
vt 0.455455 1.000000
vt 0.526231 0.000000
vt 0.496257 0.750000
vt 0.526231 1.000000
vt 0.479115 0.000000
vt 0.449243 0.000000
vt 0.513955 0.000000
vt 0.523196 0.500000
vt 0.509642 1.000000
vt 0.529127 1.000000
vt 0.503375 0.000000
vt 0.503375 1.000000
vt 0.518873 0.000000
vt 0.472022 1.000000
vt 0.497747 0.152716
vt 0.501792 0.610005
vt 0.475256 0.000000
vt 0.498230 0.750000
vt 0.470926 0.763155
vt 0.517695 1.000000
vt 0.505153 0.000000
vt 0.523488 0.750000
vt 0.525957 1.000000
vt 0.500918 0.000000
vt 0.552023 0.500000
vt 0.525039 0.750000
vt 0.553393 0.650473
vt 0.524581 1.000000
vt 0.500918 1.000000
vt 0.553206 1.000000
vt 0.540307 1.000000
vt 0.513833 0.250000
vt 0.470311 0.250000
vt 0.471107 0.500000
vt 0.514630 0.750000
vt 0.490853 1.000000
vt 0.470311 1.000000
vt 0.561177 0.000000
vt 0.553945 0.000000
vt 0.523100 0.000000
vt 0.585047 0.000000
vt 0.543774 0.250000
vt 0.580085 0.379189
vt 0.569819 0.344168
vt 0.538113 1.000000
vt 0.513756 1.000000
vt 0.555473 1.000000
vt 0.523100 1.000000
vt 0.418476 0.000000
vt 0.427046 0.000000
vt 0.423942 0.250000
vt 0.440578 0.000000
vt 0.463783 0.000000
vt 0.504711 0.000000
vt 0.454285 0.262514
vt 0.416927 0.750000
vt 0.480141 0.837732
vt 0.475808 1.000000
vt 0.440578 1.000000
vt 0.416016 0.961936
vt 0.470597 0.000000
vt 0.521068 0.750000
vt 0.484555 1.000000
vt 0.509232 0.788191
vt 0.465466 0.000000
vt 0.510292 0.500000
vt 0.473068 0.250000
vt 0.498079 0.268139
vt 0.518923 0.750000
vt 0.490777 1.000000
vt 0.546134 0.575963
vt 0.546134 0.750000
vt 0.504022 0.527269
vt 0.503570 1.000000
vt 0.526053 1.000000
vt 0.494571 1.000000
vt 0.465818 0.000000
vt 0.506881 0.000000
vt 0.502191 0.021270
vt 0.516640 0.000000
vt 0.516980 0.539680
vt 0.502017 1.000000
vt 0.530982 0.250000
vt 0.515672 0.000000
vt 0.545481 0.000000
vt 0.538866 0.402704
vt 0.509141 0.500000
vt 0.537186 0.750000
vt 0.539408 1.000000
vt 0.540345 1.000000
vt 0.444757 0.250000
vt 0.390960 0.750000
vt 0.428397 0.750000
vt 0.496215 0.000000
vt 0.511304 0.000000
vt 0.486363 0.000000
vt 0.529113 0.000000
vt 0.491763 0.500000
vt 0.510068 0.393525
vt 0.511450 0.424767
vt 0.486404 0.500000
vt 0.529155 0.671702
vt 0.529155 0.750000
vt 0.496215 1.000000
vt 0.486363 1.000000
vt 0.453775 0.500000
vt 0.443382 0.466693
vt 0.450350 0.771021
vt 0.439796 1.000000
vt 0.529312 0.000000
vt 0.500709 0.000000
vt 0.505051 0.085143
vt 0.507276 0.271280
vt 0.481951 0.500000
vt 0.479490 0.000000
vt 0.511102 1.000000
vt 0.484049 0.848406
vt 0.528894 0.000000
vt 0.524092 0.750000
vt 0.528894 1.000000
vt 0.480664 1.000000
vt 0.486674 0.000000
vt 0.554094 0.000000
vt 0.576645 0.250000
vt 0.534332 0.336680
vt 0.542280 1.000000
vt 0.496322 0.811669
vt 0.497130 1.000000
vt 0.575258 1.000000
vt 0.539092 0.000000
vt 0.555963 0.500000
vt 0.504740 1.000000
vt 0.550892 1.000000
vt 0.546381 1.000000
vt 0.559622 0.939856
vt 0.557981 1.000000
vt 0.530818 0.750000
vt 0.525269 1.000000
vt 0.488273 1.000000
vt 0.514437 0.000000
vt 0.511946 0.550809
vt 0.514437 1.000000
vt 0.488892 1.000000
vt 0.516979 0.000000
vt 0.527765 0.000000
vt 0.525243 0.500000
vt 0.527961 0.732132
vt 0.524090 1.000000
vt 0.517739 0.987927
vt 0.516979 1.000000
vt 0.492499 1.000000
vt 0.455096 0.250000
vt 0.446215 0.750000
vt 0.491795 0.750000
vt 0.450363 1.000000
vt 0.444987 0.817292
vt 0.495436 1.000000
vt 0.469802 0.000000
vt 0.467319 0.960922
vt 0.505899 1.000000
vt 0.477655 0.250000
vt 0.506975 0.500000
vt 0.506210 0.750000
vt 0.504402 1.000000
vt 0.477655 1.000000
vt 0.457628 0.000000
vt 0.443668 0.109542
vt 0.477387 0.000000
vt 0.402321 0.500000
vt 0.478462 0.750000
vt 0.402321 0.750000
vt 0.430323 1.000000
vt 0.430697 0.913089
vt 0.436584 0.848899
vt 0.457119 1.000000
vt 0.509922 0.000000
vt 0.481133 0.000000
vt 0.485547 0.500000
vt 0.494409 0.490539
vt 0.494581 1.000000
vt 0.481133 1.000000
vt 0.513576 1.000000
vt 0.543410 1.000000
vt 0.527540 0.000000
vt 0.520233 0.174040
vt 0.506008 0.000000
vt 0.520662 0.333257
vt 0.521705 0.540179
vt 0.523247 0.750000
vt 0.523297 1.000000
vt 0.507897 0.000000
vt 0.523566 0.500000
vt 0.523486 1.000000
vt 0.476408 0.000000
vt 0.521583 0.678710
vt 0.519444 0.969302
vt 0.469465 1.000000
vt 0.532396 0.500000
vt 0.477695 0.000000
vt 0.484308 0.000000
vt 0.498273 0.000000
vt 0.475786 0.000000
vt 0.455460 0.000000
vt 0.483726 0.269118
vt 0.483980 0.500000
vt 0.498458 0.452365
vt 0.486186 0.523717
vt 0.475786 1.000000
vt 0.510191 0.750000
vt 0.506916 1.000000
vt 0.477673 1.000000
vt 0.450464 0.000000
vt 0.422188 1.000000
vt 0.450464 1.000000
vt 0.551780 0.000000
vt 0.553100 0.000000
vt 0.525834 0.250000
vt 0.500961 0.000000
vt 0.523108 0.000000
vt 0.531296 0.245286
vt 0.552872 0.257701
vt 0.509395 0.644925
vt 0.500961 1.000000
vt 0.553100 1.000000
vt 0.532593 1.000000
vt 0.528603 1.000000
vt 0.484382 0.000000
vt 0.483781 0.500000
vt 0.484382 1.000000
vt 0.589346 0.000000
vt 0.550625 0.250000
vt 0.555668 0.000000
vt 0.608429 0.118112
vt 0.622881 0.000000
vt 0.570777 0.750000
vt 0.550975 0.750000
vt 0.555668 1.000000
vt 0.622881 1.000000
vt 0.609238 1.000000
vt 0.458217 0.000000
vt 0.478623 0.320883
vt 0.457359 0.515114
vt 0.457798 0.878069
vt 0.482758 1.000000
vt 0.501326 1.000000
vt 0.468001 0.000000
vt 0.516197 0.250000
vt 0.517843 0.375901
vt 0.471269 0.500000
vt 0.499510 0.750000
vt 0.482867 0.684541
vt 0.471269 0.750000
vt 0.511593 1.000000
vt 0.426485 0.250000
vt 0.426485 0.000000
vt 0.466989 0.000000
vt 0.477265 0.250000
vt 0.461085 0.341691
vt 0.426171 0.500000
vt 0.423550 0.432556
vt 0.427479 0.750000
vt 0.473245 0.750000
vt 0.459543 0.763612
vt 0.458294 1.000000
vt 0.426485 1.000000
vt 0.466989 1.000000
vt 0.440783 0.000000
vt 0.489560 0.000000
vt 0.451343 0.000000
vt 0.452435 0.370198
vt 0.484229 0.500000
vt 0.484467 0.000000
vt 0.495660 0.000000
vt 0.454960 0.750000
vt 0.458206 1.000000
vt 0.493897 0.898972
vt 0.506331 1.000000
vt 0.460114 0.000000
vt 0.460114 1.000000
vt 0.481510 0.000000
vt 0.506618 0.000000
vt 0.454032 0.000000
vt 0.439804 0.500000
vt 0.481521 0.500000
vt 0.481510 1.000000
vt 0.499546 0.000000
vt 0.532823 0.000000
vt 0.542091 0.500000
vt 0.518340 0.277357
vt 0.535809 0.738624
vt 0.535380 0.785446
vt 0.548059 1.000000
vt 0.499546 1.000000
vt 0.514481 0.903320
vt 0.467971 0.000000
vt 0.512700 0.250000
vt 0.507996 0.414298
vt 0.478620 0.413934
vt 0.466025 0.750000
vt 0.496731 1.000000
vt 0.479392 0.000000
vt 0.491071 0.000000
vt 0.522428 0.108966
vt 0.518751 0.148577
vt 0.508827 0.500000
vt 0.474968 0.500000
vt 0.493504 0.678086
vt 0.491071 1.000000
vt 0.479392 1.000000
vt 0.495453 0.000000
vt 0.504749 0.000000
vt 0.475016 0.250000
vt 0.492130 0.710575
vt 0.523063 0.111567
vt 0.529067 0.250000
vt 0.465468 0.250000
vt 0.463661 0.168191
vt 0.489133 0.250000
vt 0.483510 0.182271
vt 0.466090 0.500000
vt 0.482310 0.578702
vt 0.495116 0.604528
vt 0.534826 0.760227
vt 0.528759 1.000000
vt 0.555082 0.000000
vt 0.547789 0.000000
vt 0.517709 0.000000
vt 0.561582 0.254375
vt 0.562320 0.500000
vt 0.539341 0.456526
vt 0.552937 0.867797
vt 0.524758 0.800053
vt 0.547789 1.000000
vt 0.512852 0.163118
vt 0.508299 0.284613
vt 0.535663 0.750000
vt 0.509532 0.750000
vt 0.510496 1.000000
vt 0.534673 0.000000
vt 0.552385 0.000000
vt 0.533516 0.500000
vt 0.537173 0.500000
vt 0.536955 0.708882
vt 0.551042 0.750000
vt 0.519741 0.750000
vt 0.552385 1.000000
vt 0.483666 0.061225
vt 0.488957 0.000000
vt 0.498824 0.273224
vt 0.492062 0.522732
vt 0.509378 1.000000
vt 0.533036 0.250000
vt 0.495632 0.000000
vt 0.523324 1.000000
vt 0.491421 0.000000
vt 0.516665 0.302241
vt 0.514409 0.648036
vt 0.515757 1.000000
vt 0.505213 0.000000
vt 0.527058 0.000000
vt 0.527058 1.000000
vt 0.517229 0.024350
vt 0.502486 0.000000
vt 0.551192 0.000000
vt 0.537755 0.000000
vt 0.542307 0.506781
vt 0.537755 1.000000
vt 0.552329 1.000000
vt 0.559876 0.173062
vt 0.503807 0.000000
vt 0.527437 0.294029
vt 0.487580 0.350432
vt 0.532078 0.500000
vt 0.564502 0.500000
vt 0.509421 0.731158
vt 0.547649 0.850623
vt 0.503807 1.000000
vt 0.511335 0.000000
vt 0.481696 0.000000
vt 0.468449 0.280417
vt 0.510465 0.750000
vt 0.511335 1.000000
vt 0.496052 1.000000
vt 0.491951 0.877759
vt 0.482178 0.919323
vt 0.466164 1.000000
vt 0.470289 0.071071
vt 0.479542 0.000000
vt 0.456484 0.000000
vt 0.487823 0.666803
vt 0.471149 1.000000
vt 0.492077 0.376136
vt 0.497492 0.334365
vt 0.483022 0.727486
vt 0.485694 0.710507
vt 0.460764 0.250000
vt 0.462140 0.000000
vt 0.444296 0.061649
vt 0.442635 0.312365
vt 0.433502 0.500000
vt 0.453489 0.968102
vt 0.462140 1.000000
vt 0.438946 1.000000
vt 0.583162 0.000000
vt 0.556493 0.000000
vt 0.542407 0.000000
vt 0.579217 0.250000
vt 0.578801 0.309458
vt 0.580225 0.674682
vt 0.552241 0.750000
vt 0.560367 0.781141
vt 0.578307 0.781053
vt 0.420021 0.000000
vt 0.453656 0.093325
vt 0.469529 0.188561
vt 0.472267 0.000000
vt 0.436051 0.382789
vt 0.416220 0.344515
vt 0.419569 0.750000
vt 0.450143 0.948755
vt 0.545454 0.000000
vt 0.540521 0.750000
vt 0.497900 1.000000
vt 0.474585 0.000000
vt 0.497955 0.198742
vt 0.496100 0.485281
vt 0.496777 0.371778
vt 0.484593 0.437497
vt 0.487447 0.286090
vt 0.469504 0.471407
vt 0.534932 0.500000
vt 0.526298 0.593643
vt 0.540433 0.750000
vt 0.510314 0.722290
vt 0.497843 0.930156
vt 0.504241 1.000000
vt 0.474585 1.000000
s 0
f 5/1/1 13/2/1 3/3/1
f 7/4/1 14/5/1 6/6/1
f 12/7/1 14/5/1 8/8/1
f 12/7/1 18/9/1 25/10/1
f 11/11/1 24/12/1 13/2/1
f 16/13/1 3/3/1 13/2/1
f 13/2/1 22/14/1 21/15/1
f 9/16/1 17/17/1 18/9/1
f 20/18/1 21/15/1 22/14/1
f 10/19/1 15/20/1 17/17/1
f 15/20/1 23/21/1 26/22/1
f 27/23/1 19/24/1 23/21/1
f 20/18/2 28/25/2 29/26/2
f 30/27/2 25/10/2 31/28/2
f 32/29/2 26/22/2 23/21/2
f 35/30/2 34/31/2 36/32/2
f 30/27/2 32/29/2 38/33/2
f 33/34/2 36/32/2 38/33/2
f 49/35/3 46/36/3 39/37/3
f 38/33/3 36/32/3 40/38/3
f 40/38/3 39/37/3 46/36/3
f 44/39/3 42/40/3 45/41/3
f 42/40/4 51/42/4 50/43/4
f 58/44/5 6/45/5 5/46/5
f 62/47/4 56/48/4 55/49/4
f 52/50/4 58/44/4 57/51/4
f 8/52/4 7/53/4 61/54/4
f 48/55/4 49/35/4 54/56/4
f 53/57/4 62/47/4 59/58/4
f 3/59/4 63/60/4 57/51/4
f 5/46/4 57/51/4 58/44/4
f 62/47/4 55/49/4 61/54/4
f 51/42/4 2/61/4 61/54/4
f 7/53/4 60/62/4 61/54/4
f 67/63/6 88/64/6 68/65/6
f 68/65/6 85/66/6 82/67/6
f 72/68/6 71/69/6 70/70/6
f 73/71/6 74/72/6 75/73/6
f 78/74/6 79/75/6 72/68/6
f 66/76/6 82/67/6 81/77/6
f 83/78/6 84/79/6 85/66/6
f 86/80/6 73/71/6 76/81/6
f 85/66/7 84/79/7 92/82/7
f 88/64/7 97/83/7 95/84/7
f 106/85/7 105/86/7 94/87/7
f 94/87/7 96/88/7 107/89/7
f 104/90/7 103/91/7 109/92/7
f 108/93/7 109/92/7 103/91/7
f 106/85/7 111/94/7 113/95/7
f 118/96/7 119/97/7 114/98/7
f 97/83/7 122/99/7 123/100/7
f 121/101/7 123/100/7 120/102/7
f 124/103/7 106/85/7 112/104/7
f 99/105/7 100/106/7 89/107/7
f 91/108/7 85/66/7 93/109/7
f 99/105/7 110/110/7 109/92/7
f 118/96/7 115/111/7 117/112/7
f 118/96/7 113/95/7 111/94/7
f 105/86/8 124/103/8 130/113/8
f 117/112/8 131/114/8 136/115/8
f 129/116/8 132/117/8 130/113/8
f 125/118/8 128/119/8 126/120/8
f 103/91/8 127/121/8 108/93/8
f 128/119/8 144/122/8 139/123/8
f 135/124/8 112/104/8 113/95/8
f 113/95/8 136/115/8 135/124/8
f 133/125/8 122/99/8 148/126/8
f 143/127/8 141/128/8 132/117/8
f 138/129/8 139/123/8 137/130/8
f 100/106/8 127/121/8 125/118/8
f 142/131/8 144/122/8 141/128/8
f 146/132/8 148/126/8 147/133/8
f 116/134/8 133/125/8 145/135/8
f 102/136/8 130/113/8 144/122/8
f 137/130/9 151/137/9 157/138/9
f 140/139/9 151/137/9 139/123/9
f 142/131/9 154/140/9 153/141/9
f 147/133/9 149/142/9 155/143/9
f 140/139/9 142/131/9 152/144/9
f 65/145/9 157/138/9 66/146/9
f 159/147/9 68/148/9 156/149/9
f 72/150/9 160/151/9 78/152/9
f 161/153/9 70/154/9 158/155/9
f 77/156/9 75/157/9 162/158/9
f 147/133/9 162/158/9 160/151/9
f 185/159/10 171/160/10 170/161/10
f 168/162/10 171/160/10 185/159/10
f 167/163/10 180/164/10 164/165/10
f 176/166/10 172/167/10 174/168/10
f 182/169/10 183/170/10 184/171/10
f 170/161/10 175/172/10 187/173/10
f 187/173/10 173/174/10 188/175/10
f 181/176/10 178/177/10 179/178/10
f 196/179/11 198/180/11 189/181/11
f 178/177/11 195/182/11 200/183/11
f 190/184/11 192/185/11 191/186/11
f 195/182/11 181/176/11 182/169/11
f 184/171/11 197/187/11 189/181/11
f 193/188/11 190/184/11 194/189/11
f 193/188/11 200/183/11 195/182/11
f 202/190/12 197/187/12 209/191/12
f 194/189/12 203/192/12 201/193/12
f 192/185/12 205/194/12 202/190/12
f 192/185/12 203/192/12 191/186/12
f 209/191/12 206/195/12 208/196/12
f 218/197/13 164/198/13 211/199/13
f 210/200/13 212/201/13 211/199/13
f 168/202/13 208/196/13 219/203/13
f 213/204/13 221/205/13 223/206/13
f 221/205/13 222/207/13 223/206/13
f 176/208/13 214/209/13 217/210/13
f 206/195/13 207/211/13 216/212/13
f 225/213/14 226/214/14 227/215/14
f 232/216/14 231/217/14 234/218/14
f 237/219/14 236/220/14 233/221/14
f 225/213/14 237/219/14 232/216/14
f 234/218/15 231/217/15 243/222/15
f 239/223/15 236/220/15 241/224/15
f 245/225/15 246/226/15 247/227/15
f 251/228/16 249/229/16 248/230/16
f 242/231/15 243/222/15 238/232/15
f 254/233/15 252/234/15 253/235/15
f 255/236/17 268/237/17 252/234/17
f 244/238/17 263/239/17 246/226/17
f 249/229/17 258/240/17 265/241/17
f 193/242/17 262/243/17 261/244/17
f 266/245/17 257/246/17 265/241/17
f 199/247/17 270/248/17 260/249/17
f 269/250/17 260/249/17 270/248/17
f 181/251/18 269/250/18 270/248/18
f 276/252/18 273/253/18 275/254/18
f 275/254/18 278/255/18 282/256/18
f 264/257/18 226/258/18 195/259/18
f 270/248/18 193/242/18 195/259/18
f 264/257/18 271/260/18 280/261/18
f 271/260/18 273/253/18 281/262/18
f 181/251/18 279/263/18 228/264/18
f 295/265/19 284/266/19 294/267/19
f 292/268/19 290/269/19 286/270/19
f 284/266/19 289/271/19 285/272/19
f 288/273/19 287/274/19 285/272/19
f 297/275/20 302/276/20 304/277/20
f 295/265/20 299/278/20 298/279/20
f 301/280/21 303/281/21 302/276/21
f 301/280/22 314/282/22 306/283/22
f 308/284/23 310/285/23 309/286/23
f 311/287/22 313/288/22 312/289/22
f 305/290/22 300/291/22 310/285/22
f 317/292/24 320/293/24 316/294/24
f 308/284/25 309/286/25 316/294/25
f 287/295/24 288/296/24 317/292/24
f 312/289/24 320/293/24 319/297/24
f 327/298/26 326/299/26 325/300/26
f 325/300/27 328/301/27 327/298/27
f 334/302/26 336/303/26 331/304/26
f 333/305/26 332/306/26 335/307/26
f 328/301/26 333/305/26 329/308/26
f 338/309/28 348/310/28 349/311/28
f 350/312/28 354/313/28 353/314/28
f 349/311/28 356/315/28 351/316/28
f 337/317/28 344/318/28 346/319/28
f 340/320/28 346/319/28 347/321/28
f 339/322/28 352/323/28 342/324/28
f 343/325/28 335/307/28 352/323/28
f 365/326/29 364/327/29 362/328/29
f 363/329/29 358/330/29 361/331/29
f 348/310/29 363/329/29 360/332/29
f 347/321/29 357/333/29 358/330/29
f 323/334/30 376/335/30 368/336/30
f 368/336/30 330/337/30 377/338/30
f 371/339/30 374/340/30 370/341/30
f 373/342/30 369/343/30 377/338/30
f 362/328/30 374/340/30 372/344/30
f 366/345/30 365/326/30 372/344/30
f 376/335/30 326/346/30 375/347/30
f 324/348/30 325/349/30 376/335/30
f 390/350/31 389/351/31 388/352/31
f 398/353/31 391/354/31 400/355/31
f 397/356/31 381/357/31 382/358/31
f 397/356/31 383/359/31 393/360/31
f 394/361/31 395/362/31 393/360/31
f 385/363/31 398/353/31 384/364/31
f 396/365/31 391/354/31 380/366/31
f 400/355/32 396/365/32 402/367/32
f 401/368/32 406/369/32 405/370/32
f 401/368/32 395/362/32 394/361/32
f 403/371/32 406/369/32 410/372/32
f 416/373/32 420/374/32 417/375/32
f 413/376/32 411/377/32 414/378/32
f 420/374/32 414/378/32 417/375/32
f 410/372/32 411/377/32 412/379/32
f 418/380/32 419/381/32 415/382/32
f 426/383/33 422/384/33 424/385/33
f 416/373/33 417/375/33 422/384/33
f 421/386/33 418/380/33 415/382/33
f 411/377/33 427/387/33 426/383/33
f 424/385/33 417/375/33 414/378/33
f 431/388/33 430/389/33 428/390/33
f 421/386/33 425/391/33 428/390/33
f 439/392/34 426/383/34 433/393/34
f 427/387/34 432/394/34 437/395/34
f 381/396/34 432/394/34 435/397/34
f 391/398/34 436/399/34 380/400/34
f 385/401/34 437/395/34 438/402/34
f 389/403/34 429/404/34 431/388/34
f 448/405/35 441/406/35 461/407/35
f 452/408/35 453/409/35 451/410/35
f 455/411/35 456/412/35 450/413/35
f 448/405/35 447/414/35 449/415/35
f 464/416/35 455/411/35 450/413/35
f 458/417/35 441/406/35 449/415/35
f 459/418/35 440/419/35 460/420/35
f 444/421/35 446/422/35 464/416/35
f 458/417/35 447/414/35 443/423/35
f 470/424/36 473/425/36 472/426/36
f 462/427/36 471/428/36 469/429/36
f 473/425/36 475/430/36 486/431/36
f 481/432/36 468/433/36 482/434/36
f 468/433/36 471/428/36 482/434/36
f 488/435/36 485/436/36 484/437/36
f 492/438/36 489/439/36 487/440/36
f 493/441/36 486/431/36 477/442/36
f 492/438/36 490/443/36 491/444/36
f 493/441/36 495/445/36 492/438/36
f 485/436/37 499/446/37 498/447/37
f 490/443/37 497/448/37 491/444/37
f 505/449/37 502/450/37 500/451/37
f 491/444/37 507/452/37 508/453/37
f 510/454/37 504/455/37 505/449/37
f 496/456/37 489/439/37 510/454/37
f 500/451/37 501/457/37 485/436/37
f 506/458/37 507/452/37 509/459/37
f 504/455/38 524/460/38 502/450/38
f 506/458/38 509/459/38 515/461/38
f 510/454/38 508/453/38 529/462/38
f 457/463/38 454/464/38 525/465/38
f 440/466/38 517/467/38 448/468/38
f 513/469/38 522/470/38 514/471/38
f 512/472/38 519/473/38 520/474/38
f 522/470/38 444/475/38 527/476/38
f 451/477/38 513/469/38 502/450/38
f 443/478/38 520/474/38 527/476/38
f 523/479/38 510/454/38 526/480/38
f 521/481/38 447/482/38 518/483/38
f 455/484/38 451/477/38 524/460/38
f 508/453/38 515/461/38 525/465/38
f 526/480/38 529/462/38 528/485/38
f 547/486/39 534/487/39 533/488/39
f 530/489/39 552/490/39 551/491/39
f 538/492/39 537/493/39 539/494/39
f 531/495/39 538/492/39 549/496/39
f 549/496/39 542/497/39 550/498/39
f 541/499/39 544/500/39 545/501/39
f 552/490/39 540/502/39 550/498/39
f 543/503/39 551/491/39 550/498/39
f 555/504/40 542/497/40 557/505/40
f 569/506/40 543/503/40 555/504/40
f 549/496/40 557/505/40 542/497/40
f 563/507/40 562/508/40 575/509/40
f 539/494/40 574/510/40 572/511/40
f 556/512/40 570/513/40 572/511/40
f 537/493/40 573/514/40 574/510/40
f 553/515/40 554/516/40 562/508/40
f 553/515/40 564/517/40 565/518/40
f 544/500/40 561/519/40 554/516/40
f 560/520/40 566/521/40 567/522/40
f 576/523/41 574/510/41 601/524/41
f 600/525/41 588/526/41 587/527/41
f 590/528/42 576/523/42 589/529/42
f 573/514/42 577/530/42 574/510/42
f 580/531/41 599/532/41 597/533/41
f 564/517/41 579/534/41 582/535/41
f 565/518/41 585/536/41 566/521/41
f 571/537/41 591/538/41 578/539/41
f 583/540/41 598/541/41 602/542/41
f 581/543/41 565/518/41 584/544/41
f 581/543/42 584/544/42 580/531/42
f 596/545/42 592/546/42 595/547/42
f 584/544/41 583/540/41 599/532/41
f 596/545/43 604/548/43 608/549/43
f 605/550/43 531/551/43 608/549/43
f 586/552/43 605/550/43 588/526/43
f 611/553/44 609/554/44 612/555/44
f 615/556/44 614/557/44 616/558/44
f 560/559/45 610/560/45 611/553/45
f 560/559/44 567/561/44 620/562/44
f 553/563/44 621/564/44 560/559/44
f 627/565/44 624/566/44 623/567/44
f 629/568/44 628/569/44 626/570/44
f 631/571/45 632/572/45 633/573/45
f 636/574/44 632/572/44 635/575/44
f 619/576/44 618/577/44 617/578/44
f 638/579/46 624/566/46 625/580/46
f 638/579/46 639/581/46 648/582/46
f 641/583/46 643/584/46 657/585/46
f 633/573/46 647/586/46 646/587/46
f 631/571/46 643/584/46 635/575/46
f 633/573/46 645/588/46 644/589/46
f 645/588/46 658/590/46 657/585/46
f 642/591/46 651/592/46 652/593/46
f 640/594/46 630/595/46 641/583/46
f 640/594/46 652/593/46 653/596/46
f 651/592/46 658/590/46 655/597/46
f 647/586/46 658/590/46 646/587/46
f 640/594/46 649/598/46 648/582/46
f 655/597/46 659/599/46 656/600/46
f 661/601/47 660/602/47 652/593/47
f 668/603/48 663/604/48 664/605/48
f 656/600/47 664/605/47 651/592/47
f 665/606/47 661/601/47 666/607/47
f 678/608/48 649/598/48 660/602/48
f 672/609/47 671/610/47 668/603/47
f 673/611/48 684/612/48 682/613/48
f 672/609/49 670/614/49 673/611/49
f 575/615/47 579/616/47 563/617/47
f 674/618/47 681/619/47 676/620/47
f 678/608/47 680/621/47 677/622/47
f 680/621/48 684/612/48 676/620/48
f 678/608/47 665/606/47 663/604/47
f 553/623/50 686/624/50 691/625/50
f 683/626/50 689/627/50 684/612/50
f 674/618/50 579/616/50 583/628/50
f 675/629/50 583/628/50 602/630/50
f 583/628/50 575/615/50 562/631/50
f 553/623/50 685/632/50 687/633/50
f 688/634/50 615/635/50 616/636/50
f 691/625/50 612/637/50 693/638/50
f 688/634/50 685/632/50 575/615/50
f 609/639/50 610/640/50 693/638/50
f 602/630/50 691/625/50 692/641/50
f 702/642/51 712/643/51 713/644/51
f 709/645/51 711/646/51 720/647/51
f 704/648/51 703/649/51 702/642/51
f 701/650/51 700/651/51 696/652/51
f 697/653/51 706/654/51 707/655/51
f 696/652/51 694/656/51 704/648/51
f 713/644/51 709/645/51 699/657/51
f 716/658/51 719/659/51 717/660/51
f 719/659/51 718/661/51 708/662/51
f 722/663/52 734/664/52 727/665/52
f 724/666/52 723/667/52 730/668/52
f 723/667/52 728/669/52 732/670/52
f 725/671/52 716/658/52 724/666/52
f 728/669/52 715/672/52 711/646/52
f 725/671/53 730/668/53 731/673/53
f 721/674/52 722/663/52 727/665/52
f 734/664/52 731/673/52 732/670/52
f 754/675/54 726/676/54 736/677/54
f 733/678/54 739/679/54 741/680/54
f 740/681/54 741/680/54 739/679/54
f 754/675/54 760/682/54 749/683/54
f 752/684/54 740/681/54 751/685/54
f 757/686/54 747/687/54 746/688/54
f 746/688/54 753/689/54 757/686/54
f 760/682/54 752/684/54 758/690/54
f 742/691/54 737/692/54 743/693/54
f 756/694/54 744/695/54 745/696/54
f 747/687/54 756/694/54 745/696/54
f 732/670/54 729/697/54 737/692/54
f 746/688/55 763/698/55 762/699/55
f 744/695/55 743/693/55 770/700/55
f 694/701/55 774/702/55 775/703/55
f 775/703/55 764/704/55 765/705/55
f 758/690/55 762/699/55 765/705/55
f 758/690/55 764/704/55 749/683/55
f 750/706/55 748/707/55 761/708/55
f 749/683/55 766/709/55 767/710/55
f 744/695/55 773/711/55 772/712/55
f 769/713/55 703/714/55 773/711/55
f 694/701/55 771/715/55 773/711/55
f 697/716/55 776/717/55 766/709/55
f 770/700/55 769/713/55 773/711/55
f 747/687/55 772/712/55 763/698/55
f 767/710/55 776/717/55 768/718/55
f 798/719/56 786/720/56 787/721/56
f 784/722/56 788/723/56 781/724/56
f 781/724/56 790/725/56 784/722/56
f 781/724/56 796/726/56 802/727/56
f 779/728/56 780/729/56 788/723/56
f 782/730/56 795/731/56 796/726/56
f 783/732/56 778/733/56 794/734/56
f 782/730/56 779/728/56 783/732/56
f 48/735/56 799/736/56 785/737/56
f 53/738/56 46/739/56 48/735/56
f 801/740/56 802/727/56 800/741/56
f 804/742/57 806/743/57 805/744/57
f 806/743/56 786/720/56 807/745/56
f 793/746/56 794/734/56 795/731/56
f 790/725/56 802/727/56 803/747/56
f 801/740/56 803/747/56 802/727/56
f 780/729/58 782/730/58 781/724/58
f 810/748/59 795/731/59 809/749/59
f 800/741/59 811/750/59 801/740/59
f 810/748/59 820/751/59 817/752/59
f 794/734/59 819/753/59 809/749/59
f 798/719/59 39/754/59 821/755/59
f 805/744/60 824/756/60 804/742/60
f 62/757/59 55/758/59 818/759/59
f 801/740/59 814/760/59 813/761/59
f 62/757/60 797/762/60 813/761/60
f 811/750/59 796/726/59 810/748/59
f 812/763/61 814/760/61 811/750/61
f 812/763/59 55/758/59 62/757/59
f 39/754/59 53/738/59 62/757/59
f 807/745/59 821/755/59 822/764/59
f 808/765/59 791/766/59 815/767/59
f 820/751/60 819/753/60 816/768/60
f 825/769/60 823/770/60 807/745/60
f 817/752/62 820/751/62 827/771/62
f 818/759/63 56/772/63 829/773/63
f 827/771/62 816/768/62 832/774/62
f 830/775/62 49/776/62 835/777/62
f 39/754/63 829/773/63 56/772/63
f 828/778/62 815/767/62 833/779/62
f 836/780/62 822/764/62 830/775/62
f 825/769/62 831/781/62 836/780/62
f 838/782/64 779/783/64 841/784/64
f 836/780/64 789/785/64 837/786/64
f 835/777/64 786/787/64 836/780/64
f 834/788/64 839/789/64 785/790/64
f 839/789/64 833/779/64 841/784/64
f 787/791/64 834/788/64 840/792/64
f 845/793/65 842/794/65 846/795/65
f 849/796/65 848/797/65 847/798/65
f 851/799/65 850/800/65 852/801/65
f 123/802/65 850/800/65 851/799/65
f 245/803/65 263/804/65 266/805/65
f 123/802/65 133/806/65 120/807/65
f 844/808/65 247/809/65 848/797/65
f 133/806/65 858/810/65 856/811/65
f 843/812/66 845/793/66 844/808/66
f 854/813/65 858/810/65 857/814/65
f 247/809/67 246/815/67 263/804/67
f 145/816/67 123/802/67 116/817/67
f 116/817/67 860/818/67 864/819/67
f 857/814/68 858/810/68 861/820/68
f 860/818/67 863/821/67 864/819/67
f 864/819/69 874/822/69 875/823/69
f 868/824/69 871/825/69 866/826/69
f 874/822/69 863/821/69 872/827/69
f 867/828/69 869/829/69 870/830/69
f 866/826/69 862/831/69 869/829/69
f 867/828/70 846/832/70 842/833/70
f 870/830/70 877/834/70 867/828/70
f 847/835/70 878/836/70 849/837/70
f 843/838/70 868/824/70 842/833/70
f 852/839/70 876/840/70 872/827/70
f 121/841/70 875/823/70 876/840/70
f 121/841/70 120/842/70 133/843/70
f 244/844/70 245/845/70 266/846/70
f 244/844/70 871/825/70 843/838/70
f 880/847/71 881/848/71 882/849/71
f 882/849/72 885/850/72 880/847/72
f 265/851/72 886/852/72 258/853/72
f 251/854/72 265/851/72 258/853/72
f 250/855/73 886/852/73 887/856/73
f 251/854/73 258/853/73 250/855/73
f 849/857/74 878/858/74 848/859/74
f 249/860/74 849/857/74 887/856/74
f 248/861/75 249/860/75 257/862/75
f 891/863/76 889/864/76 847/865/76
f 847/865/76 848/859/76 878/858/76
f 880/866/76 891/863/76 881/867/76
f 265/868/76 890/869/76 884/870/76
f 238/871/76 257/862/76 265/868/76
f 893/872/77 305/873/77 301/874/77
f 896/875/77 897/876/77 895/877/77
f 895/877/77 892/878/77 301/874/77
f 899/879/78 314/880/78 902/881/78
f 897/876/78 902/881/78 901/882/78
f 903/883/78 305/873/78 894/884/78
f 898/885/78 901/882/78 900/886/78
f 902/881/79 306/887/79 907/888/79
f 306/887/79 903/883/79 286/889/79
f 904/890/79 290/891/79 286/889/79
f 907/888/79 901/882/79 902/881/79
f 905/892/79 900/886/79 901/882/79
f 908/893/80 303/894/80 892/895/80
f 909/896/80 907/888/80 908/893/80
f 904/890/80 292/897/80 290/891/80
f 303/894/80 290/891/80 893/898/80
f 912/899/81 913/900/81 914/901/81
f 519/902/81 471/903/81 913/900/81
f 920/904/81 934/905/81 928/906/81
f 915/907/81 928/906/81 929/908/81
f 925/909/81 923/910/81 918/911/81
f 918/911/81 923/910/81 924/912/81
f 911/913/81 471/903/81 927/914/81
f 469/915/81 910/916/81 471/903/81
f 520/917/81 916/918/81 929/908/81
f 931/919/81 922/920/81 932/921/81
f 920/904/81 931/919/81 930/922/81
f 470/923/81 926/924/81 471/903/81
f 935/925/82 938/926/82 933/927/82
f 934/905/82 941/928/82 929/908/82
f 933/927/82 940/929/82 934/905/82
f 932/921/82 939/930/82 935/925/82
f 472/931/82 481/932/82 942/933/82
f 923/910/82 953/934/82 924/912/82
f 472/931/82 519/902/82 514/935/82
f 514/935/82 929/908/82 941/928/82
f 943/936/82 927/914/82 942/933/82
f 948/937/82 949/938/82 950/939/82
f 952/940/82 955/941/82 948/937/82
f 936/942/82 951/943/82 949/938/82
f 947/944/82 956/945/82 946/946/82
f 943/936/82 946/946/82 956/945/82
f 957/947/83 944/948/83 958/949/83
f 479/950/83 964/951/83 963/952/83
f 938/926/83 959/953/83 960/954/83
f 968/955/83 967/956/83 959/953/83
f 940/929/83 969/957/83 966/958/83
f 958/949/83 945/959/83 963/952/83
f 946/946/83 961/960/83 947/944/83
f 964/951/83 954/961/83 950/939/83
f 512/962/83 941/928/83 966/958/83
f 481/932/83 512/962/83 479/950/83
f 919/963/84 971/964/84 970/965/84
f 921/966/84 965/967/84 969/957/84
f 512/962/84 973/968/84 974/969/84
f 468/970/84 911/971/84 972/972/84
f 921/966/84 968/955/84 970/965/84
f 914/973/84 973/968/84 912/974/84
f 469/975/84 974/969/84 910/976/84
f 962/977/84 972/972/84 917/978/84
f 512/962/84 915/979/84 520/980/84
f 702/981/85 986/982/85 978/983/85
f 977/984/85 770/985/85 769/986/85
f 744/987/85 984/988/85 985/989/85
f 744/987/85 988/990/85 742/991/85
f 980/992/85 988/990/85 982/993/85
f 769/986/85 985/989/85 712/994/85
f 982/993/85 987/995/85 981/996/85
f 987/995/85 976/997/85 983/998/85
f 712/994/86 1002/999/86 1001/1000/86
f 742/991/86 996/1001/86 994/1002/86
f 983/998/86 991/1003/86 990/1004/86
f 756/1005/87 989/1006/87 757/1007/87
f 746/1008/86 998/1009/86 999/1010/86
f 757/1007/86 996/1001/86 756/1005/86
f 756/1005/86 979/1011/86 989/1006/86
f 980/992/88 989/1006/88 979/1011/88
f 994/1002/86 996/1001/86 995/1012/86
f 997/1013/86 999/1010/86 998/1009/86
f 995/1012/86 709/1014/86 1000/1015/86
f 746/1008/86 989/1006/86 981/996/86
f 712/994/86 984/988/86 1000/1015/86
f 1002/999/86 714/1016/86 709/1014/86
f 991/1003/86 992/1017/86 993/1018/86
f 1010/1019/89 1002/999/89 709/1014/89
f 993/1018/89 1003/1020/89 991/1003/89
f 762/1021/89 1004/1022/89 763/1023/89
f 998/1009/89 763/1023/89 1005/1024/89
f 997/1013/89 998/1009/89 1005/1024/89
f 772/1025/89 1005/1024/89 763/1023/89
f 1007/1026/89 771/1027/89 772/1025/89
f 1008/1028/89 699/1029/89 1014/1030/89
f 1001/1000/89 1011/1031/89 1009/1032/89
f 699/1029/89 698/1033/89 1010/1019/89
f 991/1003/89 1006/1034/89 772/1025/89
f 771/1027/89 1014/1030/89 1013/1035/89
f 1012/1036/89 1013/1035/89 1014/1030/89
f 709/1014/89 1005/1024/89 1012/1036/89
f 773/1037/90 1008/1028/90 771/1027/90
f 702/1038/90 978/1039/90 1017/1040/90
f 1017/1040/90 1011/1031/90 1010/1019/90
f 976/1041/90 1015/1042/90 1006/1034/90
f 977/1043/90 771/1027/90 1015/1042/90
f 702/1038/90 1008/1028/90 1016/1044/90
f 977/1043/90 769/1045/90 773/1037/90
f 1026/1046/91 1024/1047/91 1019/1048/91
f 1018/1049/91 1021/1050/91 1024/1047/91
f 1020/1051/91 1022/1052/91 1021/1050/91
f 1025/1053/92 1028/1054/92 1029/1055/92
f 1026/1046/93 1031/1056/93 1029/1055/93
f 252/1057/93 1026/1046/93 1027/1058/93
f 253/1059/93 252/1057/93 268/1060/93
f 1030/1061/94 1035/1062/94 1033/1063/94
f 1034/1064/94 1035/1062/94 1036/1065/94
f 1037/1066/94 268/1060/94 1032/1067/94
f 254/1068/94 268/1060/94 259/1069/94
f 259/1069/95 255/1070/95 254/1068/95
f 255/1070/95 1023/1071/95 1038/1072/95
f 1038/1072/95 1022/1073/95 1020/1074/95
f 315/1075/96 1041/1076/96 1039/1077/96
f 320/1078/96 299/1079/96 294/1080/96
f 1040/1081/96 374/1082/96 370/1083/96
f 294/1080/96 379/1084/96 1045/1085/96
f 1045/1085/96 1043/1086/96 1042/1087/96
f 320/1078/97 319/1088/97 1041/1076/97
f 1043/1086/97 1046/1089/97 1047/1090/97
f 284/1091/97 1048/1092/97 319/1088/97
f 1050/1093/97 1043/1086/97 1047/1090/97
f 293/1094/97 1042/1087/97 1050/1093/97
f 1049/1095/98 1052/1096/98 1051/1097/98
f 293/1094/98 298/1098/98 1054/1099/98
f 365/1100/98 295/1101/98 1051/1097/98
f 364/1102/98 372/1103/98 1055/1104/98
f 312/1105/99 1039/1106/99 313/1107/99
f 313/1107/99 298/1098/99 315/1108/99
f 299/1109/99 364/1102/99 362/1110/99
f 364/1102/99 1040/1111/99 370/1112/99
f 1059/1113/100 1060/1114/100 1058/1115/100
f 1064/1116/100 1056/1117/100 1069/1118/100
f 1065/1119/100 663/1120/100 662/1121/100
f 1060/1114/100 1068/1122/100 662/1121/100
f 1062/1123/100 617/1124/100 1068/1122/100
f 1061/1125/100 1066/1126/100 1059/1113/100
f 1070/1127/100 1064/1116/100 662/1121/100
f 1057/1128/100 617/1124/100 627/1129/100
f 680/1130/101 1075/1131/101 1070/1127/101
f 623/1132/101 1067/1133/101 1072/1134/101
f 680/1130/101 617/1124/101 1071/1135/101
f 1071/1135/101 1074/1136/101 1073/1137/101
f 1069/1118/101 1075/1131/101 1076/1138/101
f 624/1139/102 1084/1140/102 1077/1141/102
f 1073/1137/102 678/1142/102 677/1143/102
f 1079/1144/102 1075/1131/102 1085/1145/102
f 1081/1146/102 667/1147/102 1082/1148/102
f 624/1139/102 1072/1134/102 1083/1149/102
f 1080/1150/102 1085/1145/102 677/1143/102
f 678/1142/102 1078/1151/102 1086/1152/102
f 1078/1151/102 661/1153/102 1087/1154/102
f 1074/1136/102 1084/1140/102 1082/1148/102
f 1063/1155/103 1079/1144/103 1085/1145/103
f 1064/1156/103 1085/1145/103 1089/1157/103
f 1091/1158/103 1061/1159/103 1059/1160/103
f 625/1161/103 1061/1159/103 1088/1162/103
f 1084/1140/103 1091/1158/103 1081/1146/103
f 1086/1152/103 666/1163/103 1065/1164/103
f 661/1153/103 666/1163/103 1087/1154/103
f 661/1153/103 1091/1158/103 1058/1165/103
f 625/1161/103 1083/1149/103 627/1166/103
f 1058/1165/103 663/1167/103 666/1163/103
f 1095/1168/104 1093/1169/104 1094/1170/104
f 1098/1171/105 1099/1172/105 1097/1173/105
f 1099/1172/106 1094/1170/106 1096/1174/106
f 1096/1174/107 1104/1175/107 1097/1173/107
f 1101/1176/107 1100/1177/107 1102/1178/107
f 1098/1171/107 1104/1175/107 1102/1178/107
f 1092/1179/108 1102/1178/108 1105/1180/108
f 1105/1180/108 1102/1178/108 1104/1175/108
f 190/1181/109 1119/1182/109 198/1183/109
f 189/1184/109 1108/1185/109 198/1183/109
f 176/1186/109 1118/1187/109 174/1188/109
f 1115/1189/109 1116/1190/109 1110/1191/109
f 1109/1192/109 189/1184/109 1119/1182/109
f 1107/1193/109 1106/1194/109 1113/1195/109
f 190/1181/109 1108/1185/109 1113/1195/109
f 224/1196/109 174/1188/109 1112/1197/109
f 191/1198/110 1114/1199/110 1122/1200/110
f 190/1181/110 203/1201/110 1119/1182/110
f 224/1196/110 214/1202/110 1126/1203/110
f 1117/1204/110 1125/1205/110 1124/1206/110
f 1125/1205/110 1119/1182/110 203/1201/110
f 202/1207/110 203/1201/110 1122/1200/110
f 222/1208/110 224/1196/110 1120/1209/110
f 215/1210/111 217/1211/111 1126/1203/111
f 1130/1212/111 202/1207/111 1134/1213/111
f 1128/1214/111 1133/1215/111 202/1207/111
f 1129/1216/111 1122/1200/111 1131/1217/111
f 1129/1216/111 1131/1217/111 1127/1218/111
f 1130/1212/111 1124/1206/111 1123/1219/111
f 196/1220/112 1137/1221/112 1134/1213/112
f 196/1220/112 1133/1215/112 1136/1222/112
f 1107/1223/112 1136/1222/112 1135/1224/112
f 1110/1225/112 1112/1226/112 1137/1221/112
f 1139/1227/113 1148/1228/113 1140/1229/113
f 1147/1230/113 1153/1231/113 1143/1232/113
f 1138/1233/113 1146/1234/113 1139/1227/113
f 1142/1235/113 1143/1232/113 1148/1228/113
f 1144/1236/113 1141/1237/113 1146/1234/113
f 1149/1238/113 1145/1239/113 1140/1229/113
f 1158/1240/114 1157/1241/114 1155/1242/114
f 1155/1242/114 1152/1243/114 1154/1244/114
f 1157/1241/114 1148/1228/114 1156/1245/114
f 1162/1246/115 1161/1247/115 1160/1248/115
f 1164/1249/115 1166/1250/115 1165/1251/115
f 1158/1240/115 1160/1248/115 1166/1250/115
f 1169/1252/116 1163/1253/116 1170/1254/116
f 1142/1255/116 1171/1256/116 1169/1252/116
f 1172/1257/116 1165/1251/116 1173/1258/116
f 1140/1259/116 1167/1260/116 1164/1249/116
f 1144/1261/116 1172/1257/116 1173/1258/116
f 1141/1262/116 1144/1261/116 1173/1258/116
f 1175/1263/117 1182/1264/117 1177/1265/117
f 1179/1266/117 1180/1267/117 111/1268/117
f 1176/1269/117 153/1270/117 1189/1271/117
f 1180/1267/117 107/1272/117 111/1268/117
f 1139/1273/117 1172/1274/117 1138/1275/117
f 282/1276/117 1184/1277/117 276/1278/117
f 1138/1275/117 1183/1279/117 1186/1280/117
f 107/1272/117 1177/1265/117 1187/1281/117
f 1186/1280/117 852/1282/117 851/1283/117
f 153/1270/117 1188/1284/117 154/1285/117
f 851/1283/117 879/1286/117 859/1287/117
f 1191/1288/117 114/1289/117 119/1290/117
f 114/1289/117 859/1287/117 1179/1266/117
f 1187/1281/117 1191/1288/117 119/1290/117
f 1193/1291/118 1196/1292/118 1194/1293/118
f 114/1289/118 1191/1288/118 118/1294/118
f 1195/1295/118 1197/1296/118 1198/1297/118
f 851/1283/118 864/1298/118 876/1299/118
f 850/1300/118 1203/1301/118 1190/1302/118
f 154/1285/118 136/1303/118 1189/1271/118
f 1194/1293/118 1195/1295/118 136/1303/118
f 118/1294/118 1189/1271/118 136/1303/118
f 864/1298/118 114/1289/118 1201/1304/118
f 1201/1304/118 117/1305/118 1202/1306/118
f 278/1307/119 274/1308/119 1214/1309/119
f 873/1310/119 876/1299/119 874/1311/119
f 873/1310/119 1215/1312/119 278/1307/119
f 1198/1297/119 1206/1313/119 1202/1306/119
f 1205/1314/119 1209/1315/119 1210/1316/119
f 1204/1317/119 1199/1318/119 1210/1316/119
f 1212/1319/119 1206/1313/119 1208/1320/119
f 1200/1321/119 1207/1322/119 1213/1323/119
f 1208/1320/119 1197/1296/119 1211/1324/119
f 1213/1323/119 1212/1319/119 1216/1325/119
f 140/1326/120 1217/1327/120 152/1328/120
f 859/1329/120 872/1330/120 863/1331/120
f 275/1332/120 1184/1333/120 274/1308/120
f 124/1334/120 1219/1335/120 1211/1324/120
f 152/1328/120 144/1336/120 140/1326/120
f 153/1337/120 130/1338/120 1220/1339/120
f 144/1336/120 1211/1324/120 1210/1316/120
f 1216/1325/120 1219/1335/120 1213/1323/120
f 1174/1340/120 153/1337/120 1221/1341/120
f 1213/1323/120 1218/1342/120 1181/1343/120
f 1139/1344/120 1222/1345/120 1146/1346/120
f 1172/1347/120 1173/1348/120 1183/1349/120
f 1146/1346/120 1172/1347/120 1139/1344/120
f 106/1350/120 130/1338/120 1175/1351/120
f 1141/1352/120 1173/1348/120 1146/1346/120
f 274/1308/120 1215/1312/120 872/1330/120
f 107/1353/120 106/1350/120 1178/1354/120
f 107/1353/120 1218/1342/120 1219/1335/120
f 1239/1355/121 1237/1356/121 1234/1357/121
f 1241/1358/121 1243/1359/121 1228/1360/121
f 486/1361/121 1245/1362/121 1229/1363/121
f 1230/1364/121 1240/1365/121 1246/1366/121
f 1232/1367/121 350/1368/121 1247/1369/121
f 1223/1370/121 1239/1355/121 1236/1371/121
f 1226/1372/121 1243/1359/121 1238/1373/121
f 486/1361/121 527/1374/121 483/1375/121
f 1229/1363/121 1244/1376/121 1230/1364/121
f 1248/1377/121 1232/1367/121 1247/1369/121
f 341/1378/121 378/1379/121 350/1368/121
f 378/1379/121 1233/1380/121 1249/1381/121
f 527/1374/121 1231/1382/121 1248/1377/121
f 1246/1366/121 1242/1383/121 1241/1358/121
f 1255/1384/122 1256/1385/122 1248/1377/122
f 350/1368/122 385/1386/122 1255/1384/122
f 1264/1387/122 1265/1388/122 1263/1389/122
f 474/1390/122 1261/1391/122 1258/1392/122
f 1253/1393/122 1251/1394/122 1254/1395/122
f 351/1396/122 378/1379/122 369/1397/122
f 438/1398/122 386/1399/122 385/1386/122
f 1249/1381/122 1253/1393/122 369/1397/122
f 464/1400/123 474/1390/123 483/1375/123
f 444/1401/122 1248/1377/122 1256/1385/122
f 1245/1362/122 1258/1392/122 1259/1402/122
f 1263/1389/122 1238/1373/122 1250/1403/122
f 1262/1404/122 1261/1391/122 1242/1383/122
f 1244/1376/122 1260/1405/122 1262/1404/122
f 464/1400/124 477/1406/124 475/1407/124
f 475/1407/124 1274/1408/124 1273/1409/124
f 1273/1409/124 1271/1410/124 1264/1387/124
f 1257/1411/124 398/1412/124 1276/1413/124
f 1251/1394/124 1266/1414/124 1254/1395/124
f 446/1415/124 1256/1385/124 1272/1416/124
f 1269/1417/124 1275/1418/124 1268/1419/124
f 398/1412/124 438/1398/124 437/1420/124
f 1278/1421/124 1266/1414/124 1252/1422/124
f 354/1423/124 369/1397/124 371/1424/124
f 1279/1425/124 1280/1426/124 1277/1427/124
f 438/1398/124 354/1423/124 1277/1427/124
f 1256/1385/124 1276/1413/124 1272/1416/124
f 1264/1387/124 1270/1428/124 1268/1419/124
f 1279/1425/125 1281/1429/125 1280/1426/125
f 384/1430/125 339/1431/125 341/1432/125
f 446/1415/125 522/1433/125 486/1434/125
f 1274/1408/125 1287/1435/125 1271/1410/125
f 353/1436/125 373/1437/125 377/1438/125
f 373/1437/125 1278/1421/125 1233/1439/125
f 384/1430/125 398/1412/125 437/1420/125
f 1231/1440/125 1282/1441/125 1276/1413/125
f 1287/1435/125 1288/1442/125 1286/1443/125
f 1290/1444/125 1271/1410/125 1289/1445/125
f 1292/1446/125 1269/1417/125 1225/1447/125
f 1228/1448/125 1226/1449/125 1290/1444/125
f 1284/1450/125 445/1451/125 1272/1416/125
f 1229/1452/125 1289/1445/125 1286/1443/125
f 477/1406/125 1229/1452/125 1285/1453/125
f 1224/1454/125 1292/1446/125 1223/1455/125
f 1300/1456/126 1297/1457/126 1296/1458/126
f 1295/1459/126 1301/1460/126 1302/1461/126
f 1294/1462/126 1296/1458/126 1295/1459/126
f 1303/1463/127 1299/1464/127 1304/1465/127
f 1298/1466/127 1307/1467/127 1306/1468/127
f 1297/1457/127 1303/1463/127 1305/1469/127
f 1298/1466/127 1308/1470/127 1310/1471/127
f 1308/1470/127 1309/1472/127 1310/1471/127
f 1308/1470/128 1311/1473/128 1309/1472/128
f 1308/1470/128 1313/1474/128 1314/1475/128
f 1312/1476/128 1304/1465/128 1316/1477/128
f 1321/1478/128 1315/1479/128 1316/1477/128
f 1318/1480/128 1322/1481/128 1321/1478/128
f 1307/1467/128 1319/1482/128 1322/1481/128
f 1306/1468/128 1323/1483/128 1313/1474/128
f 1319/1482/128 1320/1484/128 1321/1478/128
f 1323/1483/129 1322/1481/129 1325/1485/129
f 1328/1486/129 1294/1487/129 1293/1488/129
f 1327/1489/129 1313/1474/129 1326/1490/129
f 1328/1486/129 1316/1477/129 1324/1491/129
f 1331/1492/130 1330/1493/130 1329/1494/130
f 1330/1493/131 1331/1492/131 1332/1495/131
f 656/1496/132 655/1497/132 669/1498/132
f 656/1496/132 1340/1499/132 1335/1500/132
f 1334/1501/132 1333/1502/132 1336/1503/132
f 669/1498/133 1343/1504/133 1340/1499/133
f 658/1505/133 1338/1506/133 1341/1507/133
f 1344/1508/133 1345/1509/133 658/1505/133
f 655/1497/134 1339/1510/134 658/1505/134
f 1337/1511/133 1343/1504/133 1342/1512/133
f 664/1513/133 655/1497/133 658/1505/133
f 633/1514/133 1341/1507/133 1348/1515/133
f 646/1516/133 632/1517/133 1346/1518/133
f 1349/1519/133 1347/1520/133 1348/1515/133
f 1354/1521/135 1357/1522/135 1352/1523/135
f 657/1524/135 644/1525/135 1351/1526/135
f 631/1527/135 1346/1518/135 632/1517/135
f 1349/1519/135 1356/1528/135 1347/1520/135
f 644/1525/135 1345/1509/135 1346/1518/135
f 1345/1509/135 651/1529/135 664/1513/135
f 651/1529/135 1350/1530/135 1358/1531/135
f 1353/1532/136 1350/1530/136 1351/1526/136
f 1353/1532/135 631/1527/135 1356/1528/135
f 1336/1533/137 1360/1534/137 1355/1535/137
f 1356/1528/137 1360/1534/137 1357/1522/137
f 723/1536/138 1368/1537/138 1367/1538/138
f 723/1536/138 1362/1539/138 730/1540/138
f 731/1541/138 1362/1539/138 1363/1542/138
f 774/1543/138 1365/1544/138 1369/1545/138
f 1364/1546/138 1370/1547/138 1366/1548/138
f 767/1549/138 1366/1548/138 1370/1547/138
f 767/1549/138 1365/1544/138 766/1550/138
f 731/1541/139 1368/1537/139 730/1540/139
f 731/1541/140 1376/1551/140 1379/1552/140
f 1373/1553/140 727/1554/140 1372/1555/140
f 768/1556/140 1374/1557/140 1365/1544/140
f 1377/1558/140 1368/1537/140 1379/1552/140
f 734/1559/140 1369/1545/140 1372/1555/140
f 734/1559/140 727/1554/140 1376/1551/140
f 768/1556/140 1370/1547/140 1380/1560/140
f 1380/1560/140 1370/1547/140 1371/1561/140
f 1381/1562/141 1385/1563/141 1378/1564/141
f 1376/1551/142 1386/1565/142 1381/1562/142
f 722/1566/142 1376/1551/142 727/1554/142
f 1374/1557/142 1383/1567/142 1382/1568/142
f 722/1566/143 1374/1557/143 1382/1568/143
f 708/1569/142 706/1570/142 1384/1571/142
f 1387/1572/144 722/1566/144 725/1573/144
f 708/1569/144 774/1574/144 1388/1575/144
f 724/1576/144 1387/1572/144 725/1573/144
f 697/1577/144 1384/1571/144 1364/1578/144
f 725/1573/144 1363/1579/144 1362/1580/144
f 1361/1581/144 1386/1565/144 724/1576/144
f 1362/1580/144 723/1582/144 724/1576/144
f 1391/1583/145 1390/1584/145 1389/1585/145
f 1399/1586/146 1394/1587/146 1398/1588/146
f 1397/1589/146 1396/1590/146 1391/1583/146
f 1397/1589/146 1395/1591/146 1398/1588/146
f 1400/1592/147 1403/1593/147 1405/1594/147
f 1400/1592/147 1402/1595/147 1404/1596/147
f 1401/1597/147 1406/1598/147 1403/1593/147
f 1406/1598/148 1408/1599/148 1405/1594/148
f 1408/1599/148 1409/1600/148 1390/1601/148
f 1410/1602/149 1412/1603/149 1411/1604/149
f 1413/1605/150 1410/1602/150 1411/1604/150
f 1414/1606/151 1415/1607/151 1418/1608/151
f 1419/1609/151 1416/1610/151 1417/1611/151
f 1421/1612/151 1420/1613/151 1414/1606/151
f 1422/1614/152 428/1615/152 1423/1616/152
f 388/1617/152 390/1618/152 1424/1619/152
f 388/1617/152 430/1620/152 390/1618/152
f 1423/1616/153 428/1615/153 1426/1621/153
f 428/1615/153 389/1622/153 431/1623/153
f 1426/1621/153 1430/1624/153 1431/1625/153
f 1432/1626/153 1427/1627/153 1433/1628/153
f 1431/1625/154 1419/1629/154 1433/1628/154
f 1419/1629/154 1434/1630/154 1433/1628/154
f 1430/1624/154 1435/1631/154 1436/1632/154
f 1414/1633/154 1430/1624/154 1436/1632/154
f 1438/1634/155 1437/1635/155 1439/1636/155
f 1441/1637/156 1440/1638/156 1442/1639/156
f 1440/1638/157 1444/1640/157 1443/1641/157
f 1439/1642/157 1443/1641/157 1444/1640/157
f 1457/1643/158 1455/1644/158 1456/1645/158
f 42/1646/158 1459/1647/158 50/1648/158
f 9/1649/158 45/1650/158 42/1646/158
f 1454/1651/158 1447/1652/158 1445/1653/158
f 1450/1654/158 1458/1655/158 1451/1656/158
f 1454/1651/158 1453/1657/158 1457/1643/158
f 17/1658/159 45/1650/159 18/1659/159
f 1459/1647/159 44/1660/159 1463/1661/159
f 1456/1645/159 1461/1662/159 1462/1663/159
f 1455/1644/159 1460/1664/159 1461/1662/159
f 18/1659/159 1462/1663/159 17/1658/159
f 44/1660/160 43/1665/160 1475/1666/160
f 1472/1667/160 1474/1668/160 1466/1669/160
f 1462/1663/160 1469/1670/160 1468/1671/160
f 1466/1669/160 1468/1671/160 1469/1670/160
f 1471/1672/160 1461/1662/160 1464/1673/160
f 1464/1673/160 1470/1674/160 1473/1675/160
f 17/1658/160 1462/1663/160 1467/1676/160
f 44/1660/160 10/1677/160 51/1678/160
f 1472/1667/161 1451/1679/161 1474/1668/161
f 10/1677/161 50/1680/161 51/1678/161
f 51/1678/161 1452/1681/161 1475/1666/161
f 1448/1682/161 1470/1674/161 1476/1683/161
f 9/1684/161 1474/1668/161 1451/1679/161
f 1448/1682/161 1472/1667/161 1473/1675/161
f 1446/1685/161 1447/1686/161 1476/1683/161
f 90/1687/162 1479/1688/162 1478/1689/162
f 1220/1690/162 110/1691/162 1483/1692/162
f 1480/1693/162 110/1691/162 90/1687/162
f 142/1694/162 1220/1690/162 152/1695/162
f 151/1696/162 1221/1697/162 152/1695/162
f 1482/1698/162 1478/1689/162 1479/1688/162
f 22/1699/162 1194/1700/162 1481/1701/162
f 28/1702/162 21/1703/162 1484/1704/162
f 142/1694/162 1221/1697/162 1194/1700/162
f 1194/1700/163 1205/1705/163 144/1706/163
f 28/1702/163 1196/1707/163 1194/1700/163
f 102/1708/163 1485/1709/163 1482/1698/163
f 1220/1690/163 141/1710/163 144/1706/163
f 28/1702/164 1484/1704/164 29/1711/164
f 102/1708/163 1220/1690/163 144/1706/163
f 127/1712/165 109/1713/165 103/1714/165
f 103/1714/166 1490/1715/166 1485/1709/166
f 99/1716/165 1490/1715/165 109/1713/165
f 125/1717/165 1487/1718/165 1492/1719/165
f 99/1716/165 127/1712/165 125/1717/165
f 90/1720/167 1489/1721/167 99/1716/167
f 1488/1722/167 1478/1723/167 1477/1724/167
f 1492/1719/167 126/1725/167 125/1717/167
f 139/1726/167 1480/1727/167 126/1725/167
f 1193/1728/167 1192/1729/167 1481/1730/167
f 1193/1728/167 1217/1731/167 1192/1729/167
f 139/1726/167 1492/1719/167 1217/1731/167
f 125/1717/167 1480/1727/167 90/1720/167
f 1494/1732/168 1496/1733/168 1493/1734/168
f 923/1735/169 1499/1736/169 1496/1733/169
f 955/1737/169 1502/1738/169 948/1739/169
f 918/1740/169 1502/1738/169 1498/1741/169
f 948/1739/169 1500/1742/169 955/1737/169
f 952/1743/170 1501/1744/170 948/1739/170
f 1497/1745/170 1503/1746/170 1502/1738/170
f 948/1739/170 1503/1746/170 952/1743/170
f 1506/1747/170 1505/1748/170 1504/1749/170
f 1504/1749/170 1499/1736/170 1509/1750/170
f 1494/1751/171 1493/1752/171 1510/1753/171
f 1505/1748/171 1506/1747/171 1510/1753/171
f 966/1754/172 929/1755/172 941/1756/172
f 1518/1757/172 1517/1758/172 929/1755/172
f 1521/1759/172 1523/1760/172 1522/1761/172
f 1524/1762/172 1526/1763/172 1525/1764/172
f 1513/1765/172 1527/1766/172 1525/1764/172
f 1518/1757/173 1519/1767/173 1520/1768/173
f 1523/1760/172 1526/1763/172 1524/1762/172
f 1516/1769/172 1514/1770/172 1513/1765/172
f 1519/1767/172 1523/1760/172 1521/1759/172
f 928/1771/174 940/1772/174 934/1773/174
f 1522/1761/174 1531/1774/174 1528/1775/174
f 1535/1776/174 1534/1777/174 1536/1778/174
f 1525/1764/174 1537/1779/174 1529/1780/174
f 1530/1781/174 1524/1762/174 1525/1764/174
f 1532/1782/174 1530/1781/174 1531/1774/174
f 1522/1761/174 1524/1762/174 1532/1782/174
f 1536/1778/174 1520/1768/174 1528/1775/174
f 934/1773/174 1517/1758/174 1518/1757/174
f 1540/1783/174 1538/1784/174 1537/1779/174
f 921/1785/175 1544/1786/175 1549/1787/175
f 1534/1777/175 1543/1788/175 1546/1789/175
f 969/1790/175 928/1771/175 921/1785/175
f 1539/1791/175 1548/1792/175 1538/1784/175
f 1545/1793/175 1543/1788/175 1548/1792/175
f 1554/1794/176 1551/1795/176 1555/1796/176
f 1552/1797/176 1545/1793/176 1515/1798/176
f 1546/1789/176 1551/1795/176 1554/1794/176
f 965/1799/176 1546/1789/176 1553/1800/176
f 915/1801/176 966/1802/176 965/1799/176
f 1555/1796/176 1513/1803/176 1512/1804/176
f 1556/1805/177 1558/1806/177 1557/1807/177
f 1509/1808/178 1500/1809/178 1501/1810/178
f 1290/1811/178 1237/1812/178 1263/1813/178
f 1563/1814/178 1572/1815/178 1565/1816/178
f 1568/1817/178 1564/1818/178 1565/1816/178
f 1570/1819/178 1569/1820/178 1571/1821/178
f 1567/1822/178 1561/1823/178 1562/1824/178
f 1237/1812/178 1561/1823/178 1559/1825/178
f 1563/1814/178 1571/1821/178 1566/1826/178
f 1562/1824/179 1579/1827/179 1576/1828/179
f 1228/1829/179 1573/1830/179 1562/1824/179
f 1575/1831/179 1578/1832/179 1584/1833/179
f 1567/1822/179 1575/1831/179 1564/1818/179
f 1500/1809/179 953/1834/179 955/1835/179
f 1243/1836/179 1290/1811/179 1263/1813/179
f 1570/1819/179 1584/1833/179 1580/1837/179
f 1574/1838/179 955/1835/179 953/1834/179
f 1250/1839/179 1500/1809/179 955/1835/179
f 1498/1840/179 949/1841/179 955/1835/179
f 1585/1842/179 1570/1819/179 1580/1837/179
f 1583/1843/179 1581/1844/179 1582/1845/179
f 1577/1846/179 1579/1827/179 1582/1845/179
f 1250/1839/180 1238/1847/180 1243/1836/180
f 1573/1830/180 1586/1848/180 1579/1827/180
f 1498/1840/180 1503/1849/180 1502/1850/180
f 1502/1850/180 964/1851/180 949/1841/180
f 1586/1848/180 1238/1847/180 1556/1852/180
f 1581/1844/181 1583/1843/181 1587/1853/181
f 618/1854/182 1594/1855/182 1588/1856/182
f 1598/1857/182 1595/1858/182 1597/1859/182
f 1591/1860/182 1597/1859/182 1592/1861/182
f 1058/1862/182 665/1863/182 666/1864/182
f 1058/1862/182 652/1865/182 642/1866/182
f 1078/1867/182 666/1864/182 665/1863/182
f 652/1865/182 1593/1868/182 1595/1858/182
f 629/1869/182 1589/1870/182 642/1866/182
f 1596/1871/183 641/1872/183 642/1866/183
f 1595/1858/184 1606/1873/184 1596/1871/184
f 1599/1874/184 1604/1875/184 1605/1876/184
f 1599/1874/184 1598/1857/184 1607/1877/184
f 629/1869/184 641/1872/184 630/1878/184
f 1609/1879/184 1603/1880/184 1601/1881/184
f 1602/1882/184 1609/1879/184 1607/1877/184
f 1611/1883/185 628/1884/185 1610/1885/185
f 653/1886/185 1082/1887/185 1081/1888/185
f 1615/1889/185 1061/1890/185 1091/1891/185
f 653/1886/185 1611/1883/185 1613/1892/185
f 1091/1891/185 1082/1887/185 1615/1889/185
f 1061/1890/185 626/1893/185 640/1894/185
f 1604/1875/185 1618/1895/185 1610/1885/185
f 1616/1896/185 1604/1875/185 1612/1897/185
f 1607/1877/185 1609/1879/185 1612/1897/185
f 1617/1898/186 1590/1899/186 1591/1900/186
f 667/1901/186 1082/1887/186 660/1902/186
f 626/1893/186 1588/1903/186 1614/1904/186
f 1592/1905/186 1618/1895/186 1617/1898/186
f 1060/1906/186 1615/1889/186 667/1901/186
f 1620/1907/186 1593/1908/186 1618/1895/186
f 1062/1909/186 1589/1910/186 618/1911/186
f 1078/1912/187 665/1913/187 667/1901/187
f 1060/1906/188 1589/1910/188 1066/1914/188
f 1619/1915/186 1078/1912/186 667/1901/186
f 1062/1909/186 1615/1889/186 1066/1914/186
f 1623/1916/189 1622/1917/189 1624/1918/189
f 1624/1918/190 1625/1919/190 1623/1916/190
f 823/1920/191 1627/1921/191 824/1922/191
f 1626/1923/192 823/1920/192 824/1922/192
f 805/1924/193 1628/1925/193 1621/1926/193
f 805/1924/193 1627/1921/193 823/1920/193
f 1207/1927/194 1219/1928/194 1218/1929/194
f 1216/1930/195 1629/1931/195 1636/1932/195
f 185/1933/194 1634/1934/194 1632/1935/194
f 1216/1930/194 1219/1928/194 1212/1936/194
f 1629/1931/194 1212/1936/194 1207/1927/194
f 208/1937/195 1631/1938/195 212/1939/195
f 165/1940/194 209/1941/194 208/1937/194
f 1633/1942/194 1218/1929/194 1219/1928/194
f 134/1943/196 1211/1944/196 1204/1945/196
f 1638/1946/196 1639/1947/196 1637/1948/196
f 168/1949/196 1643/1950/196 1644/1951/196
f 1641/1952/196 94/1953/196 1642/1954/196
f 105/1955/196 1636/1932/196 1211/1944/196
f 168/1949/196 165/1940/196 212/1939/196
f 1642/1954/196 1175/1956/196 1641/1952/196
f 130/1957/196 1176/1958/196 1175/1956/196
f 92/1959/196 1633/1942/196 1635/1960/196
f 1176/1958/197 132/1961/197 1182/1962/197
f 1176/1958/197 1647/1963/197 1641/1952/197
f 1643/1950/197 96/1964/197 1648/1965/197
f 1197/1966/197 1640/1967/197 1646/1968/197
f 132/1961/198 1204/1945/198 1197/1966/198
f 92/1959/197 1647/1963/197 96/1964/197
f 169/1969/197 1644/1951/197 1645/1970/197
f 219/1971/197 171/1972/197 169/1969/197
f 1198/1973/199 1646/1968/199 1651/1974/199
f 1648/1965/199 1180/1975/199 1631/1976/199
f 185/1977/199 1649/1978/199 171/1972/199
f 111/1979/199 1647/1963/199 1187/1980/199
f 113/1981/199 1187/1980/199 135/1982/199
f 132/1961/199 1198/1973/199 1206/1983/199
f 1182/1962/200 135/1982/200 1187/1980/200
f 1647/1963/200 1182/1962/200 1187/1980/200
f 113/1981/199 1207/1984/199 1218/1985/199
f 209/1986/199 171/1972/199 219/1971/199
f 206/1987/199 1648/1965/199 1650/1988/199
f 1206/1983/199 1629/1989/199 1207/1984/199
f 1144/1990/201 1173/1991/201 1146/1992/201
f 1144/1990/201 1222/1993/201 1186/1994/201
f 57/1995/201 52/1996/201 1653/1997/201
f 3/1998/201 1653/1997/201 1658/1999/201
f 240/2000/201 272/2001/201 271/2002/201
f 1146/1992/201 1171/2003/201 1156/2004/201
f 95/2005/201 159/2006/201 156/2007/201
f 1052/2008/201 1047/2009/201 1043/2010/201
f 1660/2011/201 1053/2012/201 1052/2008/201
f 24/2013/201 52/1996/201 1654/2014/201
f 1652/2015/201 1658/1999/201 1655/2016/201
f 24/2013/201 1659/2017/201 156/2007/201
f 97/2018/201 1171/2003/201 1183/2019/201
f 57/1995/201 13/2020/201 1654/2014/201
f 1253/2021/201 1254/2022/201 1266/2023/201
f 1254/2022/201 1043/2010/201 1656/2024/201
f 1148/2025/201 271/2002/201 1222/1993/201
f 838/2026/202 793/2027/202 783/2028/202
f 68/2029/202 1666/2030/202 1165/2031/202
f 68/2029/202 95/2005/202 156/2007/202
f 1044/2032/202 1051/2033/202 1052/2008/202
f 240/2000/202 287/2034/202 1045/2035/202
f 1052/2008/202 1667/2036/202 1660/2011/202
f 783/2028/202 1658/1999/202 1661/2037/202
f 795/2038/202 1663/2039/202 809/2040/202
f 1658/1999/202 795/2038/202 1665/2041/202
f 1156/2004/202 1165/2031/202 1166/2042/202
f 271/2002/202 1157/2043/202 280/2044/202
f 1665/2041/202 1662/2045/202 1664/2046/202
f 287/2034/202 317/2047/202 285/2048/202
f 240/2000/202 280/2044/202 239/2049/202
f 841/2050/203 1669/2051/203 1663/2039/203
f 1671/2052/203 1672/2053/203 1669/2051/203
f 1050/2054/203 1045/2035/203 1042/2055/203
f 317/2047/203 288/2056/203 285/2048/203
f 288/2056/203 233/2057/203 1675/2058/203
f 25/2059/203 31/2060/203 1140/2061/203
f 1673/2062/203 1662/2045/203 810/2063/203
f 58/2064/203 11/2065/203 5/2066/203
f 1669/2051/203 809/2040/203 1663/2039/203
f 1662/2045/203 809/2040/203 810/2063/203
f 838/2026/203 1670/2067/203 841/2050/203
f 1149/2068/203 1166/2042/203 1164/2069/203
f 31/2060/203 11/2065/203 1668/2070/203
f 233/2057/203 280/2044/203 281/2071/203
f 1669/2051/203 1674/2072/203 812/2073/203
f 1676/2074/203 813/2075/203 814/2076/203
f 5/2066/203 1664/2046/203 1673/2062/203
f 812/2073/204 1676/2074/204 814/2076/204
f 812/2073/205 814/2076/205 1673/2062/205
f 814/2076/203 59/2077/203 58/2064/203
f 779/2078/206 1671/2052/206 841/2050/206
f 797/2079/206 1676/2074/206 803/2080/206
f 790/2081/206 1672/2053/206 781/2082/206
f 67/2083/206 97/2084/206 87/2085/206
f 237/2086/206 273/2087/206 241/2088/206
f 236/2089/206 1251/2090/206 1656/2091/206
f 1653/2092/206 1678/2093/206 1655/2094/206
f 803/2080/206 1674/2072/206 790/2081/206
f 790/2081/206 1677/2095/206 803/2080/206
f 1672/2053/206 780/2096/206 781/2082/206
f 781/2082/206 780/2096/206 1678/2093/206
f 779/2078/206 1670/2067/206 1655/2094/206
f 781/2082/206 1679/2097/206 790/2081/206
f 30/2098/206 59/2077/206 52/2099/206
f 52/2099/206 797/2079/206 1677/2095/206
f 1186/2100/206 1222/2101/206 1185/2102/206
f 1185/2102/206 31/2060/206 87/2085/206
f 1251/2090/206 1253/2103/206 1266/2104/206
f 960/2105/207 970/2106/207 971/2107/207
f 970/2106/207 1684/2108/207 1682/2109/207
f 1683/2110/207 1685/2111/207 1680/2112/207
f 1684/2108/207 1691/2113/207 1688/2114/207
f 1682/2109/207 1686/2115/207 1689/2116/207
f 959/2117/207 1687/2118/207 1690/2119/207
f 1693/2120/208 1694/2121/208 970/2106/208
f 939/2122/209 1690/2119/209 1692/2123/209
f 919/2124/208 959/2117/208 935/2125/208
f 1688/2114/208 1694/2121/208 1695/2126/208
f 930/2127/210 931/2128/210 935/2125/210
f 1701/2129/210 326/2130/210 327/2131/210
f 930/2127/210 1698/2132/210 1699/2133/210
f 1700/2134/210 327/2131/210 1699/2133/210
f 328/2135/210 1701/2129/210 327/2131/210
f 1702/2136/211 1680/2137/211 1704/2138/211
f 1702/2136/212 1697/2139/212 1703/2140/212
f 324/2141/212 1701/2129/212 328/2135/212
f 938/2142/212 971/2143/212 920/2144/212
f 324/2141/212 1700/2134/212 1681/2145/212
f 376/2146/212 375/2147/212 1701/2129/212
f 933/2148/211 1700/2134/211 1698/2132/211
f 1708/2149/213 1713/2150/213 1707/2151/213
f 1708/2149/213 358/2152/213 1712/2153/213
f 1711/2154/213 357/2155/213 1709/2156/213
f 1706/2157/213 1713/2150/213 1710/2158/213
f 1714/2159/214 1718/2160/214 1717/2161/214
f 347/2162/214 1711/2154/214 340/2163/214
f 1713/2150/214 1712/2153/214 1719/2164/214
f 1719/2164/214 1718/2160/214 1714/2159/214
f 1715/2165/215 1721/2166/215 1718/2160/215
f 1717/2161/215 1721/2166/215 1722/2167/215
f 1716/2168/215 1722/2167/215 1723/2169/215
f 1709/2170/216 346/2171/216 337/2172/216
f 1721/2166/216 1725/2173/216 1722/2167/216
f 1724/2174/216 1707/2175/216 1725/2173/216
f 1708/2176/216 1707/2175/216 1724/2174/216
f 1727/2177/217 1729/2178/217 1728/2179/217
f 1735/2180/217 455/2181/217 1734/2182/217
f 502/2183/217 1730/2184/217 1729/2178/217
f 524/2185/217 450/2186/217 1736/2187/217
f 1731/2188/217 1737/2189/217 1735/2180/217
f 1733/2190/217 1737/2189/217 1740/2191/217
f 1726/2192/217 1742/2193/217 1741/2194/217
f 502/2183/217 1736/2187/217 500/2195/217
f 1737/2189/218 1745/2196/218 1739/2197/218
f 1738/2198/218 1746/2199/218 1737/2189/218
f 500/2195/218 1749/2200/218 1742/2193/218
f 456/2201/218 1743/2202/218 1736/2187/218
f 456/2201/218 1739/2197/218 1745/2196/218
f 1741/2194/218 1749/2200/218 1748/2203/218
f 500/2195/218 1743/2202/218 1744/2204/218
f 1747/2205/219 1758/2206/219 1752/2207/219
f 1750/2208/219 503/2209/219 505/2210/219
f 510/2211/219 1753/2212/219 1750/2208/219
f 1745/2196/219 1752/2207/219 1755/2213/219
f 503/2209/219 1744/2204/219 505/2210/219
f 505/2210/219 456/2201/219 1757/2214/219
f 454/2215/219 1755/2213/219 1756/2216/219
f 1754/2217/219 528/2218/219 1756/2216/219
f 529/2219/219 1757/2214/219 528/2218/219
f 1727/2220/220 1760/2221/220 1734/2222/220
f 1755/2213/220 1734/2222/220 1760/2221/220
f 1756/2216/220 1763/2223/220 1754/2217/220
f 1728/2224/220 1762/2225/220 1727/2220/220
f 1731/2226/220 1755/2213/220 1758/2206/220
f 1731/2226/220 1759/2227/220 1733/2228/220
f 1753/2212/220 1754/2217/220 1761/2229/220
f 1730/2230/220 1763/2223/220 1728/2224/220
f 1767/2231/221 1764/2232/221 1766/2233/221
f 1004/2234/221 765/2235/221 1770/2236/221
f 1770/2236/221 764/2237/221 1771/2238/221
f 1766/2233/221 1778/2239/221 1768/2240/221
f 753/2241/221 999/2242/221 757/2243/221
f 979/2244/221 1768/2240/221 1775/2245/221
f 765/2235/221 763/2246/221 1005/2247/221
f 1780/2248/221 1373/2249/221 1365/2250/221
f 1366/2251/221 776/2252/221 1772/2253/221
f 747/2254/221 1004/2234/221 1769/2255/221
f 989/2256/221 988/2257/221 979/2244/221
f 997/2258/221 1005/2247/221 999/2242/221
f 763/2246/221 757/2243/221 999/2242/221
f 766/2259/221 1771/2238/221 764/2237/221
f 1382/2260/221 1777/2261/221 1383/2262/221
f 776/2252/221 1365/2250/221 1382/2260/221
f 764/2237/221 997/2258/221 753/2241/221
f 1779/2263/221 753/2241/221 1773/2264/221
f 989/2256/221 1775/2245/221 1773/2264/221
f 1374/2265/222 1382/2260/222 1373/2249/222
f 1785/2266/223 1781/2267/223 1774/2268/223
f 1782/2269/223 1788/2270/223 1784/2271/223
f 1784/2271/223 1787/2272/223 1783/2273/223
f 1775/2245/223 1783/2273/223 1789/2274/223
f 759/2275/223 1790/2276/223 1374/2265/223
f 1784/2271/223 1774/2268/223 1782/2269/223
f 1781/2267/223 1791/2277/223 1782/2269/223
f 752/2278/223 759/2275/223 1776/2279/223
f 759/2275/223 1779/2263/223 1789/2274/223
f 754/2280/223 759/2275/223 1792/2281/223
f 1798/2282/224 1799/2283/224 1796/2284/224
f 1787/2272/224 1800/2285/224 1794/2286/224
f 1788/2270/224 1796/2284/224 1793/2287/224
f 1792/2281/224 1794/2286/224 1801/2288/224
f 754/2280/224 761/2289/224 1790/2276/224
f 1609/2290/224 1797/2291/224 1612/2292/224
f 748/2293/224 1795/2294/224 1801/2288/224
f 1609/2290/224 1798/2282/224 1785/2266/224
f 1607/2295/225 1765/2296/225 1798/2282/225
f 1612/2292/225 1602/2297/225 1607/2295/225
f 1767/2298/225 1799/2283/225 1798/2282/225
f 981/2299/225 1800/2285/225 1799/2283/225
f 981/2299/225 1004/2300/225 990/2301/225
f 1771/2302/225 1800/2285/225 1770/2303/225
f 1370/2304/225 1802/2305/225 1801/2288/225
f 1370/2304/225 1772/2306/225 1380/2307/225
f 177/2308/226 1806/2309/226 170/2310/226
f 1811/2311/226 1804/2312/226 1805/2313/226
f 1812/2314/226 1813/2315/226 1810/2316/226
f 1120/2317/227 1116/2318/227 1117/2319/227
f 1814/2320/226 223/2321/226 1808/2322/226
f 1814/2320/226 1807/2323/226 1816/2324/226
f 1117/2319/227 220/2325/227 1120/2317/227
f 1813/2315/228 1809/2326/228 1821/2327/228
f 1820/2328/228 1822/2329/228 1816/2324/228
f 1822/2329/228 78/2330/228 1824/2331/228
f 1821/2327/228 1820/2328/228 1810/2316/228
f 221/2332/228 216/2333/228 1124/2334/228
f 216/2333/228 223/2321/228 1818/2335/228
f 78/2330/228 160/2336/228 74/2337/228
f 1112/2338/228 187/2339/228 177/2308/228
f 1826/2340/228 1827/2341/228 1825/2342/228
f 1817/2343/228 175/2344/228 1827/2341/228
f 1112/2338/228 1120/2317/228 1130/2345/228
f 1123/2346/229 1109/2347/229 1137/2348/229
f 1833/2349/229 1836/2350/229 1826/2340/229
f 1834/2351/229 1837/2352/229 1828/2353/229
f 187/2339/229 1835/2354/229 1833/2349/229
f 74/2337/229 1832/2355/229 1824/2331/229
f 213/2356/229 1123/2346/229 1130/2345/229
f 161/2357/229 160/2336/229 1823/2358/229
f 79/2359/229 160/2336/229 161/2357/229
f 213/2356/229 1824/2331/229 1832/2355/229
f 161/2357/229 1820/2328/229 1831/2360/229
f 1831/2360/229 1819/2361/229 1830/2362/229
f 71/2363/229 161/2357/229 158/2364/229
f 187/2339/229 1110/2365/229 1109/2347/229
f 1807/2366/230 1808/2367/230 1838/2368/230
f 158/2364/230 70/2369/230 71/2363/230
f 170/2370/230 1115/2371/230 213/2356/230
f 170/2370/230 1806/2372/230 1841/2373/230
f 1835/2354/230 1841/2373/230 1840/2374/230
f 70/2369/230 1807/2366/230 1838/2368/230
f 1115/2371/230 1109/2347/230 1125/2375/230
f 1848/2376/231 1843/2377/231 1844/2378/231
f 1846/2379/231 1845/2380/231 1847/2381/231
f 1843/2377/231 1846/2379/231 1844/2378/231
f 1849/2382/232 1851/2383/232 1850/2384/232
f 1852/2385/233 1856/2386/233 1855/2387/233
f 1858/2388/233 1856/2386/233 1853/2389/233
f 1858/2388/233 1854/2390/233 1857/2391/233
f 1856/2386/234 1859/2392/234 1843/2393/234
f 1842/2394/234 1855/2387/234 1861/2395/234
f 1859/2392/234 1854/2390/234 1845/2396/234
f 1397/2397/235 1393/2398/235 1863/2399/235
f 1405/2400/235 1862/2401/235 1408/2402/235
f 1402/2403/235 1408/2402/235 1393/2398/235
f 1399/2404/236 1867/2405/236 1395/2406/236
f 234/2407/236 1406/2408/236 1864/2409/236
f 232/2410/236 234/2407/236 243/2411/236
f 1395/2406/236 1408/2402/236 1403/2412/236
f 232/2410/237 243/2411/237 231/2413/237
f 1398/2414/237 231/2413/237 881/2415/237
f 1403/2412/237 1398/2414/237 1399/2404/237
f 891/2416/237 882/2417/237 881/2415/237
f 880/2418/238 882/2417/238 891/2416/238
f 1400/2419/238 1869/2420/238 880/2418/238
f 1397/2421/238 1400/2419/238 1402/2422/238
f 440/2423/239 974/2424/239 1871/2425/239
f 1316/2426/239 1315/2427/239 1324/2428/239
f 482/2429/239 972/2430/239 945/2431/239
f 1871/2425/239 1872/2432/239 1870/2433/239
f 1565/2434/239 1881/2435/239 1875/2436/239
f 1873/2437/239 1883/2438/239 1880/2439/239
f 1579/2440/239 1561/2441/239 1568/2442/239
f 1874/2443/240 1576/2444/240 1575/2445/240
f 440/2423/239 1316/2426/239 1878/2446/239
f 942/2447/239 945/2431/239 1873/2437/239
f 1881/2435/239 1882/2448/239 1875/2436/239
f 468/2449/239 482/2429/239 974/2424/239
f 972/2430/239 468/2449/239 467/2450/239
f 1568/2442/241 1575/2445/241 1576/2444/241
f 467/2450/242 460/2451/242 461/2452/242
f 1885/2453/242 1240/2454/242 1880/2439/242
f 1883/2438/242 963/2455/242 957/2456/242
f 461/2452/242 1884/2457/242 911/2458/242
f 1562/2459/242 1586/2460/242 1573/2461/242
f 963/2455/242 911/2458/242 936/2462/242
f 1885/2453/242 956/2463/242 936/2462/242
f 1227/2464/242 1562/2459/242 1573/2461/242
f 1227/2464/242 1886/2465/242 1289/2466/242
f 956/2463/242 946/2467/242 957/2456/242
f 1246/2468/242 1262/2469/242 1886/2465/242
f 1888/2470/243 1319/2471/243 1898/2472/243
f 1895/2473/243 1889/2474/243 1894/2475/243
f 936/2462/243 925/2476/243 927/2477/243
f 925/2476/243 1884/2457/243 1888/2470/243
f 1891/2478/243 1319/2471/243 1321/2479/243
f 463/2480/243 476/2481/243 462/2482/243
f 1287/2483/243 1288/2484/243 1892/2485/243
f 1262/2469/243 1885/2453/243 1260/2486/243
f 1258/2487/243 1288/2484/243 1893/2488/243
f 1289/2466/243 1886/2465/243 1287/2483/243
f 1889/2474/243 1289/2466/243 1892/2485/243
f 1287/2483/243 1262/2469/243 1893/2488/243
f 1318/2489/243 1891/2478/243 1321/2479/243
f 1319/2471/244 1891/2478/244 1320/2490/244
f 463/2480/244 1872/2491/244 910/2492/244
f 926/2493/244 942/2494/244 1245/2495/244
f 482/2496/244 926/2493/244 471/2497/244
f 1315/2498/244 448/2499/244 1320/2490/244
f 1315/2498/244 1891/2478/244 1328/2500/244
f 1328/2500/244 1877/2501/244 1324/2502/244
f 458/2503/244 1319/2471/244 1320/2490/244
f 471/2497/244 974/2504/244 482/2496/244
f 1565/2505/244 1564/2506/244 1575/2507/244
f 1564/2506/244 1875/2508/244 1895/2473/244
f 1876/1454/244 1896/2509/244 1875/2508/244
f 1245/2495/244 1285/2510/244 1258/2487/244
f 449/2511/244 1872/2491/244 458/2503/244
f 463/2480/244 1898/2472/244 458/2503/244
f 517/2512/244 449/2511/244 448/2499/244
f 958/2513/245 1883/2514/245 1879/2515/245
f 1905/2516/245 551/2517/245 541/2518/245
f 1261/2519/245 951/2520/245 1885/2521/245
f 1259/2522/245 1893/2523/245 1260/2524/245
f 530/2525/245 1902/2526/245 1901/2527/245
f 943/2528/245 957/2529/245 958/2513/245
f 961/2530/245 956/2531/245 951/2520/245
f 603/2532/245 530/2525/245 1904/2533/245
f 541/2518/245 1901/2527/245 1907/2534/245
f 1260/2524/245 1273/2535/245 1261/2519/245
f 1903/2536/245 1879/2515/245 1883/2514/245
f 1259/2522/245 1885/2521/245 956/2531/245
f 951/2520/246 603/2532/246 1264/2537/246
f 961/2530/246 951/2520/246 947/2538/246
f 1910/2539/246 541/2518/246 543/2540/246
f 1241/2541/246 1264/2537/246 1270/2542/246
f 543/2540/246 1907/2534/246 555/2543/246
f 616/2544/246 1907/2534/246 1906/2545/246
f 616/2544/246 614/2546/246 688/2547/246
f 596/2548/246 1905/2516/246 1910/2539/246
f 1880/2549/247 1913/2550/247 1241/2541/247
f 1246/2551/247 1873/2552/247 1880/2549/247
f 555/2543/247 1916/2553/247 1912/2554/247
f 615/2555/247 688/2547/247 614/2546/247
f 615/2555/247 556/2556/247 1909/2557/247
f 1886/2558/247 1270/2542/247 1287/2559/247
f 1886/2558/247 1286/2560/247 1230/2561/247
f 1916/2553/247 557/2562/247 556/2556/247
f 604/2563/247 592/2564/247 1912/2554/247
f 1286/2560/247 1287/2559/247 1892/2565/247
f 1271/2566/247 595/2567/247 604/2563/247
f 557/2562/247 555/2543/247 1909/2557/247
f 1244/2568/248 944/2569/248 1873/2552/248
f 1879/2570/248 1913/2550/248 1873/2552/248
f 556/2556/248 550/2571/248 1916/2553/248
f 608/2572/248 1915/2573/248 552/2574/248
f 1273/2575/248 1288/2576/248 1274/2577/248
f 604/2563/248 1273/2575/248 1274/2577/248
f 1286/2560/248 1892/2565/248 1288/2576/248
f 549/2578/248 1914/2579/248 1917/2580/248
f 552/2574/248 1916/2553/248 550/2571/248
f 552/2574/248 550/2571/248 1917/2580/248
f 958/2581/248 944/2569/248 943/2582/248
f 1244/2568/248 1286/2560/248 1893/2583/248
f 533/2584/249 594/2585/249 1918/2586/249
f 676/2587/249 583/2588/249 674/2589/249
f 991/2590/249 676/2587/249 674/2589/249
f 582/2591/249 691/2592/249 583/2588/249
f 1922/2593/249 686/2594/249 691/2592/249
f 991/2590/249 1003/2595/249 992/2596/249
f 533/2584/249 1920/2597/249 1923/2598/249
f 691/2592/249 1919/2599/249 1918/2586/249
f 1925/2600/250 594/2585/250 598/2601/250
f 1927/2602/250 1928/2603/250 1931/2604/250
f 533/2584/250 1923/2598/250 534/2605/250
f 594/2585/250 533/2584/250 1927/2602/250
f 1933/2606/251 1929/2607/251 1930/2608/251
f 609/2609/251 581/2610/251 1932/2611/251
f 580/2612/251 1934/2613/251 599/2614/251
f 580/2612/251 599/2614/251 1932/2611/251
f 609/2609/252 1928/2603/252 1936/2615/252
f 1935/2616/251 580/2612/251 581/2610/251
f 548/2617/253 1919/2618/253 1936/2615/253
f 584/2619/253 676/2620/253 1934/2613/253
f 581/2610/253 584/2619/253 1935/2616/253
f 581/2610/253 612/2621/253 1922/2622/253
f 681/2623/253 676/2620/253 1921/2624/253
f 1922/2622/253 582/2625/253 584/2619/253
f 547/2626/253 548/2617/253 1920/2627/253
f 612/2621/253 1936/2615/253 1919/2618/253
f 1938/2628/254 36/2629/254 35/2630/254
f 36/2629/254 1937/2631/254 1939/2632/254
f 1940/2633/255 1942/2634/255 1939/2632/255
f 1942/2634/256 1943/2635/256 1944/2636/256
f 38/2637/257 1944/2636/257 1943/2635/257
f 33/2638/257 40/2639/257 1938/2640/257
f 1843/2641/258 1841/2642/258 1945/2643/258
f 1826/2644/258 1948/2645/258 1946/2646/258
f 1861/2647/258 1844/2648/258 1947/2649/258
f 1826/2644/258 1840/2650/258 1841/2642/258
f 1827/2651/259 1825/2652/259 1950/2653/259
f 1856/2654/259 1947/2649/259 1853/2655/259
f 1827/2651/259 1839/2656/259 1833/2657/259
f 1841/2642/259 1856/2654/259 1949/2658/259
f 1833/2657/260 1839/2656/260 1835/2659/260
f 1857/2660/260 1951/2661/260 1859/2662/260
f 1955/2663/260 1953/2664/260 1954/2665/260
f 1857/2660/260 1952/2666/260 1835/2659/260
f 1945/2667/261 1836/2668/261 1956/2669/261
f 1846/2670/261 1859/2662/261 1951/2661/261
f 1953/2664/261 1955/2663/261 1956/2669/261
f 1834/2671/261 1836/2668/261 1840/2672/261
f 1963/2673/262 1958/2674/262 1959/2675/262
f 1957/2676/262 1963/2673/262 1959/2675/262
f 1962/2677/262 1960/2678/262 1957/2676/262
f 1965/2679/263 1961/2680/263 1967/2681/263
f 1963/2673/264 1960/2678/264 1965/2679/264
f 1969/2682/265 1966/2683/265 1968/2684/265
f 1030/2685/266 1984/2686/266 1983/2687/266
f 1983/2687/266 1980/2688/266 1970/2689/266
f 1979/2690/266 1971/2691/266 1978/2692/266
f 1978/2692/266 1972/2693/266 1980/2688/266
f 1977/2694/266 1970/2689/266 1982/2695/266
f 1026/2696/266 1036/2697/266 1030/2685/266
f 844/2698/267 866/2699/267 871/2700/267
f 1979/2690/267 1985/2701/267 1986/2702/267
f 1983/2687/267 1991/2703/267 1981/2704/267
f 1993/2705/267 1992/2706/267 1990/2707/267
f 866/2699/267 1990/2707/267 1991/2703/267
f 1992/2706/268 2003/2708/268 1989/2709/268
f 1994/2710/268 1998/2711/268 1996/2712/268
f 842/2713/268 1024/2714/268 2000/2715/268
f 845/2716/268 868/2717/268 866/2699/268
f 1997/2718/268 2004/2719/268 1999/2720/268
f 1028/2721/268 1033/2722/268 1035/2723/268
f 1035/2723/268 2002/2724/268 2001/1604/268
f 1995/2725/268 1999/2720/268 2004/2719/268
f 1999/2720/269 1977/2726/269 2006/2727/269
f 1019/2728/269 2000/2715/269 1024/2714/269
f 1972/2729/269 2005/2730/269 1996/2712/269
f 2006/2727/269 1996/2712/269 1997/2718/269
f 1974/2731/269 1999/2720/269 2000/2715/269
f 1024/2714/269 1036/2732/269 1019/2728/269
f 1975/2733/269 1035/2723/269 2001/1604/269
f 1972/2729/269 2006/2727/269 1977/2726/269
f 1976/2734/269 2005/2730/269 1971/2735/269
f 2007/2736/270 2013/2737/270 2014/2738/270
f 2011/2739/270 2013/2737/270 2010/2740/270
f 2008/2741/270 2009/2742/270 2014/2738/270
f 1540/2743/271 1548/2744/271 1550/2745/271
f 1548/2744/271 2016/2746/271 1550/2745/271
f 2014/2738/271 2018/2747/271 2017/2748/271
f 2012/2749/271 2017/2748/271 1537/2750/271
f 2019/2751/271 2013/2737/271 2015/2752/271
f 1548/2744/272 1537/2750/272 1538/2753/272
f 1538/2753/272 2020/2754/272 2026/2755/272
f 2020/2754/272 2018/2747/272 2023/2756/272
f 2025/2757/272 2021/2758/272 2026/2755/272
f 2025/2757/273 2028/2759/273 2021/2758/273
f 2027/2760/273 2022/2761/273 2028/2759/273
f 2010/2762/273 2007/2763/273 2027/2760/273
f 2029/2764/274 1702/2765/274 1704/2766/274
f 1702/2765/274 2031/2767/274 1704/2766/274
f 2034/2768/275 2032/2769/275 2033/2770/275
f 1683/2771/276 2029/2772/276 1685/2773/276
f 1683/2771/276 2034/2768/276 2033/2770/276
f 1788/2774/277 2037/2775/277 2036/2776/277
f 2044/2777/277 2046/2778/277 2036/2776/277
f 996/2779/277 2040/2780/277 2039/2781/277
f 2039/2781/277 737/2782/277 996/2779/277
f 745/2783/277 1769/2784/277 1007/2785/277
f 996/2779/277 1012/2786/277 995/2787/277
f 2042/2788/277 1013/2789/277 2041/2790/277
f 1348/2791/277 1359/2792/277 1356/2793/277
f 1007/2785/277 2049/2794/277 1347/2795/277
f 1793/2796/277 2048/2797/277 1784/2798/277
f 772/2799/277 694/2800/277 2041/2790/277
f 1775/2801/277 2048/2797/277 982/2802/277
f 643/2803/278 634/2804/278 635/2805/278
f 772/2799/277 996/2779/277 756/2806/277
f 989/2807/277 982/2802/277 1769/2784/277
f 737/2782/277 1784/2798/277 1775/2801/277
f 2047/2808/279 1796/2809/279 2058/2810/279
f 2053/2811/280 1350/2812/280 1351/2813/280
f 636/2814/279 2049/2794/279 634/2804/279
f 1769/2784/193 982/2802/193 988/2815/193
f 976/2816/279 1769/2784/279 988/2815/279
f 2051/2817/279 2045/2818/279 2054/2819/279
f 1793/2796/279 2051/2817/279 2055/2820/279
f 645/2821/281 1351/2813/281 2056/2822/281
f 1768/2823/279 982/2802/279 2052/2824/279
f 643/2803/279 1346/2825/279 2059/2826/279
f 643/2803/193 1768/2823/193 2053/2811/193
f 1344/2827/279 644/2828/279 645/2821/279
f 1350/2812/282 2056/2822/282 1351/2813/282
f 695/2829/283 1016/2830/283 704/2831/283
f 773/2832/283 977/2833/283 770/2834/283
f 1782/2835/283 1796/2809/283 1791/2836/283
f 1791/2836/283 2055/2820/283 2061/2837/283
f 2060/2838/283 1350/2812/283 1358/2839/283
f 2059/2826/283 646/2840/283 647/2841/283
f 1350/2812/283 2057/2842/283 1358/2839/283
f 645/2821/283 646/2840/283 1344/2827/283
f 985/2843/283 773/2832/283 770/2834/283
f 743/2844/283 985/2843/283 770/2834/283
f 1774/2845/283 2061/2837/283 735/2846/283
f 646/2840/283 1341/2847/283 647/2841/283
f 645/2821/283 2060/2838/283 2063/2848/283
f 1774/2845/283 2058/2810/283 1782/2835/283
f 2064/2849/284 2038/2850/284 2037/2851/284
f 985/2843/284 994/2852/284 1008/2853/284
f 1359/2854/284 2063/2848/284 1360/2855/284
f 2064/2849/285 735/2846/285 2062/2856/285
f 984/2857/284 735/2846/284 2065/2858/284
f 2040/2859/286 994/2852/286 2065/2858/286
f 700/2860/284 2066/2861/284 701/2862/284
f 1014/2863/284 2042/2864/284 700/2860/284
f 701/2862/190 1016/2830/190 1008/2853/190
f 994/2852/284 1012/2865/284 1014/2863/284
f 705/2866/190 700/2860/190 2042/2864/190
f 2066/2861/287 1360/2855/287 701/2862/287
f 2070/2867/288 2074/2868/288 2075/2869/288
f 2067/2870/289 2072/2871/289 2073/2872/289
f 2074/2868/289 2072/2871/289 2069/2873/289
f 2071/2874/290 2077/2875/290 2076/2876/290
f 2077/2875/290 2078/2877/290 2079/2878/290
f 2079/2878/290 2080/2879/290 2081/2880/290
f 2080/2879/291 2085/2881/291 2083/2882/291
f 2081/2880/291 2083/2882/291 2086/2883/291
f 2080/2879/291 2078/2877/291 2084/2884/291
f 2087/2885/292 2089/2886/292 2088/2887/292
f 2088/2887/292 2067/2888/292 2086/2883/292
f 2092/2889/293 2094/2890/293 2093/2891/293
f 1751/2892/293 1732/2893/293 1735/2894/293
f 2094/2890/293 2091/2895/293 2097/2896/293
f 1755/2897/293 2098/2898/293 2097/2896/293
f 2096/2899/293 2092/2889/293 2095/2900/293
f 2100/2901/293 381/2902/293 1721/2903/293
f 1534/2904/293 1544/2905/293 1541/2906/293
f 1721/2903/293 1714/2907/293 1725/2908/293
f 403/2909/293 434/2910/293 381/2902/293
f 403/2909/294 405/2911/294 1546/2912/294
f 1751/2892/294 1739/2913/294 1745/2914/294
f 1739/2913/294 1518/2915/294 2103/2916/294
f 2102/2917/294 1544/2905/294 1554/2918/294
f 1519/2919/294 2106/2920/294 2103/2916/294
f 382/2921/294 2100/2901/294 435/2922/294
f 397/2923/294 435/2922/294 405/2911/294
f 2102/2917/294 1555/2924/294 1514/2925/294
f 401/2926/295 405/2911/295 2105/2927/295
f 405/2911/294 1555/2924/294 1554/2918/294
f 1555/2924/296 406/2928/296 1551/2929/296
f 432/2930/296 406/2928/296 2105/2927/296
f 2109/2931/296 1746/2932/296 2107/2933/296
f 1555/2924/296 2112/2934/296 2110/2935/296
f 2106/2920/296 1523/2936/296 2108/2937/296
f 1740/2938/296 1746/2932/296 1737/2939/296
f 1545/2940/296 1529/2941/296 2111/2942/296
f 1522/2943/296 2115/2944/296 1523/2936/296
f 1529/2941/296 2114/2945/296 1530/2946/296
f 401/2926/296 2105/2927/296 406/2928/296
f 406/2928/296 410/2947/296 1545/2940/296
f 1530/2946/296 1532/2948/296 2111/2942/296
f 1522/2943/296 2110/2935/296 2111/2942/296
f 432/2930/296 2104/2949/296 2113/2950/296
f 2115/2944/296 2116/2951/296 2108/2937/296
f 1758/2952/297 1731/2953/297 2098/2954/297
f 1535/2955/297 409/2956/297 2121/2957/297
f 2116/2951/297 2122/2958/297 2119/2959/297
f 2092/2960/297 2120/2961/297 2122/2958/297
f 2118/2962/297 2123/2963/297 2122/2958/297
f 1722/2964/297 1717/2965/297 432/2930/297
f 1725/2966/297 1717/2965/297 1722/2964/297
f 2095/2967/297 2123/2963/297 2121/2957/297
f 2093/2968/297 2098/2954/297 2120/2961/297
f 410/2947/297 434/2969/297 409/2956/297
f 1758/2952/297 1740/2938/297 1731/2953/297
f 1543/2970/297 1535/2955/297 1529/2941/297
f 2125/2971/298 808/2972/298 819/2973/298
f 820/2974/298 2131/2975/298 2126/2976/298
f 1957/2977/298 1965/2978/298 1960/2979/298
f 1960/2979/298 2128/2980/298 2132/2981/298
f 1669/2982/298 793/2983/298 782/2984/298
f 792/2985/298 1663/2986/298 819/2973/298
f 784/2987/298 1678/2988/298 2130/2989/298
f 827/2990/298 819/2973/298 1672/2991/298
f 781/2992/299 782/2984/299 1678/2988/299
f 1658/2993/298 2124/2994/298 2129/2995/298
f 782/2984/298 1658/2993/298 1655/2996/298
f 782/2984/298 1672/2991/298 1669/2982/298
f 1474/2997/300 2136/2998/300 2134/2999/300
f 790/3000/300 2133/3001/300 802/3002/300
f 827/2990/300 790/3000/300 1674/3003/300
f 812/3004/300 811/3005/300 1673/3006/300
f 811/3005/300 1674/3003/300 790/3000/300
f 60/3007/300 2135/3008/300 61/3009/300
f 58/3010/300 60/3007/300 1673/3006/300
f 801/3011/300 2133/3001/300 1653/3012/300
f 801/3011/300 811/3005/300 802/3002/300
f 784/2987/300 1679/3013/300 790/3000/300
f 1451/3014/300 1467/3015/300 1474/2997/300
f 2136/2998/300 2138/3016/300 2134/2999/300
f 58/3010/300 1654/3017/300 1668/3018/300
f 2139/3019/300 57/3020/300 63/3021/300
f 61/3009/300 817/3022/300 1673/3006/300
f 12/3023/300 2135/3008/300 58/3010/300
f 1653/3012/300 2130/2989/300 63/3021/300
f 2138/3016/301 1468/3024/301 2147/3025/301
f 1668/3018/301 11/3026/301 12/3023/301
f 11/3026/302 1654/3017/302 13/3027/302
f 1666/3028/301 13/3027/301 1659/3029/301
f 2147/3025/301 1471/3030/301 2144/3031/301
f 1467/3015/302 1468/3024/302 2137/3032/302
f 1449/3033/302 1469/3034/302 2145/3035/302
f 13/3027/301 2139/3019/301 16/3036/301
f 2143/3037/301 2146/3038/301 2142/3039/301
f 1458/3040/301 1666/3028/301 2141/3041/301
f 2145/3035/302 1469/3034/302 1468/3024/302
f 1450/3042/303 2149/3043/303 1963/3044/303
f 1471/3030/303 1450/3042/303 1472/3045/303
f 794/3046/303 792/3047/303 808/3048/303
f 794/3046/303 2148/3049/303 2141/3041/303
f 2149/3043/303 2142/3039/303 2125/3050/303
f 2127/3051/303 1963/3044/303 1965/3052/303
f 89/3053/304 1478/3054/304 2153/3055/304
f 81/3056/304 91/3057/304 89/3053/304
f 2150/3058/304 2140/3059/304 2147/3060/304
f 82/3061/304 2147/3060/304 2140/3059/304
f 1478/3054/304 1490/3062/304 1489/3063/304
f 1490/3062/305 110/3064/305 109/3065/305
f 110/3064/305 1479/3066/305 91/3057/305
f 23/3067/305 69/3068/305 82/3061/305
f 91/3057/305 69/3068/305 1483/3069/305
f 23/3067/305 2155/3070/305 32/3071/305
f 1487/3072/305 127/3073/305 128/3074/305
f 108/3075/305 109/3065/305 127/3073/305
f 109/3065/305 1483/3069/305 128/3074/305
f 108/3075/305 1487/3072/305 2153/3055/305
f 1487/3072/306 1492/3076/306 138/3077/306
f 1487/3072/307 126/3078/307 1492/3076/307
f 1456/3079/308 1468/3080/308 2145/3081/308
f 1466/3082/308 2145/3081/308 1468/3080/308
f 1466/3082/308 2137/3083/308 2136/3084/308
f 128/3074/308 1480/3085/308 126/3078/308
f 1462/3086/307 26/3087/307 2137/3083/307
f 32/3071/308 15/3088/308 26/3087/308
f 69/3068/308 157/3089/308 138/3077/308
f 81/3090/309 101/3091/309 157/3089/309
f 2145/3081/309 1466/3082/309 1469/3092/309
f 2136/3084/309 2150/3093/309 1469/3092/309
f 2136/3084/309 2156/3094/309 2134/3095/309
f 1455/3096/309 2145/3081/309 1469/3092/309
f 1461/3097/309 81/3090/309 65/3098/309
f 89/3099/309 2151/3100/309 101/3091/309
f 1956/3101/310 1954/3102/310 1953/3103/310
f 1953/3103/310 84/3104/310 1648/3105/310
f 1648/3105/310 1650/3106/310 1645/3107/310
f 118/3108/310 1179/3109/310 119/3110/310
f 118/3108/310 119/3110/310 1191/3111/310
f 83/3112/311 115/3113/311 1191/3111/311
f 115/3113/310 2158/3114/310 1201/3115/310
f 1215/3116/312 2164/3117/312 1633/3118/312
f 1643/3119/312 1650/3106/312 1631/3120/312
f 1179/3109/312 1200/3121/312 1215/3116/312
f 112/3122/313 1219/3123/313 1208/3124/313
f 1208/3124/313 1629/3125/313 1651/3126/313
f 94/3127/314 1178/3128/314 1177/3129/314
f 129/3130/313 1178/3128/313 106/3131/313
f 106/3131/313 1635/3132/313 1219/3123/313
f 1213/3133/313 1212/3134/313 1219/3123/313
f 93/3135/313 94/3127/313 1642/3136/313
f 2164/3117/313 1213/3133/313 1635/3132/313
f 1642/3136/315 1187/3137/315 1647/3138/315
f 85/3139/315 1955/3140/315 2167/3141/315
f 1208/3124/315 1651/3126/315 1206/3142/315
f 136/3143/315 1187/3137/315 135/3144/315
f 1208/3124/315 135/3144/315 129/3130/315
f 1955/3140/315 1954/3145/315 1956/3146/315
f 1202/3147/315 1651/3126/315 2158/3148/315
f 1189/3149/315 85/3139/315 1647/3138/315
f 135/3144/315 1202/3147/315 136/3143/315
f 129/3130/315 1187/3137/315 1177/3129/315
f 1978/3150/316 2005/3151/316 2168/3152/316
f 1143/3153/316 1153/3154/316 1155/3155/316
f 2179/3156/316 1153/3154/316 2175/3157/316
f 2172/3158/316 2174/3159/316 2175/3157/316
f 2176/3160/316 2169/3161/316 2180/3162/316
f 1971/3163/316 2170/3164/316 2177/3165/316
f 2176/3160/317 2187/3166/317 2177/3165/317
f 2178/3167/317 2187/3166/317 2176/3160/317
f 2184/3168/317 2185/3169/317 2181/3170/317
f 2178/3167/317 2184/3168/317 2182/3171/317
f 2188/3172/318 2193/3173/318 1152/3174/318
f 2181/3170/318 2185/3169/318 2188/3172/318
f 1147/3175/318 1154/3176/318 1152/3174/318
f 2192/3177/318 2189/3178/318 2191/3179/318
f 2192/3177/319 2195/3180/319 2172/3181/319
f 2171/3182/319 2190/3183/319 1154/3176/319
f 1147/3175/319 1155/3184/319 1154/3176/319
f 2173/3185/319 2174/3186/319 2195/3180/319
f 1143/3187/319 1147/3175/319 2194/3188/319
f 1985/3189/319 2168/3190/319 1986/3191/319
f 2169/3192/319 1986/3191/319 2197/3193/319
f 2171/3182/319 2197/3193/319 2196/3194/319
f 325/3195/320 1701/3196/320 376/3197/320
f 2198/3198/320 360/3199/320 2201/3200/320
f 368/3201/320 1703/3202/320 376/3197/320
f 325/3195/320 1689/3203/320 327/3204/320
f 1689/3203/320 2199/3205/320 2200/3206/320
f 360/3199/320 368/3201/320 1701/3196/320
f 1699/3207/320 329/3208/320 327/3204/320
f 1699/3207/321 1686/3209/321 1700/3210/321
f 2206/3211/321 2202/3212/321 2204/3213/321
f 329/3208/321 338/3214/321 349/3215/321
f 349/3215/321 2204/3213/321 2202/3212/321
f 329/3208/321 1686/3209/321 2203/3216/321
f 2208/3217/322 338/3214/322 348/3218/322
f 2203/3216/322 322/3219/322 333/3220/322
f 333/3220/322 359/3221/322 348/3218/322
f 2208/3217/322 2205/3222/322 2206/3211/322
f 2210/3223/323 2211/3224/323 2212/3225/323
f 363/3226/323 2212/3225/323 2211/3224/323
f 1681/3227/323 1682/3228/323 1703/3229/323
f 322/3219/323 368/3230/323 363/3226/323
f 2209/3231/324 1681/3227/324 368/3230/324
f 2216/3232/325 1131/3233/325 2213/3234/325
f 1161/3235/325 2217/3236/325 2214/3237/325
f 2219/3238/325 2174/3239/325 2195/3240/325
f 1161/3235/326 1169/3241/326 1160/3242/326
f 1129/3243/326 2218/3244/326 1131/3233/326
f 2175/3245/327 2189/3246/327 2194/3247/327
f 1129/3243/327 2222/3248/327 1127/3249/327
f 1129/3243/327 1127/3249/327 2218/3244/327
f 1162/3250/327 1169/3241/327 1170/3251/327
f 2221/3252/327 2193/3253/327 2189/3246/327
f 1169/3241/327 2172/3254/327 2194/3247/327
f 2216/3232/327 1162/3250/327 2220/3255/327
f 1163/3256/328 1162/3250/328 1170/3251/328
f 2194/3247/328 2193/3253/328 2192/3257/328
f 1163/3256/329 2192/3257/329 2221/3252/329
f 2214/3258/330 2223/3259/330 2224/3260/330
f 1297/3261/331 1323/3262/331 1325/3263/331
f 1307/3264/331 2228/3265/331 2227/3266/331
f 913/3267/332 912/3268/332 973/3269/332
f 2230/3270/332 2231/3271/332 2232/3272/332
f 2227/3266/332 443/3273/332 2230/3270/332
f 443/3273/332 912/3268/332 465/3274/332
f 973/3269/333 914/3275/333 913/3267/333
f 518/3276/333 465/3274/333 914/3275/333
f 441/3277/333 1872/3278/333 1871/3279/333
f 1305/3280/333 518/3276/333 2229/3281/333
f 1305/3280/333 1303/3282/333 1312/3283/333
f 458/3284/333 1888/3285/333 1898/3286/333
f 2235/3287/333 1898/3286/333 2234/3288/333
f 2235/3287/333 2232/3272/333 2231/3271/333
f 518/3276/334 449/3289/334 1870/3290/334
f 449/3289/335 1871/3279/335 1870/3290/335
f 447/3291/335 1312/3283/335 1320/3292/335
f 1300/3293/335 2236/3294/335 2226/3295/335
f 1320/3292/335 1891/3296/335 1321/3297/335
f 1888/3285/335 449/3289/335 1320/3292/335
f 1322/3298/335 2225/3299/335 1888/3285/335
f 1891/3296/335 1300/3293/335 1325/3300/335
f 1743/3301/336 524/3302/336 523/3303/336
f 488/3304/336 452/3305/336 1736/3306/336
f 605/3307/336 587/3308/336 588/3309/336
f 2241/3310/336 2245/3311/336 2250/3312/336
f 2026/3313/336 2021/3314/336 2028/3315/336
f 2251/3316/336 1428/3317/336 1432/3318/336
f 523/3303/336 1734/3319/336 1760/3320/336
f 2250/3312/336 2244/3321/336 1432/3318/336
f 1583/3322/337 2237/3323/337 588/3309/337
f 1583/3322/336 1582/3324/336 1587/3325/336
f 2243/3326/336 451/3327/336 2242/3328/336
f 2248/3329/336 2247/3330/336 2243/3326/336
f 2239/3331/336 2242/3328/336 2238/3332/336
f 1420/3333/338 1428/3317/338 2251/3316/338
f 1428/3317/338 2257/3334/338 2256/3335/338
f 2028/3315/338 2025/3336/338 2026/3313/338
f 2248/3329/338 2254/3337/338 2247/3330/338
f 2249/3338/338 2256/3335/338 2258/3339/338
f 505/3340/338 1743/3301/338 523/3303/338
f 1762/3341/338 2259/3342/338 2261/3343/338
f 1762/3341/338 1763/3344/338 2255/3345/338
f 2254/3337/338 2025/3336/338 2252/3346/338
f 496/3347/338 1750/3348/338 606/3349/338
f 600/3350/338 605/3307/338 606/3349/338
f 2246/3351/338 587/3308/338 600/3350/338
f 1420/3333/338 1416/3352/338 2260/3353/338
f 504/3354/338 2255/3345/338 1761/3355/338
f 1761/3355/338 1763/3344/338 2261/3343/338
f 496/3347/338 1744/3356/338 505/3340/338
f 1749/3357/339 1761/3355/339 1730/3358/339
f 2274/3359/339 2270/3360/339 2263/3361/339
f 2259/3342/339 2266/3362/339 2261/3343/339
f 1433/3363/339 1420/3333/339 1419/3364/339
f 422/3365/339 2267/3366/339 2268/3367/339
f 2270/3360/339 424/3368/339 2264/3369/339
f 416/3370/339 2259/3342/339 2258/3339/339
f 499/3371/340 501/3372/340 513/3373/340
f 404/3374/339 422/3365/339 2268/3367/339
f 2265/3375/339 2262/3376/339 1742/3377/339
f 1433/3363/339 2260/3353/339 2271/3378/339
f 2263/3361/339 2257/3334/339 2274/3359/339
f 2273/3379/341 2245/3380/341 2281/3381/341
f 499/3371/341 485/3382/341 2237/3383/341
f 2238/3384/341 453/3385/341 2282/3386/341
f 2278/3387/341 404/3374/341 2267/3366/341
f 414/3388/341 2276/3389/341 2239/3390/341
f 2280/3391/341 2240/3392/341 2239/3390/341
f 2277/3393/342 2280/3391/342 2276/3389/342
f 2277/3393/341 2245/3380/341 2240/3392/341
f 420/3394/341 2267/3366/341 424/3368/341
f 2279/3395/341 2269/3396/341 2282/3386/341
f 452/3397/341 485/3382/341 513/3373/341
f 545/3398/343 1901/3399/343 2287/3400/343
f 1895/3401/343 1894/3402/343 1899/3403/343
f 591/3404/344 540/3405/344 1915/3406/344
f 1580/3407/343 2289/3408/343 1584/3409/343
f 1578/3410/343 2286/3411/343 1584/3409/343
f 1580/3407/343 2286/3411/343 2285/3412/343
f 590/3413/343 1895/3401/343 1578/3410/343
f 545/3398/343 1904/3414/343 551/3415/343
f 1917/3416/343 551/3415/343 552/3417/343
f 540/3405/343 1917/3416/343 552/3417/343
f 1912/3418/343 552/3417/343 551/3415/343
f 1570/3419/345 2292/3420/345 2289/3408/345
f 1917/3416/345 540/3405/345 550/3421/345
f 542/3422/345 1909/3423/345 1901/3399/345
f 550/3421/345 557/3424/345 542/3422/345
f 590/3413/345 557/3424/345 1916/3425/345
f 1580/3407/345 1571/3426/345 1570/3419/345
f 2290/3427/345 1909/3423/345 571/3428/345
f 1881/3429/346 1896/3430/346 1875/3431/346
f 2296/3432/346 2294/3433/346 2295/3434/346
f 568/3435/346 2294/3433/346 2293/3436/346
f 569/3437/346 568/3435/346 578/3438/346
f 2295/3434/347 2299/3439/347 2296/3432/347
f 544/3440/347 2284/3441/347 2299/3439/347
f 1567/3442/347 1899/3443/347 1889/3444/347
f 2300/3445/347 1578/3446/347 1568/3447/347
f 1568/3447/347 2298/3448/347 1572/3449/347
f 1910/3450/347 1904/3451/347 1905/3452/347
f 591/3453/347 1889/3444/347 1894/3454/347
f 545/3455/347 569/3437/347 1910/3450/347
f 1576/3456/347 1567/3442/347 1568/3447/347
f 1874/3457/347 1578/3446/347 1899/3443/347
f 2286/3458/347 2300/3445/347 2285/3459/347
f 2301/3460/348 2081/3461/348 2088/3462/348
f 725/3463/348 719/3464/348 718/3465/348
f 734/3466/348 1388/3467/348 725/3463/348
f 733/3468/348 1372/3469/348 734/3466/348
f 2088/3462/348 2304/3470/348 2089/3471/348
f 1104/3472/349 1387/3473/349 2303/3474/349
f 1099/3475/348 1105/3476/348 1104/3472/348
f 1376/3477/348 725/3463/348 1387/3473/348
f 2088/3462/350 2083/3478/350 2087/3479/350
f 1102/3480/350 1378/3481/350 2304/3470/350
f 1100/3482/350 1105/3476/350 2305/3483/350
f 1378/3481/350 1381/3484/350 1379/3485/350
f 1443/3486/351 716/3487/351 1386/3488/351
f 732/3489/351 2311/3490/351 1379/3485/351
f 2310/3491/351 740/3492/351 2309/3493/351
f 740/3492/351 739/3494/351 2312/3495/351
f 1444/3496/351 1443/3486/351 2308/3497/351
f 730/3498/351 1379/3485/351 1386/3488/351
f 730/3498/351 724/3499/351 1362/3500/351
f 1362/3500/352 717/3501/352 739/3494/352
f 2080/3502/353 2311/3490/353 2314/3503/353
f 740/3492/353 2312/3495/353 741/3504/353
f 2309/3493/353 741/3504/353 2314/3503/353
f 1369/3505/353 1388/3506/353 1372/3507/353
f 719/3508/353 2313/3509/353 2303/3510/353
f 1369/3505/353 2312/3495/353 1363/3511/353
f 2080/3502/353 2301/3512/353 2084/3513/353
f 1269/3514/354 1239/3515/354 1225/3516/354
f 1269/3514/354 1506/3517/354 2315/3518/354
f 1506/3517/354 1504/3519/354 1510/3520/354
f 1505/3521/355 2318/3522/355 2320/3523/355
f 1510/3520/355 1504/3519/355 1505/3521/355
f 1223/3524/356 2320/3523/356 2319/3525/356
f 2322/3526/356 1223/3524/356 1236/3527/356
f 1236/3527/357 1268/3528/357 1275/3529/357
f 1275/3529/357 1268/3528/357 2315/3530/357
f 1239/3531/357 2321/3532/357 2316/3533/357
f 493/3534/358 2327/3535/358 2324/3536/358
f 2325/3537/358 2327/3535/358 2331/3538/358
f 493/3534/358 2328/3539/358 494/3540/358
f 2323/3541/358 1618/3542/358 1799/3543/358
f 1799/3543/358 2052/3544/358 2047/3545/358
f 2048/3546/358 2047/3545/358 2052/3544/358
f 1620/3547/358 1610/3548/358 1618/3542/358
f 1605/3549/359 1766/3550/359 1767/3551/359
f 1592/3552/359 1599/3553/359 1610/3548/359
f 1782/3554/359 2064/3555/359 2037/3556/359
f 1766/3550/359 1782/3554/359 2058/3557/359
f 2331/3538/359 2333/3558/359 2335/3559/359
f 1783/3560/359 2048/3546/359 1784/3561/359
f 2334/3562/359 1592/3552/359 2335/3559/359
f 1784/3561/359 2052/3544/359 2058/3557/359
f 2337/3563/359 1783/3560/359 2037/3556/359
f 1781/3564/359 2061/3565/359 1782/3554/359
f 2038/3566/360 2340/3567/360 2339/3568/360
f 2051/3569/360 2038/3566/360 2061/3565/360
f 1617/3570/360 2051/3569/360 2055/3571/360
f 2338/3572/360 2342/3573/360 2341/3574/360
f 1597/3575/360 1617/3570/360 1604/3576/360
f 1781/3564/360 1764/3577/360 1798/3578/360
f 2051/3569/361 2046/3579/361 2036/3580/361
f 2046/3579/361 2347/3581/361 2323/3582/361
f 491/3583/361 2344/3584/361 497/3585/361
f 2345/3586/361 2343/3587/361 2344/3584/361
f 2325/3588/361 2341/3574/361 2345/3586/361
f 493/3589/361 2348/3590/361 2328/3591/361
f 492/3592/361 497/3585/361 2348/3590/361
f 1993/3593/362 2354/3594/362 2350/3595/362
f 1970/3596/362 2356/3597/362 2357/3598/362
f 1022/3599/362 2357/3598/362 2355/3600/362
f 1022/3599/362 1038/3601/362 1021/3602/362
f 2353/3603/362 1993/3593/362 2351/3604/362
f 1982/3605/362 2350/3595/362 2354/3594/362
f 902/3606/363 2356/3597/363 2359/3607/363
f 1982/3605/363 2358/3608/363 2006/3609/363
f 896/3610/363 907/3611/363 902/3606/363
f 1990/3612/363 1996/3613/363 2358/3608/363
f 1977/3614/363 2359/3607/363 2356/3597/363
f 909/3615/364 2361/3616/364 908/3617/364
f 895/3618/364 908/3617/364 896/3610/364
f 2363/3619/364 2364/3620/364 2365/3621/364
f 896/3610/364 2362/3622/364 2363/3619/364
f 2004/3623/365 1970/3624/365 1973/3625/365
f 909/3615/365 897/3626/365 901/3627/365
f 1973/3625/365 2368/3628/365 2364/3620/365
f 2352/3629/365 2366/3630/365 901/3627/365
f 1020/3631/365 1021/3632/365 1038/3633/365
f 2367/3634/365 2362/3622/365 2351/3635/365
f 2350/3636/365 2004/3623/365 1994/3637/365
f 2369/3638/366 2371/3639/366 2370/3640/366
f 2372/3641/367 2370/3640/367 2371/3639/367
f 807/3642/368 831/3643/368 836/3644/368
f 786/3645/369 2374/3646/369 2373/3647/369
f 2377/3648/368 831/3643/368 822/3649/368
f 2375/3650/370 1810/3651/370 2380/3652/370
f 1812/3653/370 1820/3654/370 1831/3655/370
f 1812/3653/371 1830/3656/371 2381/3657/371
f 821/3658/371 2380/3652/371 1812/3653/371
f 798/3659/371 830/3660/371 821/3658/371
f 1830/3656/371 1831/3655/371 2379/3661/371
f 1805/3662/372 1821/3663/372 1813/3664/372
f 835/3665/372 2373/3666/372 2383/3667/372
f 830/3660/372 787/3668/372 835/3665/372
f 1454/3669/373 1473/3670/373 1448/3671/373
f 7/3672/373 2135/3673/373 14/3674/373
f 834/3675/374 2131/3676/374 2386/3677/374
f 54/3678/374 834/3675/374 840/3679/374
f 1473/3670/374 2384/3680/374 2143/3681/374
f 7/3672/374 2149/3682/374 2131/3676/374
f 54/3678/373 829/3683/373 56/3684/373
f 829/3683/373 61/3685/373 56/3684/373
f 1464/3686/375 1445/3687/375 2389/3688/375
f 54/3678/376 818/3689/376 829/3683/376
f 1464/3686/377 1465/3690/377 2387/3691/377
f 60/3692/377 2135/3673/377 818/3689/377
f 60/3692/378 814/3693/378 1673/3694/378
f 1445/3687/377 2146/3695/377 2142/3696/377
f 14/3674/377 60/3692/377 6/3697/377
f 785/3698/377 2388/3699/377 2390/3700/377
f 62/3701/377 840/3679/377 803/3702/377
f 1664/3703/377 2146/3695/377 6/3697/377
f 811/3704/377 802/3705/377 800/3706/377
f 814/3693/379 811/3704/379 1673/3694/379
f 800/3706/377 2133/3707/377 1664/3703/377
f 802/3705/377 814/3693/377 1676/3708/377
f 2133/3707/377 803/3702/377 1677/3709/377
f 1445/3687/380 1476/3710/380 2389/3688/380
f 1669/3711/380 796/3712/380 782/3713/380
f 1662/3714/381 819/3715/381 2125/3716/381
f 1671/3717/381 828/3718/381 819/3715/381
f 1677/3709/381 1679/3719/381 2133/3707/381
f 2130/3720/380 2393/3721/380 788/3722/380
f 780/3723/381 782/3713/381 1678/3724/381
f 796/3712/381 2133/3707/381 1678/3724/381
f 1669/3711/380 780/3723/380 1671/3717/380
f 1678/3724/380 1679/3719/380 2130/3720/380
f 819/3715/380 810/3725/380 1669/3711/380
f 2125/3716/381 828/3718/381 1447/3726/381
f 832/3727/382 2126/3728/382 2384/3729/382
f 2126/3728/383 2128/3730/383 2149/3731/383
f 828/3718/383 839/3732/383 832/3727/383
f 261/3733/384 1107/3734/384 1113/3735/384
f 225/3736/384 226/3737/384 2395/3738/384
f 261/3733/384 2394/3739/384 226/3737/384
f 1113/3735/384 1135/3740/384 2396/3741/384
f 264/3742/385 2397/3743/385 1136/3744/385
f 1135/3740/385 1128/3745/385 1132/3746/385
f 225/3736/385 264/3742/385 261/3733/385
f 1132/3746/385 1128/3745/385 2216/3747/385
f 2222/3748/385 2217/3749/385 2398/3750/385
f 1122/3751/386 201/3752/386 2213/3753/386
f 2398/3750/386 2217/3749/386 2213/3753/386
f 201/3752/386 1119/3754/386 184/3755/386
f 184/3755/386 2399/3756/386 183/3757/386
f 1122/3751/386 1136/3744/386 198/3758/386
f 192/3759/386 1119/3754/386 203/3760/386
f 204/3761/387 2401/3762/387 201/3752/387
f 182/3763/387 2400/3764/387 279/3765/387
f 195/3766/387 2394/3767/387 200/3768/387
f 270/3769/387 200/3768/387 260/3770/387
f 201/3752/387 182/3763/387 270/3769/387
f 167/3771/388 218/3772/388 166/3773/388
f 167/3771/388 1638/3774/388 2402/3775/388
f 1637/3776/388 2405/3777/388 1638/3774/388
f 166/3773/389 2407/3778/389 1639/3779/389
f 2405/3777/389 1637/3776/389 1639/3779/389
f 218/3772/389 2406/3780/389 211/3781/389
f 180/3782/389 218/3772/389 211/3781/389
f 164/3783/390 2408/3784/390 2409/3785/390
f 164/3783/390 180/3782/390 211/3781/390
f 2408/3784/391 2403/3786/391 2409/3785/391
f 1818/3787/392 1814/3788/392 1815/3789/392
f 2413/3790/392 75/3791/392 162/3792/392
f 1815/3789/393 2412/3793/393 2411/3794/393
f 1818/3787/394 1832/3795/394 1808/3796/394
f 1808/3796/394 2414/3797/394 1814/3788/394
f 76/3798/394 1832/3795/394 1824/3799/394
f 147/3800/394 854/3801/394 148/3802/394
f 2415/3803/394 856/3804/394 854/3801/394
f 73/3805/394 2413/3790/394 147/3800/394
f 1832/3795/395 73/3805/395 79/3806/395
f 1807/3807/395 2417/3808/395 2414/3797/395
f 858/3809/395 2415/3803/395 861/3810/395
f 146/3811/395 858/3809/395 1822/3812/395
f 72/3813/396 79/3806/396 161/3814/396
f 79/3806/395 148/3802/395 146/3811/395
f 72/3813/395 1811/3815/395 1838/3816/395
f 1816/3817/397 2416/3818/397 2410/3819/397
f 1811/3815/397 1822/3812/397 1816/3817/397
f 2184/3820/398 2188/3821/398 2185/3822/398
f 2185/3822/398 2420/3823/398 2421/3824/398
f 2421/3824/399 2422/3825/399 2423/3826/399
f 2423/3826/400 2424/3827/400 2425/3828/400
f 2181/3829/401 2419/3830/401 2424/3827/401
f 2184/3831/401 2181/3829/401 2188/3832/401
f 2296/3833/402 2299/3834/402 2294/3835/402
f 559/3836/402 554/3837/402 2296/3833/402
f 559/3836/402 2426/3838/402 1936/3839/402
f 2427/3840/402 1345/3841/402 1589/3842/402
f 658/3843/402 657/3844/402 1345/3841/402
f 1091/3845/402 1066/3846/402 1059/3847/402
f 2427/3840/402 2429/3848/402 2430/3849/402
f 1339/3850/402 659/3851/402 1335/3852/402
f 1074/3853/402 621/3854/402 687/3855/402
f 1929/3856/402 1918/3857/402 1919/3858/402
f 1351/3859/402 2060/3860/402 1353/3861/402
f 1068/3862/402 1615/3863/402 1088/3864/402
f 1351/3859/402 1606/3865/402 1596/3866/402
f 1611/3867/402 639/3868/402 640/3869/402
f 1059/3847/402 642/3870/402 1091/3845/402
f 1353/3861/402 2053/3871/402 1351/3859/402
f 639/3868/402 1091/3845/402 640/3869/402
f 642/3870/402 1606/3865/402 1611/3867/402
f 657/3844/402 1339/3850/402 2056/3872/402
f 560/3873/403 585/3874/403 620/3875/403
f 559/3836/403 620/3875/403 2431/3876/403
f 1077/3877/403 1088/3864/403 1084/3878/403
f 1600/3879/403 1611/3867/403 1606/3865/403
f 648/3880/403 565/3881/403 1084/3878/403
f 1354/3882/403 1600/3879/403 2057/3883/403
f 1335/3852/403 1354/3882/403 1358/3884/403
f 621/3854/403 560/3873/403 559/3836/403
f 2060/3860/403 1358/3884/403 1353/3861/403
f 1613/3885/403 639/3868/403 1611/3867/403
f 2053/3871/403 1358/3884/403 2057/3883/403
f 1334/3886/403 2432/3887/403 2434/3888/403
f 679/3889/404 1619/3890/404 1593/3891/404
f 1343/3892/404 1334/3886/404 1340/3893/404
f 1593/3891/404 1613/3885/404 1600/3879/404
f 580/3894/404 1935/3895/404 584/3896/404
f 564/3897/404 562/3898/404 1922/3899/404
f 597/3900/404 580/3894/404 1932/3901/404
f 1089/3902/404 1080/3903/404 1086/3904/404
f 564/3897/404 2433/3905/404 649/3906/404
f 2435/3907/404 1931/3908/404 1926/3909/404
f 561/3910/404 562/3898/404 685/3911/404
f 691/3912/404 1932/3901/404 584/3896/404
f 562/3898/404 1924/3913/404 691/3912/404
f 692/3914/404 1924/3913/404 1926/3909/404
f 554/3915/405 1924/3913/405 561/3910/405
f 1918/3916/405 1926/3909/405 1924/3913/405
f 679/3889/405 1073/3917/405 687/3918/405
f 672/3919/405 671/3920/405 2437/3921/405
f 2428/3922/405 662/3923/405 671/3920/405
f 1089/3902/405 662/3923/405 678/3924/405
f 1068/3925/405 1073/3917/405 678/3924/405
f 679/3889/405 1080/3903/405 678/3924/405
f 2294/3926/405 2299/3927/405 2295/3928/405
f 561/3910/405 687/3918/405 2295/3928/405
f 1065/3929/405 2436/3930/405 2437/3921/405
f 2428/3922/406 672/3919/406 2438/3931/406
f 672/3919/407 670/3932/407 2438/3931/407
f 2435/3907/405 1927/3933/405 2426/3934/405
f 1310/3935/408 1308/3936/408 1311/3937/408
f 2263/3938/408 2448/3939/408 2447/3940/408
f 1418/3941/408 1426/3942/408 1431/3943/408
f 2280/3944/408 2442/3945/408 2277/3946/408
f 2274/3947/408 2275/3948/408 2272/3949/408
f 2442/3945/408 2275/3948/408 2277/3946/408
f 2274/3947/408 2280/3944/408 2277/3946/408
f 2446/3950/408 1308/3936/408 2439/3951/408
f 2263/3938/408 2242/3952/408 2239/3953/408
f 355/3954/408 2441/3955/408 343/3956/408
f 2264/3957/408 2263/3938/408 2447/3940/408
f 1431/3943/408 355/3954/408 343/3956/408
f 2444/3958/408 2446/3950/408 2445/3959/408
f 2447/3940/409 2448/3939/409 2452/3960/409
f 2238/3961/409 413/3962/409 2455/3963/409
f 2116/3964/409 2443/3965/409 2444/3958/409
f 422/3966/409 439/3967/409 2268/3968/409
f 1430/3969/409 2449/3970/409 1436/3971/409
f 2242/3952/409 422/3966/409 417/3972/409
f 2093/3973/409 2445/3959/409 2456/3974/409
f 2093/3973/409 2454/3975/409 2120/3976/409
f 420/3977/409 422/3966/409 2268/3968/409
f 425/3978/409 1426/3942/409 1430/3969/409
f 2109/3979/409 2120/3976/409 2454/3975/409
f 413/3962/409 420/3977/409 2278/3980/409
f 413/3962/410 2095/3981/410 2458/3982/410
f 2278/3980/410 2268/3968/410 2267/3983/410
f 334/3984/410 342/3985/410 335/3986/410
f 412/3987/410 2267/3983/410 439/3967/410
f 2095/3981/410 2462/3988/410 2096/3989/410
f 1523/3990/410 2461/3991/410 2460/3992/410
f 2096/3989/410 2456/3974/410 2458/3982/410
f 2108/3993/410 2109/3979/410 2454/3975/410
f 1306/3994/410 2453/3995/410 2460/3992/410
f 1295/3996/410 1313/3997/410 1306/3994/410
f 335/3986/410 352/3998/410 1280/3999/410
f 1280/3999/410 1281/4000/410 1277/4001/410
f 1521/4002/410 2454/3975/410 2096/3989/410
f 1516/4003/410 1523/3990/410 2110/4004/410
f 2110/4004/410 1521/4002/410 1528/4005/410
f 2459/4006/411 1327/4007/411 2464/4008/411
f 2461/3991/411 1516/4003/411 1526/4009/411
f 1302/4010/411 1326/4011/411 1295/3996/411
f 1279/4012/411 1277/4001/411 1281/4000/411
f 433/4013/411 411/4014/411 412/3987/411
f 334/3984/411 2441/4015/411 355/4016/411
f 2114/4017/411 2271/4018/411 1295/3996/411
f 1525/4019/411 2111/4020/411 1530/4021/411
f 1531/4022/411 1530/4021/411 2111/4020/411
f 2462/3988/411 2121/4023/411 2123/4024/411
f 2123/4024/411 2465/4025/411 2122/4026/411
f 1528/4005/411 2123/4024/411 2122/4026/411
f 1531/4022/411 2114/4017/411 1530/4021/411
f 1528/4005/411 2111/4020/411 2110/4004/411
f 2110/4004/411 1526/4009/411 1516/4003/411
f 2466/4027/411 2442/4028/411 2439/4029/411
f 2271/4018/411 2272/4030/411 2275/4031/411
f 334/3984/411 2463/4032/411 331/4033/411
f 2102/4034/412 1536/4035/412 1551/4036/412
f 407/4037/413 1551/4036/413 1552/4038/413
f 2446/4039/412 2092/4040/412 2458/4041/412
f 2007/4042/412 2470/4043/412 2468/4044/412
f 395/4045/412 1553/4046/412 405/4047/412
f 405/4047/413 406/4048/413 2105/4049/413
f 393/4050/413 405/4047/413 2105/4049/413
f 2112/4051/412 1552/4038/412 1551/4036/412
f 1536/4035/414 2091/4052/414 2462/4053/414
f 2465/4054/413 2118/4055/413 2123/4056/413
f 1554/4057/412 1553/4046/412 2102/4034/412
f 2248/4058/414 2023/4059/414 2445/4060/414
f 2254/4061/413 2248/4058/413 2243/4062/413
f 2009/4063/412 2023/4059/412 2027/4064/412
f 2091/4052/412 2458/4041/412 2096/4065/412
f 406/4048/412 1554/4057/412 1551/4036/412
f 2123/4056/412 2096/4065/412 2092/4040/412
f 2247/4066/415 2254/4061/415 2243/4062/415
f 2456/4067/415 2455/4068/415 2458/4041/415
f 2013/4069/415 2018/4070/415 2472/4071/415
f 1520/4072/415 2103/4073/415 2097/4074/415
f 1519/4075/415 1542/4076/415 2102/4034/415
f 1512/4077/415 2469/4078/415 2103/4073/415
f 2102/4034/415 1512/4077/415 1519/4075/415
f 2013/4069/415 2027/4064/415 2023/4059/415
f 2098/4079/416 2451/4080/416 2474/4081/416
f 2097/4074/417 2106/4082/417 2454/4083/417
f 2106/4082/416 2471/4084/416 2460/4085/416
f 2460/4085/416 2115/4086/416 2108/4087/416
f 2451/4080/417 2120/4088/417 2119/4089/417
f 2115/4086/416 2120/4088/416 2454/4083/416
f 2115/4086/418 1531/4090/418 2122/4091/418
f 2451/4080/418 2122/4091/418 2446/4092/418
f 394/4093/418 1513/4094/418 2461/4095/418
f 394/4093/418 393/4096/418 407/4097/418
f 1536/4098/418 2111/4099/418 2112/4100/418
f 1524/4101/418 2115/4086/418 2461/4095/418
f 2014/4102/418 2474/4081/418 2444/4103/418
f 2014/4102/418 2020/4104/418 2009/4105/418
f 1531/4090/418 1532/4106/418 2111/4099/418
f 1524/4101/419 2111/4099/419 1532/4106/419
f 2118/4107/418 2465/4108/418 2122/4091/418
f 1531/4090/418 2118/4107/418 2122/4091/418
f 1513/4094/418 2112/4100/418 2111/4099/418
f 536/4109/420 577/4110/420 574/4111/420
f 574/4111/420 2477/4112/420 2342/4113/420
f 2338/4114/420 2333/4115/420 2345/4116/420
f 2478/4117/420 2333/4115/420 2335/4118/420
f 2331/4119/421 2480/4120/421 2335/4118/421
f 570/4121/421 572/4122/421 576/4123/421
f 2326/4124/421 2335/4118/421 2341/4125/421
f 2291/4126/421 2292/4127/421 2479/4128/421
f 572/4122/421 2341/4125/421 2477/4112/421
f 1563/4129/422 2289/4130/422 2479/4128/422
f 539/4131/422 2482/4132/422 2325/4133/422
f 589/4134/422 576/4123/422 2289/4130/422
f 1577/4135/422 2286/4136/422 2481/4137/422
f 2326/4124/422 2347/4138/422 2325/4133/422
f 539/4131/422 576/4123/422 589/4134/422
f 1566/4139/422 2286/4136/422 1584/4140/422
f 2324/4141/423 538/4142/423 2345/4143/423
f 538/4142/423 601/4144/423 2475/4145/423
f 2324/4141/423 2476/4146/423 2327/4147/423
f 1577/4135/423 2481/4137/423 1585/4148/423
f 589/4134/423 1585/4148/423 601/4144/423
f 2484/4149/424 2485/4150/424 2483/4151/424
f 2486/4152/425 2485/4150/425 2484/4149/425
f 668/4153/426 672/4154/426 2437/4155/426
f 2427/4156/426 2491/4157/426 2430/4158/426
f 672/4154/427 2438/4159/427 673/4160/427
f 2488/4161/426 2489/4162/426 672/4154/426
f 2427/4156/428 2438/4159/428 672/4154/428
f 1064/4163/429 682/4164/429 671/4165/429
f 2428/4166/430 689/4167/430 2491/4157/430
f 671/4165/429 2427/4156/429 668/4153/429
f 671/4165/429 668/4153/429 2437/4155/429
f 1075/4168/430 2489/4162/430 2492/4169/430
f 1056/4170/430 1085/4171/430 1075/4168/430
f 689/4167/431 2494/4172/431 690/4173/431
f 2493/4174/431 689/4167/431 690/4173/431
f 2442/4175/432 2281/4176/432 2202/4177/432
f 2448/4178/432 421/4179/432 2496/4180/432
f 2256/4181/432 2277/4182/432 2274/4183/432
f 2274/4183/432 2452/4184/432 2448/4178/432
f 2466/4185/432 2277/4182/432 2442/4175/432
f 421/4179/432 2498/4186/432 423/4187/432
f 2274/4183/432 2276/4188/432 2270/4189/432
f 2211/4190/432 2202/4177/432 2212/4191/432
f 2497/4192/432 2211/4190/432 2212/4191/432
f 2263/4193/433 2452/4184/433 2270/4189/433
f 2280/4194/433 2466/4185/433 2439/4195/433
f 2270/4189/433 2280/4194/433 2263/4193/433
f 2258/4196/433 415/4197/433 2452/4184/433
f 2211/4190/433 2208/4198/433 2206/4199/433
f 2241/4200/433 2258/4196/433 2280/4194/433
f 2497/4192/433 2210/4201/433 2211/4190/433
f 2439/4195/433 2499/4202/433 2240/4203/433
f 419/4204/433 421/4179/433 415/4197/433
f 2252/4205/434 2241/4200/434 2249/4206/434
f 2249/4206/434 2501/4207/434 2502/4208/434
f 2250/4209/435 2281/4210/435 2256/4211/435
f 2250/4209/435 2502/4208/435 2501/4207/435
f 2180/4212/436 2183/4213/436 2178/4214/436
f 2357/4215/436 2359/4216/436 2365/4217/436
f 1684/4218/436 1694/4219/436 1691/4220/436
f 316/4221/437 310/4222/437 308/4223/437
f 308/4223/436 2356/4224/436 2178/4214/436
f 1691/4220/436 2365/4217/436 2506/4225/436
f 2508/4226/438 2509/4227/438 2507/4228/438
f 2364/4229/438 2510/4230/438 2507/4228/438
f 310/4222/438 316/4221/438 309/4231/438
f 1972/4232/438 2358/4233/438 2006/4234/438
f 1997/4235/438 2367/4236/438 2363/4237/438
f 2176/4238/438 1972/4232/438 2359/4216/438
f 1998/4239/438 2006/4234/438 2358/4233/438
f 2176/4238/438 2511/4240/438 2170/4241/438
f 2511/4240/439 2169/4242/439 2170/4241/439
f 1980/4243/439 1991/4244/439 2350/4245/439
f 2004/4246/439 2358/4233/439 2354/4247/439
f 2367/4236/439 1998/4239/439 2004/4246/439
f 1995/4248/439 2510/4230/439 2367/4236/439
f 1981/4249/439 2169/4242/439 2512/4250/439
f 2357/4251/440 2368/4252/440 2349/4253/440
f 1991/4244/440 1974/4254/440 2000/4255/440
f 869/4256/440 867/4257/440 877/4258/440
f 2000/4255/440 2368/4252/440 1695/4259/440
f 2180/4260/440 2196/4261/440 2503/4262/440
f 1694/4263/440 2504/4264/440 1695/4259/440
f 696/4265/441 701/4266/441 2066/4267/441
f 765/4268/441 1013/4269/441 2041/4270/441
f 1010/4271/441 2517/4272/441 2066/4267/441
f 1794/4273/441 758/4274/441 1770/4275/441
f 2074/4276/441 2516/4277/441 2077/4278/441
f 713/4279/441 1010/4271/441 699/4280/441
f 699/4280/441 994/4281/441 1000/4282/441
f 2039/4283/441 999/4284/441 753/4285/441
f 1773/4286/441 751/4287/441 753/4285/441
f 998/4288/441 999/4284/441 1005/4289/441
f 775/4290/441 2074/4276/441 1770/4275/441
f 998/4288/442 758/4274/442 999/4284/442
f 999/4284/441 1013/4269/441 1005/4289/441
f 699/4280/441 701/4266/441 1014/4291/441
f 2065/4292/441 1000/4282/441 994/4281/441
f 996/4293/442 2065/4292/442 994/4281/442
f 1013/4269/441 994/4281/441 1014/4291/441
f 1014/4291/441 696/4265/441 2041/4270/441
f 2040/4294/443 2065/4292/443 2039/4283/443
f 738/4295/444 1000/4282/444 2040/4294/444
f 714/4296/444 1011/4297/444 1017/4298/444
f 2069/4299/444 2518/4300/444 2072/4301/444
f 1779/4302/444 1794/4273/444 1789/4303/444
f 2314/4304/444 2310/4305/444 2309/4306/444
f 713/4279/444 1000/4282/444 714/4296/444
f 1789/4303/444 2076/4307/444 2309/4306/444
f 711/4308/444 2520/4309/444 1011/4297/444
f 2072/4301/444 2077/4278/444 2516/4277/444
f 2076/4307/445 2072/4301/445 2071/4310/445
f 2310/4305/445 739/4311/445 738/4295/445
f 2312/4312/445 1776/4313/445 715/4314/445
f 739/4311/445 741/4315/445 2312/4312/445
f 741/4315/445 2310/4305/445 2314/4304/445
f 760/4316/445 1792/4317/445 1795/4318/445
f 2522/4319/445 728/4320/445 715/4314/445
f 759/4321/445 1780/4322/445 1776/4313/445
f 2071/4310/445 2521/4323/445 1792/4317/445
f 720/4324/446 2066/4325/446 2515/4326/446
f 1780/4322/446 749/4327/446 764/4328/446
f 696/4329/446 2066/4325/446 700/4330/446
f 700/4330/446 2041/4331/446 696/4329/446
f 775/4332/446 1801/4333/446 2514/4334/446
f 749/4327/447 1801/4333/447 764/4328/447
f 720/4324/446 764/4328/446 2042/4335/446
f 2524/4336/448 2526/4337/448 2527/4338/448
f 2526/4337/449 2529/4339/449 2527/4338/449
f 2232/4340/450 2531/4341/450 2528/4342/450
f 2230/4343/450 2232/4340/450 2235/4344/450
f 2231/4345/451 2525/4346/451 2531/4341/451
f 2230/4343/451 2235/4344/451 2231/4345/451
f 2532/4347/452 2508/4348/452 2507/4349/452
f 1247/4350/452 2534/4351/452 2535/4352/452
f 506/4353/452 507/4354/452 515/4355/452
f 1247/4350/452 1283/4356/452 1255/4357/452
f 1231/4358/453 1256/4359/453 1282/4360/453
f 2266/4361/454 1282/4360/454 2279/4362/454
f 1708/4363/453 1719/4364/453 1712/4365/453
f 1763/4366/453 1729/4367/453 2255/4368/453
f 529/4369/453 1763/4366/453 2255/4368/453
f 1728/4370/453 2279/4362/453 1729/4367/453
f 487/4371/453 508/4372/453 529/4369/453
f 1712/4365/453 1256/4359/453 1248/4373/453
f 1757/4374/453 529/4369/453 526/4375/453
f 2537/4376/453 2346/4377/453 2344/4378/453
f 1762/4379/455 1729/4367/455 1727/4380/455
f 1724/4381/456 1713/4382/456 1719/4364/456
f 1757/4374/456 526/4375/456 528/4383/456
f 492/4384/455 2344/4378/455 487/4371/455
f 2255/4368/456 1756/4385/456 528/4383/456
f 1727/4380/456 2283/4386/456 2253/4387/456
f 396/4388/456 2283/4386/456 1713/4382/456
f 525/4389/456 1756/4385/456 2253/4387/456
f 396/4388/456 436/4390/456 402/4391/456
f 487/4371/456 528/4383/456 2539/4392/456
f 492/4384/456 2348/4393/456 495/4394/456
f 495/4394/455 2344/4378/455 492/4384/455
f 391/4395/457 402/4391/457 436/4390/457
f 1276/4396/457 1283/4397/457 2259/4398/457
f 525/4389/457 516/4399/457 2539/4392/457
f 2532/4400/458 2507/4401/458 2509/4402/458
f 2259/4398/457 2282/4403/457 2269/4404/457
f 1257/4405/457 1283/4397/457 1276/4396/457
f 826/4406/459 777/4406/459 833/4406/459
f 1661/4406/459 1652/4406/459 1670/4406/459
f 1214/4406/460 282/4406/460 278/4406/460
f 318/4406/460 289/4406/460 291/4406/460
f 1410/4406/460 1413/4406/460 1412/4406/460
f 1249/4406/460 1278/4406/460 1252/4406/460
f 1394/4406/460 1407/4406/460 1401/4406/460
f 1049/4406/460 1047/4406/460 1053/4406/460
f 336/4406/460 2463/4406/460 1415/4406/460
f 336/4406/460 2441/4406/460 331/4406/460
f 390/4406/460 419/4406/460 2498/4406/460
f 418/4406/460 2500/4406/460 2502/4406/460
f 2015/4406/460 2024/4406/460 2019/4406/460
f 1452/4406/460 1463/4406/460 1475/4406/460
f 2468/4406/460 2472/4406/460 2474/4406/460
f 429/4406/460 390/4406/460 430/4406/460
f 1049/4406/460 1667/4406/460 1675/4406/460
f 857/4406/460 155/4406/460 2411/4406/460
f 490/4406/460 2346/4406/460 2537/4406/460
f 2101/4406/460 2117/4406/460 2099/4406/460
f 197/4406/460 173/4406/460 1134/4406/460
f 2429/4406/460 2491/4406/460 690/4406/460
f 1588/4406/460 1608/4406/460 1614/4406/460
f 1069/4406/460 1079/4406/460 1090/4406/460
f 857/4406/460 2415/4406/460 854/4406/460
f 122/4406/460 77/4406/460 2413/4406/460
f 1330/4406/460 1332/4406/460 1329/4406/460
f 888/4406/460 884/4406/460 890/4406/460
f 1023/4406/460 1032/4406/460 1027/4406/460
f 2486/4406/460 2484/4406/460 2483/4406/460
f 2517/4406/460 2522/4406/460 2523/4406/460
f 2308/4406/460 1439/4406/460 1444/4406/460
f 1439/4406/460 2302/4406/460 2313/4406/460
f 1094/4406/460 1103/4406/460 1096/4406/460
f 2419/4406/460 2423/4406/460 2425/4406/460
f 1692/4406/460 1698/4406/460 1696/4406/460
f 654/4406/460 2436/4406/460 2432/4406/460
f 1079/4406/460 2490/4406/460 1090/4406/460
f 1069/4406/460 683/4406/460 2494/4406/460
f 1425/4406/460 429/4406/460 1422/4406/460
f 2430/4406/460 2429/4406/460 2438/4406/460
f 1053/4406/460 1046/4406/460 379/4406/460
f 379/4406/460 1055/4406/460 372/4406/460
f 922/4406/460 937/4406/460 932/4406/460
f 1336/4406/460 1355/4406/460 2063/4406/460
f 155/4406/460 2413/4406/460 162/4406/460
f 1341/4406/460 2043/4406/460 1348/4406/460
f 637/4406/460 1348/4406/460 636/4406/460
f 637/4406/460 2059/4406/460 647/4406/460
f 837/4406/460 806/4406/460 1627/4406/460
f 172/4406/460 1118/4406/460 217/4406/460
f 256/4406/460 235/4406/460 1184/4406/460
f 1442/4406/460 1444/4406/460 1441/4406/460
f 457/4406/460 2539/4406/460 2328/4406/460
f 278/4406/460 1190/4406/460 1203/4406/460
f 495/4406/460 497/4406/460 490/4406/460
f 2476/4406/460 2537/4406/460 2346/4406/460
f 804/4406/460 1621/4406/460 1625/4406/460
f 1627/4406/461 804/4406/461 824/4406/461
f 1040/4406/460 343/4406/460 356/4406/460
f 2179/4406/460 2195/4406/460 2219/4406/460
f 1415/4406/460 2449/4406/460 1418/4406/460
f 2191/4406/460 2219/4406/460 2195/4406/460
f 2191/4406/460 2224/4406/460 2189/4406/460
f 2332/4406/460 2476/4406/460 2333/4406/460
f 2332/4406/460 2480/4406/460 2327/4406/460
f 619/4406/460 2493/4406/460 2491/4406/460
f 875/4406/460 854/4406/460 2415/4406/460
f 654/4406/460 2430/4406/460 2438/4406/460
f 670/4406/460 2438/4406/460 673/4406/460
f 2374/4406/460 2376/4406/460 2378/4406/460
f 217/4406/460 1111/4406/460 174/4406/460
f 418/4406/460 2498/4406/460 419/4406/460
f 509/4406/462 507/4406/462 515/4406/462
f 497/4406/460 2535/4406/460 2346/4406/460
f 494/4406/460 2348/4406/460 495/4406/460
f 1948/4406/460 1952/4406/460 1946/4406/460
f 507/4406/460 2348/4406/460 516/4406/460
f 2533/4406/460 515/4406/460 516/4406/460
f 2386/4406/459 2390/4406/459 2388/4406/459
f 1850/4406/459 1855/4406/459 1860/4406/459
f 1968/4406/459 1961/4406/459 1962/4406/459
f 2393/4406/459 2385/4406/459 2392/4406/459
f 2337/4406/463 2329/4406/463 2330/4406/463
f 2068/4406/463 2082/4406/463 2086/4406/463
f 1499/4406/463 1493/4406/463 1496/4406/463
f 1367/4406/463 1385/4406/463 1361/4406/463
f 986/4406/463 1009/4406/463 978/4406/463
f 1442/4406/463 1443/4406/463 2308/4406/463
f 1437/4406/463 2308/4406/463 1443/4406/463
f 2519/4406/463 2520/4406/463 2522/4406/463
f 2302/4406/463 1437/4406/463 2307/4406/463
f 1098/4406/463 2305/4406/463 1099/4406/463
f 2305/4406/463 1092/4406/463 1095/4406/463
f 1738/4406/464 1759/4406/464 1747/4406/464
f 1150/4406/464 1167/4406/464 1145/4406/464
f 1624/4406/464 1628/4406/464 1626/4406/464
f 2524/4406/464 2529/4406/464 2531/4406/464
f 1412/4406/464 1413/4406/464 1411/4406/464
f 1331/4406/464 1329/4406/464 1332/4406/464
f 2483/4406/464 2485/4406/464 2486/4406/464
f 2378/4406/464 2382/4406/464 2383/4406/464
f 1421/4406/464 1423/4406/464 2251/4406/464
f 1806/4406/464 1828/4406/464 1837/4406/464
f 291/4406/464 304/4406/464 1048/4406/464
f 1842/4406/464 1850/4406/464 1860/4406/464
f 1639/4406/464 1638/4406/464 2405/4406/464
f 2127/4406/464 1958/4406/464 1968/4406/464
f 2138/4406/464 27/4406/464 2152/4406/464
f 2412/4406/464 2417/4406/464 2410/4406/464
f 2397/4406/464 2400/4406/464 2399/4406/464
f 1393/4406/464 1867/4406/464 1869/4406/464
f 2355/4406/464 2366/4406/464 2352/4406/464
f 15/4406/464 2155/4406/464 27/4406/464
f 311/4406/464 1039/4406/464 319/4406/464
f 319/4406/464 1054/4406/464 313/4406/464
f 1389/4406/464 1394/4406/464 1865/4406/464
f 1920/4406/464 534/4406/464 1923/4406/464
f 1393/4406/464 1865/4406/464 1395/4406/464
f 33/4406/464 1938/4406/464 35/4406/464
f 1939/4406/464 1944/4406/464 33/4406/464
f 2202/4406/464 2208/4406/464 2210/4406/464
f 1550/4406/464 1539/4406/464 1540/4406/464
f 2127/4406/464 1957/4406/464 1959/4406/464
f 1375/4406/464 1777/4406/464 761/4406/464
f 1959/4406/464 2132/4406/464 2150/4406/464
f 1938/4406/464 19/4406/464 2155/4406/464
f 2138/4406/464 2150/4406/464 2134/4406/464
f 892/4406/464 900/4406/464 906/4406/464
f 2207/4406/464 2210/4406/464 2208/4406/464
f 1417/4406/464 2244/4406/464 2260/4406/464
f 1416/4406/464 1432/4406/464 1434/4406/464
f 1649/4406/464 1634/4406/464 2405/4406/464
f 2002/4406/464 1984/4406/464 1975/4406/464
f 2033/4406/464 2031/4406/464 2030/4406/464
f 548/4406/464 1930/4406/464 534/4406/464
f 1309/4406/464 1311/4406/464 1310/4406/464
f 1911/4406/464 1902/4406/464 1914/4406/464
f 1327/4406/464 1301/4406/464 1311/4406/464
f 1638/4406/464 2407/4406/464 2409/4406/464
f 1067/4406/464 1083/4406/464 1072/4406/464
f 2210/4406/464 2497/4406/464 2212/4406/464
f 1515/4406/464 1550/4406/464 1540/4406/464
f 2161/4406/464 2167/4406/464 2159/4406/464
f 1710/4406/464 1723/4406/464 1706/4406/464
f 1293/4406/464 1302/4406/464 1327/4406/464
f 2287/4406/464 2297/4406/464 2284/4406/464
f 1383/4406/464 768/4406/464 776/4406/464
f 768/4406/464 1772/4406/464 776/4406/464
f 707/4406/464 1371/4406/464 1384/4406/464
f 721/4406/464 726/4406/464 1777/4406/464
f 776/4406/464 706/4406/464 1383/4406/464
f 761/4406/464 1380/4406/464 768/4406/464
f 558/4406/464 1930/4406/464 1933/4406/464
f 1539/4406/464 2008/4406/464 1540/4406/464
f 2369/4406/464 2372/4406/464 2371/4406/464
f 1301/4406/464 2440/4406/464 1310/4406/464
f 1314/4406/464 2443/4406/464 2464/4406/464
f 2198/4406/464 2202/4406/464 2212/4406/464
f 2205/4406/464 2501/4406/464 2499/4406/464
f 1864/4406/465 1868/4406/465 1866/4406/465
f 2394/4406/465 178/4406/465 242/4406/465
f 1477/4406/465 1486/4406/465 1488/4406/465
f 2406/4406/465 2402/4406/465 2408/4406/465
f 2167/4406/465 2163/4406/465 2166/4406/465
f 870/4406/465 869/4406/465 877/4406/465
f 1684/4406/465 1695/4406/465 2504/4406/465
f 1680/4406/465 2029/4406/465 1704/4406/465
f 2508/4406/465 2538/4406/465 2536/4406/465
f 1025/4406/465 1033/4406/465 1034/4406/465
f 2100/4406/465 2113/4406/465 2104/4406/465
f 392/4406/465 427/4406/465 408/4406/465
f 602/4406/465 1931/4406/465 692/4406/465
f 1932/4406/465 692/4406/465 693/4406/465
f 2453/4406/465 2464/4406/465 2450/4406/465
f 693/4406/465 620/4406/465 597/4406/465
f 2516/4406/465 2075/4406/465 2069/4406/465
f 2069/4406/465 2514/4406/465 2521/4406/465
f 566/4406/465 620/4406/465 567/4406/465
f 610/4406/465 2435/4406/465 2426/4406/465
f 2370/4406/465 2372/4406/465 2369/4406/465
f 883/4406/465 887/4406/465 889/4406/465
f 1392/4406/465 1404/4406/465 1390/4406/465
f 178/4406/465 260/4406/465 269/4406/465
f 845/4406/465 1988/4406/465 844/4406/465
f 1680/4406/465 2031/4406/465 2032/4406/465
f 693/4406/465 1931/4406/465 1928/4406/465
f 1852/4406/465 1849/4406/465 1947/4406/465
f 1945/4406/465 1846/4406/465 1844/4406/465
f 1031/4406/465 1033/4406/465 1029/4406/465
f 1987/4406/465 1031/4406/465 845/4406/465
f 2504/4406/465 1697/4406/465 2029/4406/465
f 1132/4406/465 2222/4406/465 1127/4406/465
f 2218/4406/465 1127/4406/465 1131/4406/465
f 1988/4406/465 846/4406/465 869/4406/465
f 1470/4406/465 2391/4406/465 2384/4406/465
f 2389/4406/465 1470/4406/465 1465/4406/465
f 1688/4406/465 2532/4406/465 870/4406/465
f 262/4406/465 200/4406/465 2394/4406/465
f 2508/4406/465 2532/4406/465 2509/4406/465
f 2396/4406/465 1106/4406/465 1133/4406/465
f 2218/4406/465 1114/4406/465 2396/4406/465
f 2398/4406/465 2220/4406/465 2215/4406/465
f 1131/4406/465 2222/4406/465 2398/4406/465
f 199/4406/465 260/4406/465 200/4406/465
f 194/4406/465 260/4406/465 199/4406/465
f 204/4406/465 163/4406/465 269/4406/465
f 194/4406/465 1114/4406/465 2213/4406/465
f 1877/4406/465 1884/4406/465 1878/4406/465
f 361/4406/465 345/4406/465 367/4406/465
f 2360/4406/465 2351/4406/465 2362/4406/465
f 442/4406/465 478/4406/465 511/4406/465
f 2467/4406/465 2471/4406/465 2469/4406/465
f 954/4406/465 1503/4406/465 952/4406/465
f 2526/4406/465 2530/4406/465 2528/4406/465
f 2225/4406/465 2233/4406/465 2234/4406/465
f 983/4406/465 1006/4406/465 1003/4406/465
f 2433/4406/465 597/4406/465 585/4406/465
f 1003/4406/465 993/4406/465 992/4406/465
f 602/4406/465 1932/4406/465 599/4406/465
f 1267/4406/465 2315/4406/465 2320/4406/465
f 1/4406/465 2340/4406/465 2323/4406/465
f 2045/4406/465 2044/4406/465 2050/4406/465
f 2085/4406/465 2304/4406/465 2311/4406/465
f 1934/4406/465 675/4406/465 602/4406/465
f 924/4406/465 1574/4406/465 1497/4406/465
f 954/4406/465 1509/4406/465 1559/4406/465
f 952/4406/465 1574/4406/465 953/4406/465
f 953/4406/465 1509/4406/465 952/4406/465
f 1560/4406/465 924/4406/465 1494/4406/465
f 962/4406/465 918/4406/465 1497/4406/465
f 675/4406/465 1921/4406/465 993/4406/465
f 2301/4406/465 2085/4406/465 2084/4406/465
f 2301/4406/465 2516/4406/465 2067/4406/465
f 2322/4406/465 1235/4406/465 1275/4406/465
f 1275/4406/465 1292/4406/465 2322/4406/465
f 566/4406/465 650/4406/465 1934/4406/465
f 597/4406/465 599/4406/465 1932/4406/465
f 593/4406/465 607/4406/465 2426/4406/465
f 826/4406/465 791/4406/465 778/4406/465
f 64/4406/465 98/4406/465 150/4406/465
f 1453/4406/466 1476/4406/466 2389/4406/466
f 1844/4406/465 1951/4406/465 1853/4406/465
f 1847/4406/465 1854/4406/465 1951/4406/465
f 1958/4406/465 1967/4406/465 1969/4406/465
f 1949/4406/465 1853/4406/465 1858/4406/465
f 1234/4406/467 1291/4406/467 1224/4406/467
f 2337/4406/467 2339/4406/467 1/4406/467
f 1989/4406/467 2005/4406/467 2168/4406/467
f 101/4406/467 138/4406/467 2157/4406/467
f 478/4406/467 498/4406/467 511/4406/467
f 2035/4406/467 2054/4406/467 2050/4406/467
f 1715/4406/467 337/4406/467 1720/4406/467
f 1294/4406/467 1304/4406/467 1299/4406/467
f 1986/4406/467 2005/4406/467 1976/4406/467
f 1900/4406/467 1908/4406/467 1913/4406/467
f 2318/4406/467 2321/4406/467 2319/4406/467
f 1517/4406/467 1549/4406/467 1511/4406/467
f 300/4406/467 893/4406/467 894/4406/467
f 1630/4406/467 1640/4406/467 1636/4406/467
f 1940/4406/467 1943/4406/467 1941/4406/467
f 1158/4406/467 1142/4406/467 1168/4406/467
f 1804/4406/467 2381/4406/467 1809/4406/467
f 2158/4406/467 2164/4406/467 2160/4406/467
f 1196/4406/467 1205/4406/467 1199/4406/467
f 37/4406/467 2139/4406/467 21/4406/467
f 2157/4406/467 137/4406/467 98/4406/467
f 286/4406/467 894/4406/467 893/4406/467
f 286/4406/467 292/4406/467 904/4406/467
f 1174/4406/467 1192/4406/467 1188/4406/467
f 20/4406/467 1484/4406/467 21/4406/467
f 20/4406/467 1481/4406/467 1196/4406/467
f 1217/4406/467 1205/4406/467 1196/4406/467
f 1209/4406/467 1491/4406/467 1485/4406/467
f 332/4406/467 367/4406/467 1709/4406/467
f 340/4406/467 1709/4406/467 337/4406/467
f 1830/4406/467 1821/4406/467 2381/4406/467
f 2139/4406/467 4/4406/467 16/4406/467
f 4/4406/467 2129/4406/467 2124/4406/467
f 100/4406/467 2151/4406/467 2154/4406/467
f 2187/4406/467 2505/4406/467 2183/4406/467
f 1979/4406/467 1976/4406/467 2511/4406/467
f 1819/4406/467 2379/4406/467 2373/4406/467
f 2503/4406/467 2182/4406/467 2196/4406/467
f 2197/4406/467 2196/4406/467 2512/4406/467
f 2511/4406/467 2183/4406/467 2196/4406/467
f 1602/4406/467 1797/4406/467 1603/4406/467
f 1572/4406/467 1566/4406/467 2300/4406/467
f 2226/4406/467 2229/4406/467 2228/4406/467
f 710/4406/467 755/4406/467 729/4406/467
f 1566/4406/467 2292/4406/467 1571/4406/467
f 1342/4406/467 1333/4406/467 1337/4406/467
f 2489/4406/467 2494/4406/467 2492/4406/467
f 1687/4406/467 1692/4406/467 1690/4406/467
f 1435/4406/467 1429/4406/467 1425/4406/467
f 2420/4406/467 2424/4406/467 2422/4406/467
f 1741/4406/467 1753/4406/467 1726/4406/467
f 2199/4406/467 2203/4406/467 2200/4406/467
f 1897/4406/467 1882/4406/467 1887/4406/467
f 1603/4406/467 1778/4406/467 1765/4406/467
f 1797/4406/467 1616/4406/467 1603/4406/467
f 1581/4406/467 1587/4406/467 1582/4406/467
f 586/4406/467 600/4406/467 606/4406/467
f 586/4406/467 2237/4406/467 1581/4406/467
f 1571/4406/467 2285/4406/467 2300/4406/467
f 577/4406/467 1569/4406/467 2292/4406/467
f 531/4406/467 600/4406/467 2475/4406/467
f 2479/4406/467 2298/4406/467 2292/4406/467
f 2285/4406/467 2288/4406/467 1585/4406/467
f 1557/4406/467 1572/4406/467 2481/4406/467
f 2475/4406/467 601/4406/467 577/4406/467
f 5/1/1 11/11/1 13/2/1
f 12/7/1 11/11/1 5/1/1
f 5/1/1 6/6/1 14/5/1
f 14/5/1 7/4/1 8/8/1
f 12/7/1 5/1/1 14/5/1
f 12/7/1 8/8/1 9/16/1
f 18/9/1 17/17/1 26/22/1
f 12/7/1 9/16/1 18/9/1
f 25/10/1 11/11/1 12/7/1
f 18/9/1 26/22/1 25/10/1
f 11/11/1 25/10/1 24/12/1
f 16/13/1 4/4407/1 3/3/1
f 21/15/1 16/13/1 13/2/1
f 13/2/1 24/12/1 22/14/1
f 9/16/1 10/19/1 17/17/1
f 10/19/1 9/16/1 8/8/1
f 8/8/1 2/4408/1 15/20/1
f 15/20/1 26/22/1 17/17/1
f 10/19/1 8/8/1 15/20/1
f 15/20/1 27/23/1 23/21/1
f 20/18/2 22/14/2 28/25/2
f 30/27/2 24/12/2 25/10/2
f 38/33/2 37/4409/2 29/26/2
f 28/25/2 22/14/2 24/12/2
f 38/33/2 29/26/2 28/25/2
f 19/24/2 33/34/2 38/33/2
f 32/29/2 23/21/2 19/24/2
f 25/10/2 26/22/2 32/29/2
f 31/28/2 25/10/2 32/29/2
f 32/29/2 19/24/2 38/33/2
f 38/33/2 28/25/2 24/12/2
f 30/27/468 31/28/468 32/29/468
f 38/33/2 24/12/2 30/27/2
f 33/34/2 35/30/2 36/32/2
f 49/35/3 48/55/3 46/36/3
f 40/38/3 36/32/3 34/31/3
f 34/31/3 41/4410/3 43/4411/3
f 34/31/3 43/4411/3 44/39/3
f 37/4409/3 38/33/3 40/38/3
f 40/38/3 34/31/3 44/39/3
f 45/41/3 42/40/3 49/35/3
f 40/38/3 44/39/3 45/41/3
f 47/4412/3 37/4409/3 40/38/3
f 46/36/3 48/55/3 47/4412/3
f 45/41/3 49/35/3 39/37/3
f 46/36/3 47/4412/3 40/38/3
f 40/38/3 45/41/3 39/37/3
f 44/39/3 43/4411/3 42/40/3
f 42/40/4 43/4411/4 51/42/4
f 58/44/4 60/62/4 6/45/4
f 62/47/4 54/56/4 56/48/4
f 52/50/4 59/58/4 58/44/4
f 62/47/4 53/57/4 48/55/4
f 49/35/469 56/48/469 54/56/469
f 54/56/4 62/47/4 48/55/4
f 52/50/4 57/51/4 63/60/4
f 63/60/4 47/4412/4 48/55/4
f 63/60/4 48/55/4 53/57/4
f 52/50/470 63/60/470 53/57/470
f 62/47/4 60/62/4 58/44/4
f 59/58/4 52/50/4 53/57/4
f 62/47/4 58/44/4 59/58/4
f 3/59/4 4/4413/4 63/60/4
f 5/46/4 3/59/4 57/51/4
f 61/54/4 60/62/4 62/47/4
f 55/49/4 56/48/4 61/54/4
f 61/54/4 56/48/4 49/35/4
f 49/35/4 42/40/4 50/43/4
f 51/42/4 43/4411/4 41/4410/4
f 61/54/4 49/35/4 50/43/4
f 51/42/4 41/4410/4 2/61/4
f 61/54/4 50/43/4 51/42/4
f 2/61/4 8/52/4 61/54/4
f 7/53/4 6/45/4 60/62/4
f 67/63/6 87/4414/6 88/64/6
f 88/64/6 84/79/6 83/78/6
f 80/4415/6 64/4416/6 65/4417/6
f 80/4415/6 65/4417/6 81/77/6
f 68/65/6 88/64/6 83/78/6
f 69/4418/6 66/76/6 68/65/6
f 80/4415/6 81/77/6 82/67/6
f 82/67/6 69/4418/6 68/65/6
f 68/65/6 83/78/6 85/66/6
f 85/66/6 80/4415/6 82/67/6
f 72/68/6 79/75/6 71/69/6
f 75/73/6 76/81/6 73/71/6
f 73/71/6 79/75/6 74/72/6
f 74/72/6 78/74/6 75/73/6
f 78/74/6 74/72/6 79/75/6
f 81/77/6 65/4417/6 66/76/6
f 66/76/6 69/4418/6 82/67/6
f 86/80/6 87/4414/6 67/63/6
f 67/63/6 70/70/6 71/69/6
f 71/69/6 79/75/6 73/71/6
f 76/81/6 75/73/6 77/4419/6
f 67/63/6 71/69/6 73/71/6
f 76/81/6 77/4419/6 86/80/6
f 86/80/6 67/63/6 73/71/6
f 84/79/7 119/97/7 111/94/7
f 84/79/7 111/94/7 96/88/7
f 94/87/7 93/109/7 85/66/7
f 84/79/7 96/88/7 92/82/7
f 92/82/7 94/87/7 85/66/7
f 88/64/7 87/4414/7 97/83/7
f 106/85/7 124/103/7 105/86/7
f 107/89/7 106/85/7 94/87/7
f 94/87/7 92/82/7 96/88/7
f 96/88/7 111/94/7 107/89/7
f 109/92/7 110/110/7 104/90/7
f 104/90/7 102/136/7 103/91/7
f 113/95/7 112/104/7 106/85/7
f 106/85/7 107/89/7 111/94/7
f 114/98/7 119/97/7 84/79/7
f 84/79/7 88/64/7 95/84/7
f 97/83/7 87/4414/7 86/80/7
f 114/98/7 84/79/7 95/84/7
f 97/83/7 86/80/7 122/99/7
f 114/98/7 95/84/7 97/83/7
f 115/111/7 118/96/7 114/98/7
f 123/100/7 116/134/7 115/111/7
f 122/99/7 121/101/7 120/102/7
f 123/100/7 115/111/7 114/98/7
f 122/99/7 120/102/7 123/100/7
f 123/100/7 114/98/7 97/83/7
f 121/101/7 116/134/7 123/100/7
f 91/108/7 110/110/7 90/4420/7
f 99/105/7 109/92/7 108/93/7
f 89/107/7 91/108/7 90/4420/7
f 99/105/7 108/93/7 100/106/7
f 89/107/7 90/4420/7 99/105/7
f 100/106/7 101/4421/7 89/107/7
f 104/90/7 110/110/7 91/108/7
f 89/107/7 101/4421/7 98/4422/7
f 89/107/7 98/4422/7 80/4415/7
f 93/109/7 94/87/7 105/86/7
f 105/86/7 102/136/7 104/90/7
f 91/108/7 89/107/7 80/4415/7
f 105/86/7 104/90/7 91/108/7
f 93/109/7 105/86/7 91/108/7
f 91/108/7 80/4415/7 85/66/7
f 99/105/7 90/4420/7 110/110/7
f 111/94/7 119/97/7 118/96/7
f 118/96/7 117/112/7 113/95/7
f 117/112/8 115/111/8 131/114/8
f 130/113/8 124/103/8 112/104/8
f 129/116/8 135/124/8 132/117/8
f 130/113/8 112/104/8 129/116/8
f 132/117/8 134/4423/8 130/113/8
f 125/118/8 127/121/8 128/119/8
f 128/119/8 127/121/8 103/91/8
f 103/91/8 102/136/8 144/122/8
f 144/122/8 140/139/8 139/123/8
f 139/123/8 126/120/8 128/119/8
f 128/119/8 103/91/8 144/122/8
f 135/124/8 129/116/8 112/104/8
f 113/95/8 117/112/8 136/115/8
f 143/127/8 136/115/8 131/114/8
f 131/114/8 115/111/8 116/134/8
f 131/114/8 116/134/8 145/135/8
f 146/132/8 143/127/8 131/114/8
f 149/142/8 147/133/8 148/126/8
f 148/126/471 146/132/471 131/114/471
f 148/126/8 131/114/8 145/135/8
f 122/99/8 149/142/8 148/126/8
f 133/125/8 121/101/8 122/99/8
f 148/126/8 145/135/8 133/125/8
f 143/127/8 142/131/8 141/128/8
f 141/128/8 144/122/8 130/113/8
f 141/128/8 130/113/8 134/4423/8
f 132/117/8 135/124/8 136/115/8
f 141/128/8 134/4423/8 132/117/8
f 132/117/8 136/115/8 143/127/8
f 138/129/8 126/120/8 139/123/8
f 126/120/8 138/129/8 100/106/8
f 100/106/8 108/93/8 127/121/8
f 125/118/8 126/120/8 100/106/8
f 142/131/8 140/139/8 144/122/8
f 116/134/8 121/101/8 133/125/8
f 102/136/8 105/86/8 130/113/8
f 64/4424/9 150/4425/9 137/130/9
f 137/130/9 139/123/9 151/137/9
f 151/137/472 152/144/472 153/141/472
f 154/140/9 143/127/9 146/132/9
f 154/140/9 146/132/9 161/153/9
f 158/155/9 70/154/9 67/4426/9
f 154/140/9 161/153/9 158/155/9
f 153/141/9 154/140/9 158/155/9
f 158/155/9 67/4426/9 159/147/9
f 156/149/9 68/148/9 66/146/9
f 153/141/9 158/155/9 159/147/9
f 159/147/9 156/149/9 66/146/9
f 157/138/9 65/145/9 64/4424/9
f 159/147/9 66/146/9 157/138/9
f 153/141/9 159/147/9 157/138/9
f 157/138/9 64/4424/9 137/130/9
f 151/137/9 153/141/9 157/138/9
f 140/139/472 152/144/472 151/137/472
f 153/141/9 152/144/9 142/131/9
f 142/131/9 143/127/9 154/140/9
f 159/147/9 67/4426/9 68/148/9
f 72/150/9 161/153/9 160/151/9
f 161/153/9 72/150/9 70/154/9
f 161/153/9 146/132/9 147/133/9
f 147/133/9 155/143/9 162/158/9
f 162/158/9 75/157/9 78/152/9
f 160/151/472 161/153/472 147/133/472
f 162/158/9 78/152/9 160/151/9
f 179/178/10 163/4427/10 164/165/10
f 179/178/10 164/165/10 180/164/10
f 182/169/10 181/176/10 179/178/10
f 188/175/10 184/171/10 183/170/10
f 183/170/10 182/169/10 179/178/10
f 183/170/10 179/178/10 180/164/10
f 187/173/10 188/175/10 183/170/10
f 186/4428/10 187/173/10 183/170/10
f 183/170/10 180/164/10 166/4429/10
f 166/4429/10 167/163/10 168/162/10
f 166/4429/10 168/162/10 165/4430/10
f 173/174/10 175/172/10 177/4431/10
f 176/166/10 174/168/10 173/174/10
f 183/170/10 166/4429/10 165/4430/10
f 176/166/10 173/174/10 177/4431/10
f 183/170/10 165/4430/10 185/159/10
f 176/166/10 177/4431/10 170/161/10
f 186/4428/10 183/170/10 185/159/10
f 169/4432/10 176/166/10 170/161/10
f 170/161/10 186/4428/10 185/159/10
f 171/160/10 169/4432/10 170/161/10
f 185/159/10 165/4430/10 168/162/10
f 168/162/10 169/4432/10 171/160/10
f 167/163/10 166/4429/10 180/164/10
f 187/173/10 186/4428/10 170/161/10
f 170/161/10 177/4431/10 175/172/10
f 187/173/10 175/172/10 173/174/10
f 196/179/11 192/185/11 198/180/11
f 178/177/11 181/176/11 195/182/11
f 190/184/11 198/180/11 192/185/11
f 189/181/11 198/180/11 184/171/11
f 184/171/11 188/175/11 197/187/11
f 197/187/11 196/179/11 189/181/11
f 193/188/11 195/182/11 182/169/11
f 182/169/11 184/171/11 198/180/11
f 190/184/11 191/186/11 194/189/11
f 182/169/11 198/180/11 190/184/11
f 194/189/11 199/4433/11 193/188/11
f 193/188/11 182/169/11 190/184/11
f 193/188/11 199/4433/11 200/183/11
f 210/200/12 204/4434/12 201/193/12
f 201/193/12 203/192/12 202/190/12
f 205/194/12 196/179/12 197/187/12
f 210/200/12 201/193/12 202/190/12
f 202/190/12 205/194/12 197/187/12
f 197/187/12 207/211/12 206/195/12
f 209/191/12 208/196/12 210/200/12
f 197/187/12 206/195/12 209/191/12
f 209/191/12 210/200/12 202/190/12
f 201/193/12 204/4434/12 194/189/12
f 194/189/12 191/186/12 203/192/12
f 202/190/12 203/192/12 192/185/12
f 192/185/12 196/179/12 205/194/12
f 218/197/13 167/4435/13 164/198/13
f 211/199/13 164/198/13 163/4436/13
f 210/200/13 208/196/13 212/201/13
f 212/201/13 168/202/13 167/4435/13
f 212/201/13 167/4435/13 218/197/13
f 211/199/13 163/4436/13 210/200/13
f 212/201/13 218/197/13 211/199/13
f 219/203/13 169/4437/13 168/202/13
f 168/202/13 212/201/13 208/196/13
f 208/196/13 206/195/13 219/203/13
f 223/206/13 220/4438/13 213/204/13
f 213/204/13 216/212/13 221/205/13
f 221/205/13 214/209/13 222/207/13
f 217/210/13 172/4439/13 176/208/13
f 176/208/13 224/4440/13 222/207/13
f 214/209/13 215/4441/13 217/210/13
f 176/208/13 222/207/13 214/209/13
f 223/206/13 222/207/13 224/4440/13
f 224/4440/13 176/208/13 169/4437/13
f 220/4438/13 223/206/13 224/4440/13
f 220/4438/13 224/4440/13 169/4437/13
f 220/4438/13 169/4437/13 219/203/13
f 213/204/13 220/4438/13 219/203/13
f 207/211/13 217/210/13 215/4441/13
f 215/4441/13 214/209/13 221/205/13
f 215/4441/13 221/205/13 216/212/13
f 213/204/13 219/203/13 206/195/13
f 207/211/13 215/4441/13 216/212/13
f 216/212/13 213/204/13 206/195/13
f 234/218/14 230/4442/14 228/4443/14
f 228/4443/14 226/214/14 225/213/14
f 225/213/14 227/215/14 229/4444/14
f 229/4444/14 235/4445/14 236/220/14
f 237/219/14 233/221/14 231/217/14
f 229/4444/14 236/220/14 237/219/14
f 234/218/14 228/4443/14 225/213/14
f 225/213/14 229/4444/14 237/219/14
f 237/219/14 231/217/14 232/216/14
f 232/216/14 234/218/14 225/213/14
f 241/224/15 240/4446/15 239/223/15
f 239/223/15 233/221/15 236/220/15
f 245/225/15 244/238/15 246/226/15
f 248/230/15 238/232/15 251/228/15
f 251/228/15 250/4447/15 249/229/15
f 248/230/15 249/229/15 244/238/15
f 248/230/15 244/238/15 245/225/15
f 238/232/15 248/230/15 245/225/15
f 247/227/15 246/226/15 242/231/15
f 238/232/15 245/225/15 247/227/15
f 252/234/15 250/4447/15 251/228/15
f 238/232/15 247/227/15 242/231/15
f 253/235/15 252/234/15 251/228/15
f 253/235/15 251/228/15 238/232/15
f 256/4448/15 255/236/15 254/233/15
f 256/4448/15 254/233/15 253/235/15
f 236/220/15 235/4445/15 256/4448/15
f 241/224/15 236/220/15 256/4448/15
f 240/4446/15 241/224/15 256/4448/15
f 231/217/15 233/221/15 239/223/15
f 240/4446/15 256/4448/15 253/235/15
f 231/217/15 239/223/15 240/4446/15
f 230/4442/15 234/218/15 243/222/15
f 231/217/15 240/4446/15 253/235/15
f 231/217/15 253/235/15 238/232/15
f 242/231/15 230/4442/15 243/222/15
f 243/222/15 231/217/15 238/232/15
f 254/233/15 255/236/15 252/234/15
f 255/236/17 259/4449/17 268/237/17
f 244/238/17 266/245/17 263/239/17
f 265/241/17 257/246/17 249/229/17
f 249/229/17 250/4447/17 258/240/17
f 261/244/17 264/257/17 193/242/17
f 193/242/17 199/247/17 262/243/17
f 261/244/17 262/243/17 242/231/17
f 242/231/17 246/226/17 263/239/17
f 261/244/17 242/231/17 263/239/17
f 259/4449/17 255/236/17 256/4448/17
f 250/4447/17 252/234/17 268/237/17
f 268/237/17 259/4449/17 256/4448/17
f 264/257/17 261/244/17 263/239/17
f 264/257/17 263/239/17 266/245/17
f 268/237/17 256/4448/17 267/4450/17
f 258/240/17 250/4447/17 268/237/17
f 265/241/17 258/240/17 268/237/17
f 268/237/17 267/4450/17 264/257/17
f 265/241/17 268/237/17 264/257/17
f 244/238/17 249/229/17 257/246/17
f 265/241/17 264/257/17 266/245/17
f 266/245/17 244/238/17 257/246/17
f 199/247/17 193/242/17 270/248/17
f 270/248/18 195/259/18 181/251/18
f 181/251/18 179/4451/18 269/250/18
f 276/252/18 277/4452/18 273/253/18
f 282/256/18 276/252/18 275/254/18
f 275/254/18 274/4453/18 278/255/18
f 195/259/18 193/242/18 264/257/18
f 264/257/18 227/4454/18 226/258/18
f 226/258/18 279/263/18 195/259/18
f 276/252/18 282/256/18 229/4455/18
f 229/4455/18 227/4454/18 264/257/18
f 267/4450/18 278/255/18 274/4453/18
f 274/4453/18 275/254/18 273/253/18
f 274/4453/18 273/253/18 272/4456/18
f 264/257/18 267/4450/18 274/4453/18
f 277/4452/18 276/252/18 229/4455/18
f 281/262/18 277/4452/18 229/4455/18
f 274/4453/18 272/4456/18 271/260/18
f 280/261/18 281/262/18 229/4455/18
f 264/257/18 274/4453/18 271/260/18
f 280/261/18 229/4455/18 264/257/18
f 281/262/18 280/261/18 271/260/18
f 271/260/18 272/4456/18 273/253/18
f 273/253/464 277/4452/464 281/262/464
f 181/251/18 195/259/18 279/263/18
f 279/263/18 226/258/18 228/264/18
f 228/264/18 179/4451/18 181/251/18
f 295/265/19 293/4457/19 284/266/19
f 285/272/19 287/274/19 283/4458/19
f 283/4458/19 286/270/19 290/269/19
f 290/269/19 292/268/19 297/275/19
f 297/275/19 294/267/19 284/266/19
f 293/4457/19 295/265/19 296/4459/19
f 290/269/19 297/275/19 284/266/19
f 284/266/19 293/4457/19 296/4459/19
f 296/4459/19 291/4460/19 289/271/19
f 289/271/19 288/273/19 285/272/19
f 285/272/19 283/4458/19 290/269/19
f 284/266/19 296/4459/19 289/271/19
f 285/272/19 290/269/19 284/266/19
f 296/4459/20 295/265/20 298/279/20
f 299/278/20 294/267/20 297/275/20
f 304/277/20 296/4459/20 298/279/20
f 298/279/20 299/278/20 297/275/20
f 300/291/21 301/280/21 302/276/21
f 302/276/20 303/281/20 304/277/20
f 304/277/20 298/279/20 297/275/20
f 297/275/20 300/291/20 302/276/20
f 295/265/20 294/267/20 299/278/20
f 306/283/22 303/281/22 301/280/22
f 301/280/22 305/290/22 314/282/22
f 312/289/22 313/288/22 304/277/22
f 304/277/22 303/281/22 306/283/22
f 304/277/22 306/283/22 314/282/22
f 308/284/22 312/289/22 304/277/22
f 307/4461/473 309/286/473 310/285/473
f 310/285/22 308/284/22 304/277/22
f 310/285/22 304/277/22 314/282/22
f 300/291/22 307/4461/22 310/285/22
f 305/290/22 301/280/22 300/291/22
f 310/285/22 314/282/22 305/290/22
f 316/294/474 309/286/474 307/4461/474
f 307/4461/24 283/4462/24 287/295/24
f 317/292/24 288/296/24 289/4463/24
f 307/4461/24 287/295/24 317/292/24
f 312/289/475 308/284/475 316/294/475
f 316/294/24 307/4461/24 317/292/24
f 317/292/24 289/4463/24 318/4464/24
f 318/4464/24 319/297/24 320/293/24
f 315/4465/24 312/289/24 316/294/24
f 317/292/24 318/4464/24 320/293/24
f 320/293/24 315/4465/24 316/294/24
f 319/297/24 311/287/24 312/289/24
f 312/289/24 315/4465/24 320/293/24
f 325/300/26 324/4466/26 328/301/26
f 334/302/26 335/307/26 336/303/26
f 331/304/26 330/4467/26 326/299/26
f 326/299/26 327/298/26 329/308/26
f 331/304/26 326/299/26 329/308/26
f 334/302/26 331/304/26 329/308/26
f 334/302/26 329/308/26 333/305/26
f 323/4468/26 321/4469/26 332/306/26
f 322/4470/26 323/4468/26 332/306/26
f 335/307/26 334/302/26 333/305/26
f 333/305/26 322/4470/26 332/306/26
f 328/301/26 324/4466/26 323/4468/26
f 323/4468/26 322/4470/26 333/305/26
f 329/308/26 327/298/26 328/301/26
f 328/301/26 323/4468/26 333/305/26
f 339/322/28 341/4471/28 350/312/28
f 350/312/28 351/316/28 354/313/28
f 353/314/28 339/322/28 350/312/28
f 341/4471/28 339/322/28 342/324/28
f 335/307/28 332/306/28 340/320/28
f 340/320/28 347/321/28 348/310/28
f 340/320/28 348/310/28 338/309/28
f 341/4471/28 342/324/28 335/307/28
f 350/312/28 341/4471/28 335/307/28
f 335/307/28 340/320/28 338/309/28
f 356/315/28 343/325/28 355/4472/28
f 355/4472/28 352/323/28 353/314/28
f 355/4472/28 353/314/28 354/313/28
f 350/312/28 335/307/28 338/309/28
f 355/4472/28 354/313/28 351/316/28
f 351/316/28 350/312/28 338/309/28
f 356/315/28 355/4472/28 351/316/28
f 351/316/28 338/309/28 349/311/28
f 337/317/28 345/4473/28 344/318/28
f 340/320/28 337/317/28 346/319/28
f 339/322/28 353/314/28 352/323/28
f 352/323/28 355/4472/28 343/325/28
f 343/325/28 336/303/28 335/307/28
f 335/307/476 342/324/476 352/323/476
f 364/327/29 365/326/29 366/345/29
f 356/315/29 349/311/29 360/332/29
f 356/315/29 360/332/29 363/329/29
f 364/327/29 366/345/29 356/315/29
f 361/331/29 362/328/29 364/327/29
f 346/319/29 344/318/29 361/331/29
f 357/333/29 346/319/29 361/331/29
f 364/327/29 356/315/29 363/329/29
f 359/4474/29 348/310/29 347/321/29
f 361/331/29 364/327/29 363/329/29
f 363/329/29 359/4474/29 347/321/29
f 358/330/29 357/333/29 361/331/29
f 363/329/29 347/321/29 358/330/29
f 360/332/29 349/311/29 348/310/29
f 348/310/29 359/4474/29 363/329/29
f 347/321/29 346/319/29 357/333/29
f 323/334/30 324/348/30 376/335/30
f 371/339/30 370/341/30 362/328/30
f 362/328/30 361/331/30 367/4475/30
f 367/4475/30 321/4476/30 323/334/30
f 368/336/30 376/335/30 375/347/30
f 367/4475/30 323/334/30 368/336/30
f 369/343/30 371/339/30 362/328/30
f 369/343/30 362/328/30 367/4475/30
f 368/336/30 375/347/30 326/346/30
f 369/343/30 367/4475/30 368/336/30
f 378/4477/30 369/343/30 368/336/30
f 368/336/30 326/346/30 330/337/30
f 330/337/30 379/4478/30 374/340/30
f 374/340/30 373/342/30 377/338/30
f 377/338/30 378/4477/30 368/336/30
f 330/337/30 374/340/30 377/338/30
f 371/339/30 373/342/30 374/340/30
f 373/342/30 371/339/30 369/343/30
f 369/343/30 378/4477/30 377/338/30
f 372/344/30 365/326/30 362/328/30
f 362/328/30 370/341/30 374/340/30
f 374/340/30 379/4478/30 372/344/30
f 376/335/30 325/349/30 326/346/30
f 390/350/31 387/4479/31 389/351/31
f 399/4480/31 390/350/31 388/352/31
f 388/352/31 389/351/31 384/364/31
f 388/352/31 384/364/31 398/353/31
f 400/355/31 399/4480/31 388/352/31
f 386/4481/31 385/363/31 391/354/31
f 400/355/31 388/352/31 398/353/31
f 398/353/31 386/4481/31 391/354/31
f 396/365/31 380/366/31 381/357/31
f 397/356/31 382/358/31 383/359/31
f 396/365/31 381/357/31 397/356/31
f 392/4482/31 394/361/31 393/360/31
f 395/362/31 396/365/31 397/356/31
f 383/359/31 392/4482/31 393/360/31
f 393/360/31 395/362/31 397/356/31
f 385/363/31 386/4481/31 398/353/31
f 396/365/31 400/355/31 391/354/31
f 394/361/32 407/4483/32 406/369/32
f 401/368/32 405/370/32 395/362/32
f 394/361/32 406/369/32 401/368/32
f 410/372/32 409/4484/32 403/371/32
f 403/371/32 405/370/32 406/369/32
f 416/373/32 404/4485/32 420/374/32
f 414/378/32 420/374/32 413/376/32
f 413/376/32 412/379/32 411/377/32
f 413/376/32 420/374/32 404/4485/32
f 404/4485/32 416/373/32 415/382/32
f 415/382/32 419/381/32 399/4480/32
f 399/4480/32 400/355/32 402/367/32
f 395/362/32 405/370/32 403/371/32
f 396/365/477 395/362/477 403/371/477
f 402/367/32 396/365/32 403/371/32
f 402/367/32 403/371/32 409/4484/32
f 404/4485/32 415/382/32 399/4480/32
f 412/379/32 413/376/32 404/4485/32
f 394/361/32 392/4482/32 408/4486/32
f 410/372/32 406/369/32 407/4483/32
f 407/4483/32 394/361/32 408/4486/32
f 404/4485/32 399/4480/32 402/367/32
f 404/4485/32 402/367/32 409/4484/32
f 412/379/32 404/4485/32 409/4484/32
f 410/372/32 407/4483/32 408/4486/32
f 412/379/32 409/4484/32 410/372/32
f 410/372/32 408/4486/32 411/377/32
f 424/385/33 414/378/33 411/377/33
f 426/383/33 425/391/33 422/384/33
f 424/385/33 411/377/33 426/383/33
f 421/386/33 423/4487/33 418/380/33
f 411/377/33 408/4486/33 427/387/33
f 424/385/33 422/384/33 417/375/33
f 431/388/33 429/404/33 430/389/33
f 430/389/33 423/4487/33 421/386/33
f 421/386/33 415/382/33 416/373/33
f 416/373/33 422/384/33 425/391/33
f 425/391/33 431/388/33 428/390/33
f 428/390/33 430/389/33 421/386/33
f 421/386/33 416/373/33 425/391/33
f 439/392/34 425/391/34 426/383/34
f 389/403/34 431/388/34 425/391/34
f 389/403/34 425/391/34 439/392/34
f 437/395/34 384/4488/34 389/403/34
f 391/398/34 385/401/34 438/402/34
f 437/395/34 389/403/34 439/392/34
f 391/398/34 438/402/34 437/395/34
f 381/396/34 380/400/34 436/399/34
f 436/399/34 391/398/34 437/395/34
f 437/395/34 439/392/34 433/393/34
f 433/393/34 426/383/34 427/387/34
f 383/4489/34 382/4490/34 435/397/34
f 383/4489/34 435/397/34 432/394/34
f 437/395/34 433/393/34 427/387/34
f 381/396/34 436/399/34 437/395/34
f 434/4491/34 381/396/34 437/395/34
f 427/387/34 383/4489/34 432/394/34
f 432/394/34 434/4491/34 437/395/34
f 435/397/34 382/4490/34 381/396/34
f 381/396/34 434/4491/34 432/394/34
f 385/401/34 384/4488/34 437/395/34
f 389/403/34 387/4492/34 429/404/34
f 460/420/35 440/419/35 448/405/35
f 448/405/35 449/415/35 441/406/35
f 441/406/35 458/417/35 463/4493/35
f 463/4493/35 462/427/35 461/407/35
f 461/407/35 460/420/35 448/405/35
f 441/406/35 463/4493/35 461/407/35
f 455/411/35 454/4494/35 456/412/35
f 465/4495/35 443/423/35 444/421/35
f 465/4495/35 444/421/35 464/416/35
f 463/4493/35 458/417/35 465/4495/35
f 454/4494/35 457/4496/35 466/4497/35
f 456/412/35 454/4494/35 466/4497/35
f 463/4493/35 465/4495/35 464/416/35
f 446/422/35 445/4498/35 453/409/35
f 462/427/35 463/4493/35 464/416/35
f 464/416/35 446/422/35 453/409/35
f 452/408/35 451/410/35 455/411/35
f 464/416/35 453/409/35 452/408/35
f 466/4497/35 462/427/35 464/416/35
f 456/412/35 466/4497/35 464/416/35
f 464/416/35 452/408/35 455/411/35
f 450/413/35 456/412/35 464/416/35
f 460/420/35 461/407/35 459/418/35
f 459/418/35 442/4499/35 440/419/35
f 444/421/35 445/4498/35 446/422/35
f 443/423/35 465/4495/35 458/417/35
f 458/417/35 449/415/35 447/414/35
f 470/424/36 474/4500/36 473/425/36
f 469/429/36 468/433/36 467/4501/36
f 467/4501/36 461/407/36 462/427/36
f 462/427/36 476/4502/36 471/428/36
f 469/429/478 467/4501/478 462/427/478
f 486/431/36 483/4503/36 473/425/36
f 473/425/479 474/4500/479 475/430/479
f 475/430/36 477/442/36 486/431/36
f 482/434/36 471/428/36 470/424/36
f 470/424/480 472/426/480 481/432/480
f 481/432/36 479/4504/36 468/433/36
f 482/434/36 470/424/36 481/432/36
f 468/433/36 469/429/36 471/428/36
f 492/438/36 491/444/36 489/439/36
f 493/441/36 492/438/36 487/440/36
f 487/440/36 489/439/36 488/435/36
f 484/437/36 485/436/36 480/4505/36
f 487/440/36 488/435/36 484/437/36
f 466/4497/36 494/4506/36 493/441/36
f 493/441/36 487/440/36 484/437/36
f 484/437/36 480/4505/36 478/4507/36
f 478/4507/36 459/418/36 461/407/36
f 467/4501/36 468/433/36 479/4504/36
f 478/4507/36 461/407/36 467/4501/36
f 493/441/36 484/437/36 478/4507/36
f 470/424/36 471/428/36 476/4502/36
f 475/430/36 474/4500/36 470/424/36
f 475/430/36 470/424/36 476/4502/36
f 478/4507/36 467/4501/36 479/4504/36
f 481/432/36 472/426/36 473/425/36
f 478/4507/36 479/4504/36 481/432/36
f 475/430/36 476/4502/36 462/427/36
f 475/430/481 462/427/481 466/4497/481
f 493/441/36 478/4507/36 481/432/36
f 481/432/36 473/425/36 483/4503/36
f 481/432/36 483/4503/36 486/431/36
f 475/430/36 466/4497/36 493/441/36
f 477/442/36 475/430/36 493/441/36
f 493/441/36 481/432/36 486/431/36
f 492/438/36 495/445/36 490/443/36
f 493/441/36 494/4506/36 495/445/36
f 498/447/37 480/4505/37 485/436/37
f 499/446/37 501/457/37 498/447/37
f 500/451/37 503/4508/37 505/449/37
f 505/449/37 504/455/37 502/450/37
f 508/453/37 489/439/37 491/444/37
f 491/444/37 497/448/37 507/452/37
f 507/452/482 506/458/482 508/453/482
f 510/454/37 505/449/37 496/456/37
f 496/456/37 488/435/37 489/439/37
f 489/439/37 508/453/37 510/454/37
f 496/456/37 505/449/37 503/4508/37
f 500/451/37 502/450/37 501/457/37
f 496/456/37 503/4508/37 500/451/37
f 485/436/37 488/435/37 496/456/37
f 501/457/37 499/446/37 485/436/37
f 485/436/37 496/456/37 500/451/37
f 504/455/38 523/479/38 524/460/38
f 454/464/38 528/485/38 525/465/38
f 525/465/38 516/4509/38 457/463/38
f 518/483/38 447/482/38 448/468/38
f 517/467/38 440/466/38 442/4510/38
f 518/483/38 448/468/38 517/467/38
f 512/472/38 520/474/38 521/481/38
f 518/483/38 517/467/38 442/4510/38
f 512/472/38 521/481/38 518/483/38
f 527/476/38 519/473/38 514/471/38
f 512/472/38 518/483/38 442/4510/38
f 522/470/38 527/476/38 514/471/38
f 512/472/38 442/4510/38 511/4511/38
f 514/471/38 512/472/38 511/4511/38
f 511/4511/38 498/447/38 501/457/38
f 513/469/38 453/4512/38 445/4513/38
f 511/4511/38 501/457/38 513/469/38
f 514/471/38 511/4511/38 513/469/38
f 513/469/38 445/4513/38 522/470/38
f 512/472/38 514/471/38 519/473/38
f 522/470/38 445/4513/38 444/475/38
f 502/450/38 524/460/38 451/477/38
f 451/477/38 453/4512/38 513/469/38
f 513/469/38 501/457/38 502/450/38
f 443/478/38 521/481/38 520/474/38
f 520/474/38 519/473/38 527/476/38
f 527/476/38 444/475/38 443/478/38
f 526/480/38 528/485/38 454/464/38
f 454/464/38 455/484/38 524/460/38
f 523/479/38 504/455/38 510/454/38
f 454/464/38 524/460/38 523/479/38
f 510/454/38 529/462/38 526/480/38
f 526/480/38 454/464/38 523/479/38
f 521/481/38 443/478/38 447/482/38
f 528/485/38 529/462/38 508/453/38
f 508/453/483 506/458/483 515/461/483
f 515/461/38 516/4509/38 525/465/38
f 525/465/38 528/485/38 508/453/38
f 547/486/39 548/4514/39 534/487/39
f 538/492/39 536/4515/39 537/493/39
f 540/502/484 552/490/484 530/489/484
f 530/489/39 551/491/39 545/501/39
f 545/501/39 544/500/39 546/4516/39
f 546/4516/39 548/4514/39 547/486/39
f 533/488/39 534/487/39 532/4517/39
f 545/501/484 546/4516/484 547/486/484
f 533/488/39 532/4517/39 531/495/39
f 545/501/39 547/486/39 533/488/39
f 530/489/39 545/501/39 533/488/39
f 531/495/39 535/4518/39 537/493/39
f 531/495/484 537/493/484 536/4515/484
f 530/489/39 533/488/39 531/495/39
f 549/496/39 550/498/39 540/502/39
f 540/502/39 530/489/39 531/495/39
f 531/495/39 536/4515/39 538/492/39
f 538/492/39 539/494/39 549/496/39
f 549/496/39 540/502/39 531/495/39
f 545/501/39 551/491/39 541/499/39
f 541/499/39 543/503/39 544/500/39
f 550/498/39 542/497/39 543/503/39
f 543/503/39 541/499/39 551/491/39
f 551/491/39 552/490/39 550/498/39
f 555/504/40 543/503/40 542/497/40
f 555/504/40 557/505/40 571/537/40
f 571/537/40 568/4519/40 569/506/40
f 569/506/40 544/500/40 543/503/40
f 555/504/40 571/537/40 569/506/40
f 549/496/40 556/512/40 557/505/40
f 563/507/40 564/517/40 562/508/40
f 572/511/40 570/513/40 539/494/40
f 539/494/40 537/493/40 574/510/40
f 572/511/40 571/537/40 557/505/40
f 556/512/40 549/496/40 539/494/40
f 572/511/40 557/505/40 556/512/40
f 556/512/40 539/494/40 570/513/40
f 537/493/40 535/4518/40 573/514/40
f 553/515/40 560/520/40 559/4520/40
f 554/516/40 561/519/40 562/508/40
f 553/515/40 559/4520/40 554/516/40
f 565/518/40 560/520/40 553/515/40
f 553/515/40 562/508/40 564/517/40
f 559/4520/40 560/520/40 567/522/40
f 567/522/40 558/4521/40 546/4516/40
f 569/506/40 568/4519/40 563/507/40
f 575/509/40 562/508/40 561/519/40
f 569/506/485 563/507/485 575/509/485
f 559/4520/40 567/522/40 546/4516/40
f 554/516/40 559/4520/40 546/4516/40
f 544/500/40 569/506/40 575/509/40
f 544/500/40 575/509/40 561/519/40
f 554/516/40 546/4516/40 544/500/40
f 560/520/40 565/518/40 566/521/40
f 601/524/41 589/529/41 576/523/41
f 576/523/42 572/511/42 574/510/42
f 574/510/41 577/530/41 601/524/41
f 600/525/41 586/552/41 588/526/41
f 588/526/41 595/547/41 592/546/41
f 592/546/41 596/545/41 593/4522/41
f 593/4522/41 598/541/41 594/4523/41
f 594/4523/41 583/540/41 579/534/41
f 579/534/42 563/507/42 568/4519/42
f 579/534/41 568/4519/41 578/539/41
f 593/4522/41 594/4523/41 579/534/41
f 592/546/41 593/4522/41 579/534/41
f 579/534/41 578/539/41 591/538/41
f 592/546/41 579/534/41 591/538/41
f 601/524/41 600/525/41 587/527/41
f 589/529/41 601/524/41 587/527/41
f 588/526/41 592/546/41 591/538/41
f 589/529/42 587/527/42 588/526/42
f 571/537/41 572/511/41 576/523/41
f 589/529/41 588/526/41 591/538/41
f 590/528/41 571/537/41 576/523/41
f 589/529/41 591/538/41 590/528/41
f 582/535/41 584/544/41 564/517/41
f 564/517/41 563/507/41 579/534/41
f 579/534/41 583/540/41 582/535/41
f 578/539/41 568/4519/41 571/537/41
f 571/537/41 590/528/41 591/538/41
f 583/540/41 594/4523/41 598/541/41
f 581/543/42 580/531/42 597/533/42
f 597/533/41 585/536/41 565/518/41
f 565/518/41 564/517/41 584/544/41
f 581/543/41 597/533/41 565/518/41
f 599/532/41 580/531/41 584/544/41
f 584/544/41 582/535/41 583/540/41
f 583/540/41 602/542/41 599/532/41
f 608/549/43 603/4524/43 596/545/43
f 596/545/43 595/547/43 604/548/43
f 605/550/43 606/4525/43 531/551/43
f 531/551/43 532/4526/43 607/4527/43
f 607/4527/43 593/4522/43 596/545/43
f 607/4527/43 596/545/43 603/4524/43
f 595/547/43 588/526/43 605/550/43
f 604/548/43 595/547/43 605/550/43
f 607/4527/43 603/4524/43 608/549/43
f 608/549/43 604/548/43 605/550/43
f 531/551/43 607/4527/43 608/549/43
f 586/552/43 606/4525/43 605/550/43
f 612/555/44 553/563/44 560/559/44
f 560/559/44 620/562/44 610/560/44
f 610/560/44 609/554/44 611/553/44
f 611/553/44 612/555/44 560/559/44
f 553/563/44 613/4528/44 621/564/44
f 623/567/44 617/578/44 627/565/44
f 627/565/44 625/580/44 624/566/44
f 626/570/44 618/577/44 629/568/44
f 629/568/44 630/595/44 628/569/44
f 636/574/44 637/4529/44 633/573/44
f 632/572/45 631/571/45 635/575/45
f 636/574/44 633/573/44 632/572/44
f 635/575/45 634/4530/45 636/574/45
f 622/4531/44 567/561/44 560/559/44
f 621/564/44 613/4528/44 616/558/44
f 622/4531/44 560/559/44 621/564/44
f 623/567/44 624/566/44 622/4531/44
f 623/567/486 622/4531/486 621/564/486
f 621/564/44 616/558/44 614/557/44
f 614/557/44 615/556/44 619/576/44
f 619/576/44 636/574/44 634/4530/44
f 634/4530/45 635/575/45 630/595/45
f 634/4530/44 630/595/44 629/568/44
f 621/564/44 614/557/44 619/576/44
f 617/578/45 623/567/45 621/564/45
f 628/569/44 625/580/44 627/565/44
f 617/578/44 621/564/44 619/576/44
f 628/569/44 627/565/44 617/578/44
f 626/570/44 628/569/44 617/578/44
f 619/576/44 634/4530/44 629/568/44
f 618/577/44 626/570/44 617/578/44
f 619/576/44 629/568/44 618/577/44
f 650/4532/46 622/4531/46 624/566/46
f 638/579/46 625/580/46 628/569/46
f 650/4532/46 624/566/46 638/579/46
f 648/582/46 649/598/46 650/4532/46
f 628/569/46 640/594/46 639/581/46
f 648/582/46 650/4532/46 638/579/46
f 638/579/46 628/569/46 639/581/46
f 641/583/46 630/595/46 635/575/46
f 643/584/46 644/589/46 657/585/46
f 641/583/487 635/575/487 643/584/487
f 657/585/46 642/591/46 641/583/46
f 633/573/46 637/4529/46 647/586/46
f 631/571/46 644/589/46 643/584/46
f 644/589/46 631/571/46 633/573/46
f 633/573/46 646/587/46 645/588/46
f 657/585/46 644/589/46 645/588/46
f 645/588/46 646/587/46 658/590/46
f 642/591/46 657/585/46 651/592/46
f 641/583/46 642/591/46 640/594/46
f 640/594/46 628/569/46 630/595/46
f 640/594/46 642/591/46 652/593/46
f 655/597/46 656/600/46 651/592/46
f 651/592/46 657/585/46 658/590/46
f 647/586/46 659/599/46 658/590/46
f 648/582/46 639/581/46 640/594/46
f 640/594/46 653/596/46 649/598/46
f 655/597/46 658/590/46 659/599/46
f 659/599/46 654/4533/46 656/600/46
f 652/593/48 666/607/48 661/601/48
f 661/601/48 667/4534/48 660/602/48
f 660/602/48 653/596/48 652/593/48
f 669/4535/48 656/600/48 654/4533/48
f 654/4533/47 670/614/47 672/609/47
f 668/603/48 671/610/48 662/4536/48
f 654/4533/47 672/609/47 668/603/47
f 664/605/488 669/4535/488 654/4533/488
f 652/593/48 651/592/48 664/605/48
f 663/604/47 666/607/47 652/593/47
f 668/603/47 662/4536/47 663/604/47
f 664/605/48 654/4533/48 668/603/48
f 663/604/47 652/593/47 664/605/47
f 656/600/48 669/4535/48 664/605/48
f 665/606/47 667/4534/47 661/601/47
f 660/602/47 667/4534/47 678/608/47
f 678/608/47 679/4537/47 649/598/47
f 649/598/48 653/596/48 660/602/48
f 671/610/489 672/609/489 673/611/489
f 673/611/47 683/626/47 684/612/47
f 682/613/48 671/610/48 673/611/48
f 674/618/48 675/629/48 681/619/48
f 678/608/48 662/4536/48 680/621/48
f 676/620/48 681/619/48 650/4532/48
f 650/4532/47 649/598/47 679/4537/47
f 679/4537/47 678/608/47 677/622/47
f 680/621/48 662/4536/48 671/610/48
f 679/4537/48 677/622/48 680/621/48
f 676/620/48 650/4532/48 679/4537/48
f 579/616/47 674/618/47 676/620/47
f 684/612/48 575/615/48 563/617/48
f 563/617/48 579/616/48 676/620/48
f 676/620/48 679/4537/48 680/621/48
f 680/621/48 671/610/48 682/613/48
f 684/612/47 563/617/47 676/620/47
f 680/621/48 682/613/48 684/612/48
f 678/608/48 667/4534/48 665/606/48
f 665/606/47 666/607/47 663/604/47
f 663/604/48 662/4536/48 678/608/48
f 691/625/50 562/631/50 553/623/50
f 553/623/50 612/637/50 686/624/50
f 683/626/50 690/4538/50 689/627/50
f 675/629/50 674/618/50 583/628/50
f 562/631/50 691/625/50 583/628/50
f 583/628/50 579/616/50 575/615/50
f 687/633/50 613/4539/50 553/623/50
f 553/623/50 562/631/50 685/632/50
f 693/638/50 692/641/50 691/625/50
f 691/625/50 686/624/50 612/637/50
f 612/637/50 609/639/50 693/638/50
f 690/4538/50 619/4540/50 615/635/50
f 690/4538/50 615/635/50 688/634/50
f 575/615/50 684/612/50 689/627/50
f 689/627/50 690/4538/50 688/634/50
f 616/636/50 613/4539/50 687/633/50
f 685/632/50 562/631/50 575/615/50
f 616/636/50 687/633/50 685/632/50
f 575/615/50 689/627/50 688/634/50
f 688/634/50 616/636/50 685/632/50
f 602/630/50 583/628/50 691/625/50
f 699/657/51 698/4541/51 702/642/51
f 712/643/51 714/4542/51 713/644/51
f 713/644/51 699/657/51 702/642/51
f 720/647/51 700/651/51 701/650/51
f 701/650/51 699/657/51 709/645/51
f 709/645/51 714/4542/51 711/646/51
f 711/646/51 715/672/51 720/647/51
f 720/647/51 701/650/51 709/645/51
f 704/648/51 695/4543/51 703/649/51
f 711/646/51 714/4542/51 712/643/51
f 710/4544/51 711/646/51 712/643/51
f 698/4541/51 699/657/51 701/650/51
f 710/4544/51 712/643/51 702/642/51
f 702/642/51 698/4541/51 701/650/51
f 702/642/51 701/650/51 704/648/51
f 703/649/51 710/4544/51 702/642/51
f 697/653/51 708/662/51 706/654/51
f 696/652/51 700/651/51 705/4545/51
f 694/656/51 695/4543/51 704/648/51
f 704/648/51 701/650/51 696/652/51
f 696/652/51 705/4545/51 694/656/51
f 713/644/51 714/4542/51 709/645/51
f 716/658/51 718/661/51 719/659/51
f 720/647/51 715/672/51 716/658/51
f 720/647/490 716/658/490 717/660/490
f 705/4545/51 700/651/51 720/647/51
f 697/653/51 694/656/51 705/4545/51
f 721/674/51 706/654/51 708/662/51
f 708/662/51 697/653/51 705/4545/51
f 720/647/51 717/660/51 719/659/51
f 708/662/51 705/4545/51 720/647/51
f 718/661/51 721/674/51 708/662/51
f 708/662/51 720/647/51 719/659/51
f 722/663/52 725/671/52 734/664/52
f 723/667/52 724/666/52 716/658/52
f 728/669/52 711/646/52 710/4544/52
f 710/4544/52 729/697/52 732/670/52
f 732/670/52 730/668/52 723/667/52
f 723/667/52 716/658/52 715/672/52
f 728/669/52 710/4544/52 732/670/52
f 723/667/52 715/672/52 728/669/52
f 725/671/52 718/661/52 716/658/52
f 731/673/52 734/664/52 725/671/52
f 725/671/52 724/666/52 730/668/52
f 733/678/52 726/676/52 721/674/52
f 718/661/52 725/671/52 722/663/52
f 727/665/52 734/664/52 733/678/52
f 721/674/52 718/661/52 722/663/52
f 727/665/52 733/678/52 721/674/52
f 732/670/52 733/678/52 734/664/52
f 731/673/52 730/668/52 732/670/52
f 736/677/54 741/680/54 759/4546/54
f 754/675/54 748/707/54 750/706/54
f 736/677/54 759/4546/54 754/675/54
f 726/676/54 733/678/54 736/677/54
f 754/675/54 750/706/54 726/676/54
f 741/680/54 736/677/54 733/678/54
f 733/678/54 732/670/54 739/679/54
f 749/683/54 748/707/54 754/675/54
f 754/675/54 759/4546/54 760/682/54
f 752/684/54 759/4546/54 741/680/54
f 740/681/54 739/679/54 738/4547/54
f 752/684/54 741/680/54 740/681/54
f 751/685/54 753/689/54 752/684/54
f 740/681/54 738/4547/54 751/685/54
f 746/688/54 758/690/54 753/689/54
f 758/690/54 749/683/54 760/682/54
f 760/682/54 759/4546/54 752/684/54
f 752/684/54 753/689/54 758/690/54
f 742/691/54 756/694/54 737/692/54
f 737/692/54 735/4548/54 743/693/54
f 743/693/54 744/695/54 742/691/54
f 756/694/54 742/691/54 744/695/54
f 747/687/54 757/686/54 756/694/54
f 757/686/54 753/689/54 751/685/54
f 738/4547/54 739/679/54 732/670/54
f 756/694/54 757/686/54 751/685/54
f 751/685/54 738/4547/54 732/670/54
f 729/697/54 755/4549/54 743/693/54
f 729/697/54 743/693/54 735/4548/54
f 737/692/54 756/694/54 751/685/54
f 729/697/54 735/4548/54 737/692/54
f 737/692/54 751/685/54 732/670/54
f 746/688/55 747/687/55 763/698/55
f 765/705/491 763/698/491 772/712/491
f 694/701/55 697/716/55 774/702/55
f 774/702/55 766/709/55 764/704/55
f 775/703/55 765/705/55 772/712/55
f 774/702/55 764/704/55 775/703/55
f 775/703/55 772/712/55 694/701/55
f 758/690/55 746/688/55 762/699/55
f 762/699/55 763/698/55 765/705/55
f 758/690/55 765/705/55 764/704/55
f 767/710/55 768/718/55 761/708/55
f 761/708/55 748/707/55 749/683/55
f 749/683/55 764/704/55 766/709/55
f 767/710/55 761/708/55 749/683/55
f 772/712/492 745/696/492 744/695/492
f 744/695/55 770/700/55 773/711/55
f 773/711/55 771/715/55 772/712/55
f 769/713/55 770/700/55 743/693/55
f 743/693/55 755/4549/55 703/714/55
f 703/714/55 695/4550/55 773/711/55
f 769/713/55 743/693/55 703/714/55
f 773/711/55 695/4550/55 694/701/55
f 694/701/55 772/712/55 771/715/55
f 766/709/55 774/702/55 697/716/55
f 697/716/55 707/4551/55 776/717/55
f 747/687/55 745/696/55 772/712/55
f 767/710/55 766/709/55 776/717/55
f 787/721/56 799/736/56 798/719/56
f 798/719/56 807/745/56 786/720/56
f 784/722/56 790/725/56 803/747/56
f 803/747/56 785/737/56 788/723/56
f 788/723/56 780/729/56 781/724/56
f 784/722/56 803/747/56 788/723/56
f 802/727/56 790/725/56 781/724/56
f 781/724/56 782/730/56 796/726/56
f 796/726/56 800/741/56 802/727/56
f 782/730/56 793/746/56 795/731/56
f 792/4552/56 793/746/56 783/732/56
f 783/732/56 777/4553/56 778/733/56
f 778/733/56 791/766/56 794/734/56
f 794/734/58 792/4552/58 783/732/58
f 783/732/56 793/746/56 782/730/56
f 782/730/56 780/729/56 779/728/56
f 785/737/56 803/747/56 797/762/56
f 797/762/56 53/738/56 48/735/56
f 48/735/56 46/739/56 798/719/56
f 799/736/56 787/721/56 785/737/56
f 48/735/56 798/719/56 799/736/56
f 785/737/56 797/762/56 48/735/56
f 807/745/57 805/744/57 806/743/57
f 806/743/56 789/4554/56 786/720/56
f 793/746/56 792/4552/56 794/734/56
f 801/740/56 797/762/56 803/747/56
f 810/748/59 796/726/59 795/731/59
f 817/752/59 812/763/59 810/748/59
f 810/748/59 819/753/59 820/751/59
f 809/749/59 795/731/59 794/734/59
f 794/734/60 808/765/60 819/753/60
f 819/753/59 810/748/59 809/749/59
f 798/719/59 46/739/59 39/754/59
f 805/744/493 823/770/493 824/756/493
f 813/761/59 797/762/59 801/740/59
f 801/740/494 811/750/494 814/760/494
f 62/757/59 53/738/59 797/762/59
f 813/761/59 814/760/59 62/757/59
f 810/748/59 812/763/59 811/750/59
f 811/750/59 800/741/59 796/726/59
f 62/757/495 814/760/495 812/763/495
f 812/763/59 817/752/59 55/758/59
f 62/757/59 818/759/59 39/754/59
f 39/754/59 46/739/59 53/738/59
f 807/745/59 798/719/59 821/755/59
f 815/767/60 816/768/60 819/753/60
f 808/765/59 794/734/59 791/766/59
f 815/767/59 819/753/59 808/765/59
f 825/769/493 824/756/493 823/770/493
f 823/770/59 805/744/59 807/745/59
f 807/745/59 822/764/59 825/769/59
f 818/759/62 55/758/62 56/772/62
f 56/772/62 55/758/62 817/752/62
f 827/771/63 820/751/63 816/768/63
f 56/772/62 817/752/62 827/771/62
f 832/774/62 834/788/62 56/772/62
f 816/768/62 828/778/62 832/774/62
f 832/774/62 56/772/62 827/771/62
f 830/775/62 821/755/62 39/754/62
f 49/776/62 56/772/62 834/788/62
f 830/775/62 39/754/62 49/776/62
f 49/776/62 834/788/62 835/777/62
f 56/772/62 49/776/62 39/754/62
f 39/754/63 818/759/63 829/773/63
f 833/779/62 832/774/62 828/778/62
f 828/778/62 816/768/62 815/767/62
f 815/767/62 826/4555/62 833/779/62
f 830/775/62 835/777/62 836/780/62
f 836/780/496 831/781/496 822/764/496
f 822/764/62 821/755/62 830/775/62
f 836/780/62 837/786/62 825/769/62
f 825/769/62 822/764/62 831/781/62
f 838/782/64 783/4556/64 779/783/64
f 836/780/64 786/787/64 789/785/64
f 835/777/64 787/791/64 786/787/64
f 785/790/64 840/792/64 834/788/64
f 834/788/64 832/774/64 839/789/64
f 839/789/64 788/4557/64 785/790/64
f 839/789/64 832/774/64 833/779/64
f 833/779/64 777/4558/64 783/4556/64
f 833/779/64 783/4556/64 838/782/64
f 841/784/64 779/783/64 788/4557/64
f 833/779/64 838/782/64 841/784/64
f 841/784/64 788/4557/64 839/789/64
f 840/792/64 785/790/64 787/791/64
f 787/791/64 835/777/64 834/788/64
f 851/799/65 852/801/65 266/805/65
f 266/805/65 263/804/65 123/802/65
f 123/802/65 120/807/65 850/800/65
f 851/799/65 266/805/65 123/802/65
f 245/803/65 247/809/65 263/804/65
f 123/802/65 145/816/65 133/806/65
f 849/796/65 843/812/65 844/808/65
f 844/808/65 855/4559/65 247/809/65
f 247/809/65 245/803/65 847/798/65
f 848/797/65 849/796/65 844/808/65
f 247/809/65 847/798/65 848/797/65
f 854/813/65 853/4560/65 133/806/65
f 133/806/65 145/816/65 858/810/65
f 856/811/66 854/813/66 133/806/66
f 843/812/65 842/794/65 845/793/65
f 854/813/65 856/811/65 858/810/65
f 861/820/67 858/810/67 145/816/67
f 861/820/67 145/816/67 116/817/67
f 862/831/67 863/821/67 859/4561/67
f 247/809/67 855/4559/67 862/831/67
f 123/802/67 263/804/67 246/815/67
f 246/815/67 247/809/67 862/831/67
f 862/831/67 859/4561/67 860/818/67
f 865/4562/67 861/820/67 116/817/67
f 123/802/67 246/815/67 862/831/67
f 123/802/67 862/831/67 860/818/67
f 864/819/67 865/4562/67 116/817/67
f 116/817/67 123/802/67 860/818/67
f 860/818/67 859/4561/67 863/821/67
f 875/823/69 865/4562/69 864/819/69
f 874/822/69 873/4563/69 875/823/69
f 872/827/69 873/4563/69 874/822/69
f 874/822/69 864/819/69 863/821/69
f 866/826/69 871/825/69 872/827/69
f 872/827/69 863/821/69 862/831/69
f 869/829/69 867/828/69 868/824/69
f 866/826/69 872/827/69 862/831/69
f 869/829/69 868/824/69 866/826/69
f 842/833/497 868/824/497 867/828/497
f 867/828/70 877/834/70 846/832/70
f 843/838/70 871/825/70 868/824/70
f 872/827/70 879/4564/70 852/839/70
f 852/839/70 850/4565/70 876/840/70
f 876/840/70 873/4563/70 872/827/70
f 876/840/70 850/4565/70 120/842/70
f 121/841/70 133/843/70 853/4566/70
f 876/840/70 120/842/70 121/841/70
f 875/823/70 873/4563/70 876/840/70
f 121/841/70 853/4566/70 875/823/70
f 878/836/70 847/835/70 245/845/70
f 244/844/70 266/846/70 852/839/70
f 878/836/70 245/845/70 244/844/70
f 843/838/498 849/837/498 878/836/498
f 879/4564/70 872/827/70 871/825/70
f 244/844/70 852/839/70 879/4564/70
f 843/838/70 878/836/70 244/844/70
f 244/844/70 879/4564/70 871/825/70
f 882/849/72 881/848/72 238/4567/72
f 238/4567/72 251/854/72 885/850/72
f 885/850/72 883/4568/72 880/847/72
f 882/849/72 238/4567/72 885/850/72
f 265/851/72 884/4569/72 886/852/72
f 251/854/72 238/4567/72 265/851/72
f 887/856/73 885/850/73 251/854/73
f 250/855/73 258/853/73 886/852/73
f 887/856/73 251/854/73 250/855/73
f 886/852/73 888/4570/73 887/856/73
f 888/4570/74 890/869/74 257/862/74
f 249/860/499 248/861/499 878/858/499
f 888/4570/500 257/862/500 249/860/500
f 848/859/74 889/864/74 887/856/74
f 249/860/74 878/858/74 849/857/74
f 849/857/74 848/859/74 887/856/74
f 887/856/74 888/4570/74 249/860/74
f 847/865/76 878/858/76 248/861/76
f 248/861/76 238/871/76 881/867/76
f 891/863/76 880/866/76 883/4571/76
f 248/861/76 881/867/76 891/863/76
f 889/864/76 848/859/76 847/865/76
f 847/865/76 248/861/76 891/863/76
f 891/863/76 883/4571/76 889/864/76
f 265/868/76 257/862/76 890/869/76
f 238/871/76 248/861/76 257/862/76
f 301/874/77 302/4572/77 893/872/77
f 893/872/77 894/884/77 305/873/77
f 896/875/77 899/879/77 897/876/77
f 895/877/77 897/876/77 898/885/77
f 892/878/77 302/4572/77 301/874/77
f 301/874/77 305/873/77 899/879/77
f 301/874/77 899/879/77 896/875/77
f 895/877/77 898/885/77 892/878/77
f 301/874/77 896/875/77 895/877/77
f 899/879/78 305/873/78 314/880/78
f 897/876/78 899/879/78 902/881/78
f 903/883/78 314/880/78 305/873/78
f 898/885/78 897/876/78 901/882/78
f 902/881/79 314/880/79 306/887/79
f 286/889/79 290/891/79 306/887/79
f 306/887/79 314/880/79 903/883/79
f 907/888/79 905/892/79 901/882/79
f 905/892/79 906/4573/79 900/886/79
f 892/895/80 906/4573/80 905/892/80
f 892/895/80 905/892/80 909/896/80
f 303/894/80 302/4574/80 892/895/80
f 907/888/80 306/887/80 303/894/80
f 892/895/80 909/896/80 908/893/80
f 908/893/80 907/888/80 303/894/80
f 909/896/80 905/892/80 907/888/80
f 893/898/80 302/4574/80 303/894/80
f 303/894/80 306/887/80 290/891/80
f 290/891/80 292/897/80 893/898/80
f 912/899/81 520/917/81 519/902/81
f 519/902/81 470/923/81 471/903/81
f 471/903/81 910/916/81 914/901/81
f 913/900/81 912/899/81 519/902/81
f 471/903/81 914/901/81 913/900/81
f 928/906/81 921/4575/81 920/904/81
f 920/904/81 933/927/81 934/905/81
f 929/908/81 916/918/81 915/907/81
f 915/907/81 921/4575/81 928/906/81
f 928/906/81 934/905/81 929/908/81
f 918/911/81 917/4576/81 911/913/81
f 925/909/81 927/914/81 923/910/81
f 918/911/81 911/913/81 925/909/81
f 927/914/81 925/909/81 911/913/81
f 911/913/81 469/915/81 471/903/81
f 471/903/81 926/924/81 927/914/81
f 929/908/81 519/902/81 520/917/81
f 520/917/81 915/907/81 916/918/81
f 932/921/81 930/922/81 931/919/81
f 931/919/81 919/4577/81 922/920/81
f 930/922/81 933/927/81 920/904/81
f 920/904/81 919/4577/81 931/919/81
f 933/927/82 930/922/82 935/925/82
f 935/925/82 939/930/82 938/926/82
f 934/905/82 940/929/82 941/928/82
f 933/927/82 938/926/82 940/929/82
f 932/921/82 937/4578/82 939/930/82
f 935/925/82 930/922/82 932/921/82
f 942/933/82 926/924/82 470/923/82
f 942/933/82 470/923/82 472/931/82
f 481/932/82 945/959/82 942/933/82
f 923/910/82 955/941/82 953/934/82
f 514/935/82 481/932/82 472/931/82
f 472/931/82 470/923/82 519/902/82
f 514/935/82 519/902/82 929/908/82
f 942/933/82 945/959/82 944/948/82
f 943/936/82 956/945/82 936/942/82
f 942/933/82 944/948/82 943/936/82
f 927/914/82 926/924/82 942/933/82
f 943/936/82 936/942/82 927/914/82
f 950/939/82 954/961/82 952/940/82
f 948/937/82 955/941/82 949/938/82
f 950/939/82 952/940/82 948/937/82
f 952/940/82 953/934/82 955/941/82
f 955/941/82 923/910/82 927/914/82
f 936/942/82 956/945/82 951/943/82
f 955/941/501 927/914/501 936/942/501
f 947/944/82 950/939/82 949/938/82
f 949/938/82 955/941/82 936/942/82
f 951/943/82 947/944/82 949/938/82
f 947/944/82 951/943/82 956/945/82
f 943/936/82 944/948/82 946/946/82
f 957/947/83 946/946/83 944/948/83
f 945/959/83 481/932/83 479/950/83
f 479/950/83 962/977/83 964/951/83
f 964/951/83 950/939/83 947/944/83
f 961/960/83 957/947/83 963/952/83
f 964/951/83 947/944/83 961/960/83
f 963/952/83 945/959/83 479/950/83
f 964/951/83 961/960/83 963/952/83
f 938/926/83 939/930/83 959/953/83
f 959/953/83 939/930/83 937/4578/83
f 968/955/83 969/957/83 967/956/83
f 967/956/83 940/929/83 938/926/83
f 967/956/83 938/926/83 960/954/83
f 959/953/83 937/4578/83 968/955/83
f 967/956/83 960/954/83 959/953/83
f 966/958/83 941/928/83 940/929/83
f 940/929/83 967/956/83 969/957/83
f 969/957/83 965/967/83 966/958/83
f 963/952/83 957/947/83 958/949/83
f 958/949/83 944/948/83 945/959/83
f 946/946/83 957/947/83 961/960/83
f 512/962/83 514/935/83 941/928/83
f 966/958/83 965/967/83 512/962/83
f 481/932/83 514/935/83 512/962/83
f 919/963/84 920/4579/84 971/964/84
f 921/966/84 915/979/84 965/967/84
f 468/970/84 479/950/84 512/962/84
f 512/962/84 520/980/84 912/974/84
f 973/968/84 914/973/84 910/976/84
f 512/962/84 912/974/84 973/968/84
f 974/969/84 468/970/84 512/962/84
f 973/968/84 910/976/84 974/969/84
f 468/970/84 469/975/84 911/971/84
f 971/964/84 920/4579/84 921/966/84
f 921/966/84 969/957/84 968/955/84
f 968/955/84 922/4580/84 919/963/84
f 970/965/84 971/964/84 921/966/84
f 968/955/84 919/963/84 970/965/84
f 469/975/84 468/970/84 974/969/84
f 479/950/84 468/970/84 972/972/84
f 972/972/84 911/971/84 917/978/84
f 962/977/84 479/950/84 972/972/84
f 512/962/84 965/967/84 915/979/84
f 702/981/85 712/994/85 986/982/85
f 985/989/85 770/985/85 744/987/85
f 744/987/85 742/991/85 984/988/85
f 744/987/85 770/985/85 977/984/85
f 977/984/85 976/997/85 988/990/85
f 988/990/85 979/1011/85 742/991/85
f 744/987/85 977/984/85 988/990/85
f 980/992/85 979/1011/85 988/990/85
f 712/994/85 702/981/85 769/986/85
f 769/986/85 770/985/85 985/989/85
f 985/989/85 984/988/85 712/994/85
f 982/993/85 988/990/85 987/995/85
f 981/996/85 980/992/85 982/993/85
f 987/995/85 988/990/85 976/997/85
f 976/997/85 975/4581/85 983/998/85
f 983/998/85 981/996/85 987/995/85
f 1001/1000/86 986/982/86 712/994/86
f 712/994/86 714/1016/86 1002/999/86
f 994/1002/86 984/988/86 742/991/86
f 742/991/502 756/1005/502 996/1001/502
f 990/1004/86 981/996/86 983/998/86
f 983/998/86 992/1017/86 991/1003/86
f 999/1010/86 757/1007/86 746/1008/86
f 746/1008/86 762/1021/86 998/1009/86
f 757/1007/86 999/1010/86 996/1001/86
f 756/1005/86 742/991/86 979/1011/86
f 995/1012/86 996/1001/86 999/1010/86
f 999/1010/86 997/1013/86 709/1014/86
f 709/1014/86 714/1016/86 1000/1015/86
f 1000/1015/86 994/1002/86 995/1012/86
f 995/1012/86 999/1010/86 709/1014/86
f 990/1004/86 762/1021/86 746/1008/86
f 746/1008/86 757/1007/86 989/1006/86
f 989/1006/86 980/992/86 981/996/86
f 981/996/86 990/1004/86 746/1008/86
f 1000/1015/86 714/1016/86 712/994/86
f 984/988/86 994/1002/86 1000/1015/86
f 709/1014/89 699/1029/89 1010/1019/89
f 1010/1019/89 1011/1031/89 1002/999/89
f 762/1021/89 990/1004/89 1004/1022/89
f 998/1009/503 762/1021/503 763/1023/503
f 772/1025/89 1013/1035/89 1005/1024/89
f 1008/1028/89 698/1033/89 699/1029/89
f 1001/1000/89 1002/999/89 1011/1031/89
f 772/1025/89 763/1023/89 1004/1022/89
f 1004/1022/89 990/1004/89 991/1003/89
f 991/1003/89 1003/1020/89 1006/1034/89
f 1006/1034/89 1007/1026/89 772/1025/89
f 772/1025/89 1004/1022/89 991/1003/89
f 1013/1035/89 772/1025/89 771/1027/89
f 771/1027/89 1008/1028/89 1014/1030/89
f 1014/1030/89 699/1029/89 709/1014/89
f 709/1014/89 997/1013/89 1005/1024/89
f 1005/1024/89 1013/1035/89 1012/1036/89
f 1012/1036/89 1014/1030/89 709/1014/89
f 773/1037/90 1016/1044/90 1008/1028/90
f 1010/1019/90 698/1033/90 702/1038/90
f 978/1039/90 1009/1032/90 1011/1031/90
f 1017/1040/90 1010/1019/90 702/1038/90
f 978/1039/90 1011/1031/90 1017/1040/90
f 1006/1034/90 975/4582/90 976/1041/90
f 1015/1042/90 1007/1026/90 1006/1034/90
f 1015/1042/90 976/1041/90 977/1043/90
f 977/1043/90 773/1037/90 771/1027/90
f 771/1027/90 1007/1026/90 1015/1042/90
f 773/1037/90 769/1045/90 702/1038/90
f 702/1038/90 698/1033/90 1008/1028/90
f 1016/1044/90 773/1037/90 702/1038/90
f 1026/1046/91 1028/1054/91 1024/1047/91
f 1028/1054/91 1025/1053/91 1018/1049/91
f 1018/1049/91 1020/1051/91 1021/1050/91
f 1021/1050/91 1022/1052/91 1023/4583/91
f 1023/4583/91 1027/1058/91 1026/1046/91
f 1023/4583/91 1026/1046/91 1019/1048/91
f 1021/1050/91 1023/4583/91 1019/1048/91
f 1024/1047/91 1028/1054/91 1018/1049/91
f 1021/1050/91 1019/1048/91 1024/1047/91
f 1029/1055/93 1028/1054/93 1026/1046/93
f 1026/1046/93 1030/1061/93 1031/1056/93
f 1027/1058/93 1032/1067/93 268/1060/93
f 252/1057/93 253/1059/93 1030/1061/93
f 1027/1058/93 268/1060/93 252/1057/93
f 252/1057/93 1030/1061/93 1026/1046/93
f 1033/1063/94 1031/1056/94 1030/1061/94
f 1030/1061/94 1036/1065/94 1035/1062/94
f 1036/1065/94 1030/1061/94 253/1059/94
f 253/1059/94 254/1068/94 1034/1064/94
f 1034/1064/94 1033/1063/94 1035/1062/94
f 1036/1065/94 253/1059/94 1034/1064/94
f 1037/1066/94 259/1069/94 268/1060/94
f 254/1068/94 253/1059/94 268/1060/94
f 1038/1072/95 1020/1074/95 1018/4584/95
f 1018/4584/95 1034/1064/95 254/1068/95
f 255/1070/95 259/1069/95 1037/1066/95
f 1018/4584/95 254/1068/95 255/1070/95
f 1023/1071/95 1022/1073/95 1038/1072/95
f 1038/1072/95 1018/4584/95 255/1070/95
f 255/1070/95 1037/1066/95 1023/1071/95
f 315/1075/96 320/1078/96 1041/1076/96
f 294/1080/96 284/1091/96 320/1078/96
f 320/1078/96 315/1075/96 299/1079/96
f 1040/1081/96 379/1084/96 374/1082/96
f 294/1080/96 299/1079/96 370/1083/96
f 370/1083/504 374/1082/504 379/1084/504
f 379/1084/96 1046/1089/96 1043/1086/96
f 379/1084/96 1043/1086/96 1044/4585/96
f 294/1080/96 370/1083/96 379/1084/96
f 1045/1085/96 1042/1087/96 284/1091/96
f 379/1084/96 1044/4585/96 1045/1085/96
f 1045/1085/96 284/1091/96 294/1080/96
f 1045/1085/96 1044/4585/96 1043/1086/96
f 319/1088/97 320/1078/97 284/1091/97
f 284/1091/97 293/1094/97 1048/1092/97
f 1047/1090/97 1049/1095/97 1050/1093/97
f 1050/1093/97 1042/1087/97 1043/1086/97
f 293/1094/97 284/1091/97 1042/1087/97
f 1051/1097/98 1050/1093/98 1049/1095/98
f 1049/1095/98 1053/4586/98 1052/1096/98
f 1054/1099/98 1048/1092/98 293/1094/98
f 293/1094/98 295/1101/98 298/1098/98
f 365/1100/98 364/1102/98 298/1098/98
f 295/1101/98 293/1094/98 1050/1093/98
f 365/1100/98 298/1098/98 295/1101/98
f 1053/4586/98 372/1103/98 365/1100/98
f 1052/1096/98 1053/4586/98 365/1100/98
f 295/1101/98 1050/1093/98 1051/1097/98
f 1051/1097/98 1052/1096/98 365/1100/98
f 364/1102/98 365/1100/98 372/1103/98
f 312/1105/99 315/1108/99 1039/1106/99
f 315/1108/99 312/1105/99 313/1107/99
f 313/1107/99 1054/1099/99 298/1098/99
f 298/1098/99 299/1109/99 315/1108/99
f 362/1110/99 370/1112/99 299/1109/99
f 299/1109/99 298/1098/99 364/1102/99
f 370/1112/99 362/1110/99 364/1102/99
f 364/1102/99 1055/1104/99 1040/1111/99
f 1059/1113/100 1066/1126/100 1060/1114/100
f 1069/1118/100 1063/4587/100 1064/1116/100
f 1056/1117/100 1070/1127/100 1069/1118/100
f 662/1121/100 663/1120/100 1058/1115/100
f 1060/1114/100 1066/1126/100 1068/1122/100
f 662/1121/100 1058/1115/100 1060/1114/100
f 1062/1123/100 1061/1125/100 627/1129/100
f 680/1130/100 662/1121/100 1068/1122/100
f 1068/1122/100 1066/1126/100 1062/1123/100
f 1062/1123/100 627/1129/100 617/1124/100
f 617/1124/100 680/1130/100 1068/1122/100
f 1061/1125/100 1062/1123/100 1066/1126/100
f 662/1121/100 680/1130/100 1070/1127/100
f 1070/1127/505 1056/1117/505 1064/1116/505
f 1064/1116/100 1065/1119/100 662/1121/100
f 1057/1128/100 1067/1133/100 617/1124/100
f 680/1130/101 677/1143/101 1075/1131/101
f 623/1132/101 617/1124/101 1067/1133/101
f 1073/1137/101 677/1143/101 680/1130/101
f 617/1124/101 623/1132/101 1074/1136/101
f 1071/1135/101 1073/1137/101 680/1130/101
f 617/1124/101 1074/1136/101 1071/1135/101
f 1069/1118/101 1070/1127/101 1075/1131/101
f 1074/1136/102 623/1132/102 624/1139/102
f 624/1139/102 638/4588/102 1084/1140/102
f 1077/1141/102 1074/1136/102 624/1139/102
f 1079/1144/102 1076/1138/102 1075/1131/102
f 1081/1146/102 661/1153/102 667/1147/102
f 1083/1149/102 638/4588/102 624/1139/102
f 624/1139/102 623/1132/102 1072/1134/102
f 1080/1150/102 1086/1152/102 1085/1145/102
f 1085/1145/102 1075/1131/102 677/1143/102
f 677/1143/102 678/1142/102 1080/1150/102
f 678/1142/102 667/1147/102 1078/1151/102
f 1078/1151/102 1087/1154/102 1086/1152/102
f 1086/1152/102 1080/1150/102 678/1142/102
f 1078/1151/102 667/1147/102 661/1153/102
f 1082/1148/102 667/1147/102 678/1142/102
f 678/1142/102 1073/1137/102 1074/1136/102
f 1074/1136/102 1077/1141/102 1084/1140/102
f 1084/1140/102 1081/1146/102 1082/1148/102
f 1082/1148/102 678/1142/102 1074/1136/102
f 1085/1145/103 1064/1156/103 1063/1155/103
f 1063/1155/459 1090/4589/459 1079/1144/459
f 1089/1157/103 1065/1164/103 1064/1156/103
f 1085/1145/103 1086/1152/103 1089/1157/103
f 1084/1140/103 638/4588/103 625/1161/103
f 625/1161/103 627/1166/103 1061/1159/103
f 1061/1159/103 1091/1158/103 1088/1162/103
f 1088/1162/103 1084/1140/103 625/1161/103
f 1084/1140/103 1088/1162/103 1091/1158/103
f 1065/1164/103 1089/1157/103 1086/1152/103
f 1086/1152/103 1087/1154/103 666/1163/103
f 666/1163/103 663/1167/103 1065/1164/103
f 1058/1165/103 666/1163/103 661/1153/103
f 661/1153/103 1081/1146/103 1091/1158/103
f 1091/1158/103 1059/1160/103 1058/1165/103
f 625/1161/103 638/4588/103 1083/1149/103
f 1083/1149/103 1057/4590/103 627/1166/103
f 1095/1168/104 1092/4591/104 1093/1169/104
f 1096/1174/506 1097/1173/506 1099/1172/506
f 1099/1172/106 1095/1168/106 1094/1170/106
f 1096/1174/107 1103/4592/107 1104/1175/107
f 1102/1178/107 1100/1177/107 1098/1171/107
f 1098/1171/107 1097/1173/107 1104/1175/107
f 1105/1180/108 1104/1175/108 1103/4592/108
f 1103/4592/108 1093/4593/108 1092/1179/108
f 1092/1179/108 1101/1176/108 1102/1178/108
f 1105/1180/507 1103/4592/507 1092/1179/507
f 176/1186/109 224/1196/109 1118/1187/109
f 1110/1191/109 1109/1192/109 1115/1189/109
f 1115/1189/109 1117/1204/109 1116/1190/109
f 1116/1190/109 1112/1197/109 1110/1191/109
f 1109/1192/109 1110/1191/109 189/1184/109
f 189/1184/109 198/1183/109 1119/1182/109
f 1119/1182/109 1115/1189/109 1109/1192/109
f 1113/1195/109 1114/1199/109 190/1181/109
f 190/1181/109 198/1183/109 1108/1185/109
f 1108/1185/109 1107/1193/109 1113/1195/109
f 1116/1190/109 1117/1204/109 224/1196/109
f 224/1196/109 176/1186/109 174/1188/109
f 174/1188/109 1111/4594/109 1112/1197/109
f 1112/1197/109 1116/1190/109 224/1196/109
f 191/1198/110 190/1181/110 1114/1199/110
f 1114/1199/110 1121/4595/110 1122/1200/110
f 1122/1200/110 203/1201/110 191/1198/110
f 190/1181/110 191/1198/110 203/1201/110
f 1126/1203/110 1118/1187/110 224/1196/110
f 224/1196/508 222/1208/508 214/1202/508
f 214/1202/110 215/1210/110 1126/1203/110
f 1124/1206/110 1120/1209/110 1117/1204/110
f 1117/1204/110 1115/1189/110 1125/1205/110
f 1125/1205/110 1123/1219/110 1124/1206/110
f 203/1201/110 202/1207/110 1123/1219/110
f 1125/1205/110 1115/1189/110 1119/1182/110
f 203/1201/110 1123/1219/110 1125/1205/110
f 1124/1206/110 215/1210/110 214/1202/110
f 1124/1206/110 214/1202/110 222/1208/110
f 224/1196/110 1117/1204/110 1120/1209/110
f 1120/1209/110 1124/1206/110 222/1208/110
f 1134/1213/111 217/1211/111 215/1210/111
f 215/1210/111 1124/1206/111 1130/1212/111
f 1130/1212/111 1123/1219/111 202/1207/111
f 202/1207/111 205/4596/111 1134/1213/111
f 1134/1213/111 215/1210/111 1130/1212/111
f 1128/1214/111 1132/4597/111 1133/1215/111
f 1133/1215/111 205/4596/111 202/1207/111
f 202/1207/111 1122/1200/111 1128/1214/111
f 1129/1216/111 1127/1218/111 1132/4597/111
f 1132/4597/111 1128/1214/111 1122/1200/111
f 1122/1200/111 1121/4595/111 1131/1217/111
f 1129/1216/111 1132/4597/111 1122/1200/111
f 1134/1213/112 205/4596/112 196/1220/112
f 196/1220/112 189/4598/112 1110/1225/112
f 1137/1221/112 1112/1226/112 1111/4599/112
f 196/1220/112 1110/1225/112 1137/1221/112
f 1137/1221/112 1111/4599/112 1134/1213/112
f 196/1220/112 205/4596/112 1133/1215/112
f 1106/4600/112 1107/1223/112 1135/1224/112
f 1136/1222/112 1108/4601/112 189/4598/112
f 1133/1215/112 1106/4600/112 1135/1224/112
f 1136/1222/112 189/4598/112 196/1220/112
f 1133/1215/112 1135/1224/112 1136/1222/112
f 1107/1223/112 1108/4601/112 1136/1222/112
f 1140/1229/113 1138/1233/113 1139/1227/113
f 1139/1227/113 1146/1234/113 1148/1228/113
f 1148/1228/113 1149/1238/113 1140/1229/113
f 1147/1230/113 1152/1243/113 1153/1231/113
f 1138/1233/113 1144/1236/113 1146/1234/113
f 1146/1234/509 1141/1237/509 1142/1235/509
f 1142/1235/113 1151/4602/113 1152/1243/113
f 1142/1235/113 1152/1243/113 1147/1230/113
f 1148/1228/113 1146/1234/113 1142/1235/113
f 1143/1232/113 1153/1231/113 1148/1228/113
f 1142/1235/113 1147/1230/113 1143/1232/113
f 1149/1238/113 1150/4603/113 1145/1239/113
f 1159/4604/114 1150/4603/114 1149/1238/114
f 1159/4604/114 1149/1238/114 1157/1241/114
f 1154/1244/114 1152/1243/114 1151/4602/114
f 1148/1228/114 1153/1231/114 1155/1242/114
f 1154/1244/114 1151/4602/114 1158/1240/114
f 1156/1245/114 1148/1228/114 1155/1242/114
f 1155/1242/114 1154/1244/114 1158/1240/114
f 1158/1240/114 1159/4604/114 1157/1241/114
f 1157/1241/114 1156/1245/114 1155/1242/114
f 1155/1242/114 1153/1231/114 1152/1243/114
f 1157/1241/114 1149/1238/114 1148/1228/114
f 1162/1246/115 1163/1253/115 1161/1247/115
f 1167/1260/115 1159/4604/115 1158/1240/115
f 1158/1240/115 1168/4605/115 1163/1253/115
f 1158/1240/115 1163/1253/115 1162/1246/115
f 1166/1250/115 1164/1249/115 1167/1260/115
f 1161/1247/510 1165/1251/510 1166/1250/510
f 1158/1240/115 1162/1246/115 1160/1248/115
f 1160/1248/115 1161/1247/115 1166/1250/115
f 1166/1250/115 1167/1260/115 1158/1240/115
f 1169/1252/116 1161/1247/116 1163/1253/116
f 1142/1255/116 1141/1262/116 1173/1258/116
f 1171/1256/116 1165/1251/116 1161/1247/116
f 1142/1255/116 1173/1258/116 1171/1256/116
f 1163/1253/116 1168/4605/116 1142/1255/116
f 1170/1254/116 1163/1253/116 1142/1255/116
f 1171/1256/116 1161/1247/116 1169/1252/116
f 1169/1252/116 1170/1254/116 1142/1255/116
f 1172/1257/116 1138/4606/116 1140/1259/116
f 1140/1259/116 1164/1249/116 1165/1251/116
f 1165/1251/116 1171/1256/116 1173/1258/116
f 1172/1257/116 1140/1259/116 1165/1251/116
f 1140/1259/116 1145/4607/116 1167/1260/116
f 1144/1261/116 1138/4606/116 1172/1257/116
f 1177/1265/511 1178/4608/511 1175/1263/511
f 1175/1263/117 1176/1269/117 1182/1264/117
f 1182/1264/512 1187/1281/512 1177/1265/512
f 111/1268/117 119/1290/117 1179/1266/117
f 1179/1266/117 1181/4609/117 1180/1267/117
f 1189/1271/513 1187/1281/513 1182/1264/513
f 1176/1269/117 1175/1263/117 153/1270/117
f 1189/1271/117 1182/1264/117 1176/1269/117
f 153/1270/117 154/1285/117 1189/1271/117
f 1185/4610/117 1139/1273/117 1138/1275/117
f 1138/1275/117 1172/1274/117 1183/1279/117
f 1186/1280/117 1185/4610/117 1138/1275/117
f 1187/1281/117 111/1268/117 107/1272/117
f 107/1272/514 1178/4608/514 1177/1265/514
f 282/1276/117 276/1278/117 1185/4610/117
f 1186/1280/117 1183/1279/117 879/1286/117
f 282/1276/117 1185/4610/117 1186/1280/117
f 851/1283/117 1190/1302/117 282/1276/117
f 1186/1280/117 879/1286/117 852/1282/117
f 851/1283/117 282/1276/117 1186/1280/117
f 153/1270/117 1174/4611/117 1188/1284/117
f 859/1287/117 860/4612/117 851/1283/117
f 851/1283/117 852/1282/117 879/1286/117
f 1179/1266/117 119/1290/117 114/1289/117
f 114/1289/117 860/4612/117 859/1287/117
f 859/1287/117 1181/4609/117 1179/1266/117
f 119/1290/117 111/1268/117 1187/1281/117
f 1187/1281/117 1189/1271/117 1191/1288/117
f 1193/1291/118 1192/4613/118 1196/1292/118
f 876/1299/118 850/1300/118 851/1283/118
f 851/1283/118 860/4612/118 864/1298/118
f 864/1298/118 874/1311/118 876/1299/118
f 1190/1302/118 851/1283/118 850/1300/118
f 850/1300/118 876/1299/118 1203/1301/118
f 154/1285/118 143/4614/118 136/1303/118
f 143/4614/118 154/1285/118 1188/1284/118
f 1188/1284/118 1192/4613/118 1193/1291/118
f 1194/1293/118 1196/1292/118 1199/1318/118
f 1188/1284/118 1193/1291/118 1194/1293/118
f 136/1303/118 143/4614/118 1188/1284/118
f 1198/1297/118 1202/1306/118 136/1303/118
f 1199/1318/118 1197/1296/118 1195/1295/118
f 1195/1295/118 1198/1297/118 136/1303/118
f 136/1303/118 1188/1284/118 1194/1293/118
f 1194/1293/118 1199/1318/118 1195/1295/118
f 136/1303/118 117/1305/118 118/1294/118
f 118/1294/118 1191/1288/118 1189/1271/118
f 1200/1321/118 874/1311/118 864/1298/118
f 864/1298/118 860/4612/118 114/1289/118
f 114/1289/118 118/1294/118 1201/1304/118
f 1201/1304/118 1200/1321/118 864/1298/118
f 1202/1306/118 1200/1321/118 1201/1304/118
f 1201/1304/118 118/1294/118 117/1305/118
f 117/1305/118 136/1303/118 1202/1306/118
f 1203/1301/119 876/1299/119 873/1310/119
f 873/1310/119 874/1311/119 1200/1321/119
f 1215/1312/119 274/1308/119 278/1307/119
f 278/1307/119 1203/1301/119 873/1310/119
f 873/1310/119 1200/1321/119 1215/1312/119
f 1204/1317/119 1197/1296/119 1199/1318/119
f 1199/1318/119 1205/1314/119 1210/1316/119
f 1210/1316/119 1211/1324/119 1204/1317/119
f 1212/1319/119 1207/1322/119 1206/1313/119
f 1213/1323/119 1215/1312/119 1200/1321/119
f 1200/1321/119 1202/1306/119 1206/1313/119
f 1207/1322/119 1212/1319/119 1213/1323/119
f 1200/1321/119 1206/1313/119 1207/1322/119
f 1211/1324/119 1216/1325/119 1212/1319/119
f 1208/1320/119 1206/1313/119 1198/1297/119
f 1211/1324/119 1212/1319/119 1208/1320/119
f 1197/1296/119 1204/1317/119 1211/1324/119
f 1208/1320/119 1198/1297/119 1197/1296/119
f 140/1326/120 144/1336/120 1210/1316/120
f 1210/1316/120 1209/1315/120 1217/1327/120
f 1217/1327/120 1221/1341/120 152/1328/120
f 140/1326/120 1210/1316/120 1217/1327/120
f 859/1329/120 879/4615/120 872/1330/120
f 275/1332/120 276/4616/120 1184/1333/120
f 1184/1333/120 1214/1309/120 274/1308/120
f 1211/1324/120 130/1338/120 124/1334/120
f 124/1334/120 106/1350/120 1219/1335/120
f 1219/1335/120 1216/1325/120 1211/1324/120
f 152/1328/120 1220/1339/120 144/1336/120
f 1220/1339/120 152/1328/120 153/1337/120
f 153/1337/120 1175/1351/120 130/1338/120
f 130/1338/120 144/1336/120 1220/1339/120
f 144/1336/120 130/1338/120 1211/1324/120
f 1221/1341/120 1217/1327/120 1174/1340/120
f 153/1337/120 152/1328/120 1221/1341/120
f 1181/1343/120 1215/1312/120 1213/1323/120
f 1213/1323/120 1219/1335/120 1218/1342/120
f 1218/1342/120 1180/4617/120 1181/1343/120
f 1139/1344/120 1185/4618/120 1222/1345/120
f 1146/1346/515 1173/1348/515 1172/1347/515
f 1175/1351/120 1178/1354/120 106/1350/120
f 106/1350/120 124/1334/120 130/1338/120
f 879/4615/120 1183/1349/120 1173/1348/120
f 1141/1352/120 1146/1346/120 1222/1345/120
f 879/4615/120 1173/1348/120 1141/1352/120
f 872/1330/120 879/4615/120 1141/1352/120
f 1222/1345/120 1185/4618/120 276/4616/120
f 872/1330/120 1141/1352/120 1222/1345/120
f 1181/1343/120 859/1329/120 863/1331/120
f 872/1330/120 1222/1345/120 276/4616/120
f 1181/1343/120 863/1331/120 872/1330/120
f 276/4616/464 275/1332/464 274/1308/464
f 1215/1312/120 1181/1343/120 872/1330/120
f 872/1330/120 276/4616/120 274/1308/120
f 1219/1335/120 106/1350/120 107/1353/120
f 107/1353/120 1180/4617/120 1218/1342/120
f 1224/4619/121 1223/1370/121 1236/1371/121
f 1239/1355/121 1225/4620/121 1226/1372/121
f 1234/1357/121 1224/4619/121 1236/1371/121
f 1239/1355/121 1226/1372/121 1237/1356/121
f 1234/1357/121 1236/1371/121 1239/1355/121
f 1237/1356/121 1235/4621/121 1234/1357/121
f 1228/1360/121 1227/4622/121 1246/1366/121
f 1241/1358/121 1242/1383/121 1238/1373/121
f 1228/1360/121 1246/1366/121 1241/1358/121
f 1241/1358/121 1238/1373/121 1243/1359/121
f 486/1361/121 483/1375/121 1245/1362/121
f 1230/1364/121 1244/1376/121 1240/1365/121
f 1232/1367/121 341/1378/121 350/1368/121
f 1223/1370/121 1225/4620/121 1239/1355/121
f 1238/1373/121 1237/1356/121 1226/1372/121
f 1226/1372/121 1228/1360/121 1243/1359/121
f 486/1361/121 522/4623/121 527/1374/121
f 1230/1364/121 1246/1366/121 1227/4622/121
f 1229/1363/121 1245/1362/121 1244/1376/121
f 1230/1364/121 1227/4622/121 1229/1363/121
f 1248/1377/121 1231/1382/121 1232/1367/121
f 341/1378/121 377/4624/121 378/1379/121
f 378/1379/121 377/4624/121 1233/1380/121
f 527/1374/121 522/4623/121 1231/1382/121
f 1246/1366/121 1240/1365/121 1242/1383/121
f 1248/1377/122 1247/1369/122 1255/1384/122
f 1255/1384/122 1257/1411/122 1256/1385/122
f 1255/1384/122 1247/1369/122 350/1368/122
f 350/1368/122 351/1396/122 438/1398/122
f 385/1386/122 386/1399/122 1257/1411/122
f 350/1368/122 438/1398/122 385/1386/122
f 385/1386/122 1257/1411/122 1255/1384/122
f 1250/1403/122 1238/1373/122 1242/1383/122
f 1265/1388/122 1235/4621/122 1237/1356/122
f 1263/1389/122 1250/1403/122 1242/1383/122
f 1265/1388/122 1237/1356/122 1263/1389/122
f 1263/1389/122 1242/1383/122 1264/1387/122
f 1258/1392/122 1245/1362/122 483/1375/122
f 1258/1392/122 483/1375/122 473/4625/122
f 1261/1391/122 1260/1405/122 1258/1392/122
f 474/1390/122 475/1407/122 1261/1391/122
f 1258/1392/122 473/4625/122 474/1390/122
f 351/1396/122 350/1368/122 378/1379/122
f 369/1397/122 378/1379/122 1249/1381/122
f 1249/1381/122 1252/1422/122 1251/1394/122
f 1253/1393/122 1254/1395/122 369/1397/122
f 1249/1381/122 1251/1394/122 1253/1393/122
f 527/1374/122 444/1401/122 464/1400/122
f 464/1400/122 475/1407/122 474/1390/122
f 474/1390/516 473/4625/516 483/1375/516
f 483/1375/122 527/1374/122 464/1400/122
f 444/1401/122 527/1374/122 1248/1377/122
f 1256/1385/122 464/1400/122 444/1401/122
f 1259/1402/122 1244/1376/122 1245/1362/122
f 1258/1392/122 1260/1405/122 1259/1402/122
f 1263/1389/122 1237/1356/122 1238/1373/122
f 1262/1404/122 1260/1405/122 1261/1391/122
f 1261/1391/122 1264/1387/122 1242/1383/122
f 1242/1383/122 1240/1365/122 1262/1404/122
f 1262/1404/122 1240/1365/122 1244/1376/122
f 1244/1376/122 1259/1402/122 1260/1405/122
f 464/1400/124 446/1415/124 477/1406/124
f 1273/1409/124 1261/1391/124 475/1407/124
f 475/1407/124 477/1406/124 1274/1408/124
f 1264/1387/124 1261/1391/124 1273/1409/124
f 1273/1409/124 1274/1408/124 1271/1410/124
f 1271/1410/124 1270/1428/124 1264/1387/124
f 1257/1411/124 386/1399/124 398/1412/124
f 446/1415/124 464/1400/124 1256/1385/124
f 1269/1417/124 1267/4626/124 1275/1418/124
f 398/1412/124 386/1399/124 438/1398/124
f 1278/1421/124 371/1424/124 369/1397/124
f 369/1397/124 1254/1395/124 1266/1414/124
f 1266/1414/124 1251/1394/124 1252/1422/124
f 1278/1421/124 369/1397/124 1266/1414/124
f 354/1423/124 351/1396/124 369/1397/124
f 1280/1426/124 437/1420/124 438/1398/124
f 438/1398/124 351/1396/124 354/1423/124
f 354/1423/124 1279/1425/124 1277/1427/124
f 1277/1427/124 1280/1426/124 438/1398/124
f 1256/1385/124 1257/1411/124 1276/1413/124
f 1275/1418/124 1265/1388/124 1264/1387/124
f 1270/1428/124 1271/1410/124 1269/1417/124
f 1268/1419/124 1275/1418/124 1264/1387/124
f 1270/1428/124 1269/1417/124 1268/1419/124
f 1283/4627/125 1276/1413/125 398/1412/125
f 384/1430/125 437/1420/125 1280/1426/125
f 1283/4627/125 398/1412/125 384/1430/125
f 354/1423/517 353/1436/517 339/1431/517
f 1281/1429/125 1279/1425/125 354/1423/125
f 384/1430/125 1280/1426/125 1281/1429/125
f 1232/4628/125 1283/4627/125 384/1430/125
f 1281/1429/125 354/1423/125 339/1431/125
f 341/1432/125 1232/4628/125 384/1430/125
f 384/1430/125 1281/1429/125 339/1431/125
f 486/1434/125 477/1406/125 446/1415/125
f 446/1415/125 445/1451/125 522/1433/125
f 1274/1408/125 1288/1442/125 1287/1435/125
f 377/1438/125 341/1432/125 339/1431/125
f 353/1436/125 354/1423/125 371/1424/125
f 377/1438/125 339/1431/125 353/1436/125
f 353/1436/125 371/1424/125 373/1437/125
f 1233/1439/125 377/1438/125 373/1437/125
f 373/1437/125 371/1424/125 1278/1421/125
f 1283/4627/125 1232/4628/125 1231/1440/125
f 1231/1440/518 1284/1450/518 1282/1441/518
f 1282/1441/125 1272/1416/125 1276/1413/125
f 1276/1413/125 1283/4627/125 1231/1440/125
f 1227/4629/125 1228/1448/125 1290/1444/125
f 1290/1444/125 1226/1449/125 1225/1447/125
f 1225/1447/125 1269/1417/125 1271/1410/125
f 1271/1410/125 1287/1435/125 1289/1445/125
f 1289/1445/125 1227/4629/125 1290/1444/125
f 1290/1444/125 1225/1447/125 1271/1410/125
f 1225/1447/125 1223/1455/125 1292/1446/125
f 1292/1446/125 1267/4626/125 1269/1417/125
f 1284/1450/125 1231/1440/125 522/1433/125
f 445/1451/125 446/1415/125 1272/1416/125
f 1284/1450/125 522/1433/125 445/1451/125
f 1272/1416/519 1282/1441/519 1284/1450/519
f 1288/1442/125 1285/1453/125 1229/1452/125
f 1229/1452/125 1227/4629/125 1289/1445/125
f 1289/1445/125 1287/1435/125 1286/1443/125
f 1286/1443/125 1288/1442/125 1229/1452/125
f 1288/1442/125 1274/1408/125 477/1406/125
f 477/1406/125 486/1434/125 1229/1452/125
f 1285/1453/125 1288/1442/125 477/1406/125
f 1224/1454/125 1291/4630/125 1292/1446/125
f 1295/1459/126 1298/1466/126 1301/1460/126
f 1302/1461/126 1293/4631/126 1294/1462/126
f 1294/1462/126 1299/1464/126 1300/1456/126
f 1296/1458/126 1297/1457/126 1298/1466/126
f 1294/1462/126 1300/1456/126 1296/1458/126
f 1295/1459/126 1302/1461/126 1294/1462/126
f 1296/1458/126 1298/1466/126 1295/1459/126
f 1303/1463/127 1300/1456/127 1299/1464/127
f 1304/1465/127 1305/1469/127 1303/1463/127
f 1298/1466/127 1297/1457/127 1307/1467/127
f 1305/1469/127 1307/1467/127 1297/1457/127
f 1297/1457/127 1300/1456/127 1303/1463/127
f 1310/1471/127 1301/1460/127 1298/1466/127
f 1298/1466/127 1306/1468/127 1308/1470/127
f 1314/1475/128 1311/1473/128 1308/1470/128
f 1308/1470/128 1306/1468/128 1313/1474/128
f 1315/1479/128 1320/1484/128 1312/1476/128
f 1312/1476/128 1305/1469/128 1304/1465/128
f 1304/1465/128 1317/4632/128 1316/1477/128
f 1316/1477/128 1315/1479/128 1312/1476/128
f 1316/1477/128 1318/1480/128 1321/1478/128
f 1321/1478/128 1320/1484/128 1315/1479/128
f 1322/1481/128 1323/1483/128 1307/1467/128
f 1307/1467/128 1305/1469/128 1312/1476/128
f 1312/1476/128 1320/1484/128 1319/1482/128
f 1319/1482/128 1321/1478/128 1322/1481/128
f 1307/1467/128 1312/1476/128 1319/1482/128
f 1306/1468/128 1307/1467/128 1323/1483/128
f 1293/1488/129 1327/1489/129 1326/1490/129
f 1326/1490/129 1313/1474/129 1323/1483/129
f 1325/1485/129 1322/1481/129 1318/1480/129
f 1326/1490/129 1323/1483/129 1325/1485/129
f 1316/1477/129 1317/4632/129 1294/1487/129
f 1324/1491/129 1316/1477/129 1294/1487/129
f 1293/1488/129 1326/1490/129 1325/1485/129
f 1325/1485/129 1318/1480/129 1328/1486/129
f 1328/1486/129 1324/1491/129 1294/1487/129
f 1293/1488/129 1325/1485/129 1328/1486/129
f 1327/1489/129 1314/1475/129 1313/1474/129
f 1328/1486/129 1318/1480/129 1316/1477/129
f 1335/1500/132 1339/1510/132 655/1497/132
f 656/1496/520 669/1498/520 1340/1499/520
f 1335/1500/132 655/1497/132 656/1496/132
f 1340/1499/132 1334/1501/132 1335/1500/132
f 1336/1503/132 1338/1506/132 1339/1510/132
f 1336/1503/132 1339/1510/132 1335/1500/132
f 1340/1499/132 1337/1511/132 1333/1502/132
f 1336/1503/132 1335/1500/132 1334/1501/132
f 1334/1501/132 1340/1499/132 1333/1502/132
f 669/1498/133 664/1513/133 1343/1504/133
f 1341/1507/133 646/1516/133 658/1505/133
f 658/1505/521 1339/1510/521 1338/1506/521
f 658/1505/133 646/1516/133 1344/1508/133
f 1344/1508/133 1346/1518/133 1345/1509/133
f 1337/1511/133 1340/1499/133 1343/1504/133
f 658/1505/133 1345/1509/133 664/1513/133
f 664/1513/133 669/1498/133 655/1497/133
f 1348/1515/133 1347/1520/133 632/1517/133
f 633/1514/133 646/1516/133 1341/1507/133
f 1348/1515/133 632/1517/133 633/1514/133
f 1346/1518/133 1344/1508/133 646/1516/133
f 646/1516/133 633/1514/133 632/1517/133
f 1342/1512/135 1343/1504/135 1354/1521/135
f 1354/1521/135 1358/1531/135 1357/1522/135
f 1352/1523/135 1342/1512/135 1354/1521/135
f 631/1527/135 644/1525/135 1346/1518/135
f 1349/1519/135 1355/1535/135 1356/1528/135
f 644/1525/135 657/1524/135 1345/1509/135
f 1345/1509/135 657/1524/135 651/1529/135
f 1358/1531/135 1354/1521/135 1343/1504/135
f 1343/1504/135 664/1513/135 651/1529/135
f 651/1529/135 657/1524/135 1351/1526/135
f 651/1529/136 1351/1526/136 1350/1530/136
f 1358/1531/135 1343/1504/135 651/1529/135
f 1353/1532/135 1358/1531/135 1350/1530/135
f 1357/1522/135 1358/1531/135 1353/1532/135
f 1353/1532/135 1351/1526/135 644/1525/135
f 631/1527/135 632/1517/135 1347/1520/135
f 1353/1532/135 644/1525/135 631/1527/135
f 1356/1528/135 1357/1522/135 1353/1532/135
f 631/1527/135 1347/1520/135 1356/1528/135
f 1336/1533/137 1333/4633/137 1352/1523/137
f 1352/1523/137 1357/1522/137 1360/1534/137
f 1359/4634/137 1356/1528/137 1355/1535/137
f 1336/1533/137 1352/1523/137 1360/1534/137
f 1360/1534/137 1359/4634/137 1355/1535/137
f 1356/1528/137 1359/4634/137 1360/1534/137
f 1367/1538/138 1361/4635/138 723/1536/138
f 723/1536/522 730/1540/522 1368/1537/522
f 1363/1542/138 1369/1545/138 731/1541/138
f 731/1541/523 730/1540/523 1362/1539/523
f 1369/1545/138 1363/1542/138 774/1543/138
f 774/1543/138 766/1550/138 1365/1544/138
f 766/1550/138 774/1543/138 1364/1546/138
f 1364/1546/138 1371/1561/138 1370/1547/138
f 1366/1548/138 766/1550/138 1364/1546/138
f 767/1549/138 766/1550/138 1366/1548/138
f 1379/1552/140 1368/1537/140 731/1541/140
f 731/1541/140 734/1559/140 1376/1551/140
f 1376/1551/140 1378/1564/140 1379/1552/140
f 1372/1555/140 1369/1545/140 1365/1544/140
f 1373/1553/140 1374/1557/140 727/1554/140
f 1372/1555/140 1365/1544/140 1373/1553/140
f 727/1554/140 734/1559/140 1372/1555/140
f 1365/1544/140 767/1549/140 768/1556/140
f 768/1556/140 1375/4636/140 1374/1557/140
f 1374/1557/140 1373/1553/140 1365/1544/140
f 1379/1552/140 1378/1564/140 1377/1558/140
f 1377/1558/140 1367/1538/140 1368/1537/140
f 734/1559/140 731/1541/140 1369/1545/140
f 768/1556/140 767/1549/140 1370/1547/140
f 1381/1562/142 1386/1565/142 1385/1563/142
f 1385/1563/142 1377/1558/142 1378/1564/142
f 1381/1562/142 1378/1564/142 1376/1551/142
f 1376/1551/142 1387/1572/142 1386/1565/142
f 722/1566/142 1387/1572/142 1376/1551/142
f 1374/1557/142 1375/4636/142 1383/1567/142
f 1382/1568/142 1383/1567/142 706/1570/142
f 706/1570/142 708/1569/142 722/1566/142
f 722/1566/142 727/1554/142 1374/1557/142
f 1382/1568/142 706/1570/142 722/1566/142
f 725/1573/144 722/1566/144 708/1569/144
f 708/1569/144 697/1577/144 774/1574/144
f 774/1574/144 1363/1579/144 1388/1575/144
f 1388/1575/144 725/1573/144 708/1569/144
f 724/1576/144 1386/1565/144 1387/1572/144
f 1364/1578/144 774/1574/144 697/1577/144
f 697/1577/144 708/1569/144 1384/1571/144
f 1362/1580/144 724/1576/144 725/1573/144
f 725/1573/144 1388/1575/144 1363/1579/144
f 724/1576/144 723/1582/144 1361/1581/144
f 1361/1581/144 1385/1563/144 1386/1565/144
f 1391/1583/145 1392/4637/145 1390/1584/145
f 1399/1586/146 1395/1591/146 1394/1587/146
f 1394/1587/146 1401/1597/146 1398/1588/146
f 1397/1589/146 1400/1592/146 1396/1590/146
f 1396/1590/146 1392/4637/146 1391/1583/146
f 1391/1583/146 1393/4638/146 1397/1589/146
f 1398/1588/146 1400/1592/146 1397/1589/146
f 1397/1589/146 1393/4638/146 1395/1591/146
f 1395/1591/146 1399/1586/146 1398/1588/146
f 1405/1594/147 1402/1595/147 1400/1592/147
f 1400/1592/147 1398/1588/147 1403/1593/147
f 1403/1593/147 1406/1598/147 1405/1594/147
f 1404/1596/147 1396/1590/147 1400/1592/147
f 1402/1595/147 1405/1594/147 1404/1596/147
f 1403/1593/147 1398/1588/147 1401/1597/147
f 1401/1597/147 1407/4639/147 1406/1598/147
f 1390/1601/148 1404/1596/148 1405/1594/148
f 1408/1599/148 1406/1598/148 1407/4639/148
f 1390/1601/148 1405/1594/148 1408/1599/148
f 1409/1600/148 1389/4640/148 1390/1601/148
f 1408/1599/148 1407/4639/148 1409/1600/148
f 1419/1609/151 1420/1613/151 1416/1610/151
f 1418/1608/151 1422/1614/151 1421/1612/151
f 1421/1612/151 1416/1610/151 1420/1613/151
f 1420/1613/151 1419/1609/151 1414/1606/151
f 1414/1606/151 1418/1608/151 1421/1612/151
f 1423/1616/152 1421/1612/152 1422/1614/152
f 1422/1614/152 430/1620/152 428/1615/152
f 388/1617/152 428/1615/152 430/1620/152
f 389/1622/153 388/1617/153 1424/1619/153
f 1424/1619/153 1425/4641/153 1429/4642/153
f 1426/1621/153 1431/1625/153 1433/1628/153
f 1426/1621/153 1433/1628/153 1427/1627/153
f 1424/1619/153 1429/4642/153 1430/1624/153
f 389/1622/153 1424/1619/153 1430/1624/153
f 1426/1621/153 1427/1627/153 1428/4643/153
f 431/1623/153 389/1622/153 1430/1624/153
f 1428/4643/153 1432/1626/153 1423/1616/153
f 431/1623/153 1430/1624/153 1426/1621/153
f 1426/1621/153 1428/4643/153 1423/1616/153
f 428/1615/153 431/1623/153 1426/1621/153
f 428/1615/153 388/1617/153 389/1622/153
f 1433/1628/153 1434/1630/153 1432/1626/153
f 1432/1626/153 1428/4643/153 1427/1627/153
f 1431/1625/154 1414/1633/154 1419/1629/154
f 1419/1629/154 1417/4644/154 1434/1630/154
f 1430/1624/154 1429/4642/154 1435/1631/154
f 1436/1632/154 1415/4645/154 1414/1633/154
f 1414/1633/154 1431/1625/154 1430/1624/154
f 1440/1638/157 1441/1637/157 1444/1640/157
f 1439/1642/157 1437/4646/157 1443/1641/157
f 42/1646/158 45/1650/158 1459/1647/158
f 1459/1647/158 1452/4647/158 50/1648/158
f 42/1646/158 50/1648/158 9/1649/158
f 9/1649/158 18/1659/158 45/1650/158
f 1454/1651/158 1448/4648/158 1447/1652/158
f 1450/1654/158 1449/4649/158 1458/1655/158
f 1457/1643/158 1456/1645/158 18/1659/158
f 18/1659/158 9/1649/158 1451/1656/158
f 18/1659/158 1451/1656/158 1458/1655/158
f 1453/1657/158 1455/1644/158 1457/1643/158
f 1457/1643/158 18/1659/158 1458/1655/158
f 1449/4649/158 1450/1654/158 1448/4648/158
f 1457/1643/158 1458/1655/158 1449/4649/158
f 1447/1652/158 1446/4650/158 1453/1657/158
f 1445/1653/524 1447/1652/524 1453/1657/524
f 1457/1643/158 1449/4649/158 1448/4648/158
f 1454/1651/158 1445/1653/158 1453/1657/158
f 1457/1643/158 1448/4648/158 1454/1651/158
f 17/1658/159 44/1660/159 45/1650/159
f 1459/1647/159 45/1650/159 44/1660/159
f 1456/1645/159 1455/1644/159 1461/1662/159
f 1455/1644/159 1453/1657/159 1460/1664/159
f 18/1659/159 1456/1645/159 1462/1663/159
f 1475/1666/160 1463/1661/160 44/1660/160
f 43/1665/160 51/1678/160 1475/1666/160
f 1469/1670/160 1471/1672/160 1472/1667/160
f 1474/1668/160 1467/1676/160 1468/1671/160
f 1466/1669/160 1469/1670/160 1472/1667/160
f 1474/1668/160 1468/1671/160 1466/1669/160
f 1462/1663/160 1461/1662/160 1469/1670/160
f 1473/1675/160 1472/1667/160 1471/1672/160
f 1471/1672/160 1469/1670/160 1461/1662/160
f 1460/1664/160 1465/4651/160 1464/1673/160
f 1464/1673/160 1473/1675/160 1471/1672/160
f 1461/1662/160 1460/1664/160 1464/1673/160
f 1464/1673/160 1465/4651/160 1470/1674/160
f 1467/1676/160 1474/1668/160 10/1677/160
f 1462/1663/160 1468/1671/160 1467/1676/160
f 1467/1676/160 10/1677/160 17/1658/160
f 51/1678/160 43/1665/160 44/1660/160
f 44/1660/160 17/1658/160 10/1677/160
f 1472/1667/161 1450/4652/161 1451/1679/161
f 10/1677/161 9/1684/161 50/1680/161
f 51/1678/161 50/1680/161 1452/1681/161
f 1476/1683/161 1447/1686/161 1448/1682/161
f 1448/1682/161 1473/1675/161 1470/1674/161
f 9/1684/161 10/1677/161 1474/1668/161
f 1448/1682/161 1450/4652/161 1472/1667/161
f 90/1687/162 110/1691/162 1479/1688/162
f 1483/1692/162 1480/1693/162 151/1696/162
f 151/1696/162 152/1695/162 1220/1690/162
f 1220/1690/162 104/4653/162 110/1691/162
f 1483/1692/162 151/1696/162 1220/1690/162
f 1480/1693/162 1483/1692/162 110/1691/162
f 142/1694/162 141/1710/162 1220/1690/162
f 110/1691/162 104/4653/162 1482/1698/162
f 1482/1698/162 1477/4654/162 1478/1689/162
f 1479/1688/162 110/1691/162 1482/1698/162
f 22/1699/162 28/1702/162 1194/1700/162
f 1194/1700/162 1193/4655/162 1481/1701/162
f 1481/1701/162 21/1703/162 22/1699/162
f 28/1702/162 22/1699/162 21/1703/162
f 1194/1700/162 141/1710/162 142/1694/162
f 142/1694/162 152/1695/162 1221/1697/162
f 1221/1697/162 1193/4655/162 1194/1700/162
f 144/1706/163 141/1710/163 1194/1700/163
f 1194/1700/163 1196/1707/163 1205/1705/163
f 1205/1705/163 1210/4656/163 144/1706/163
f 28/1702/525 29/1711/525 1196/1707/525
f 1482/1698/163 104/4653/163 102/1708/163
f 102/1708/163 144/1706/163 1210/4656/163
f 1210/4656/163 1205/1705/163 1485/1709/163
f 1485/1709/163 1486/4657/163 1482/1698/163
f 102/1708/163 1210/4656/163 1485/1709/163
f 102/1708/163 104/4653/163 1220/1690/163
f 103/1714/165 109/1713/165 1490/1715/165
f 1490/1715/526 1489/1721/526 1488/1722/526
f 1488/1722/165 1486/4657/165 1485/1709/165
f 1485/1709/165 1491/4658/165 1492/1719/165
f 1487/1718/165 127/1712/165 103/1714/165
f 1485/1709/165 1492/1719/165 1487/1718/165
f 1490/1715/165 1488/1722/165 1485/1709/165
f 1485/1709/165 1487/1718/165 103/1714/165
f 99/1716/527 1489/1721/527 1490/1715/527
f 125/1717/165 127/1712/165 1487/1718/165
f 99/1716/165 109/1713/165 127/1712/165
f 90/1720/167 1478/1723/167 1489/1721/167
f 1488/1722/167 1489/1721/167 1478/1723/167
f 139/1726/167 151/4659/167 1480/1727/167
f 1193/1728/167 1221/4660/167 1217/1731/167
f 1217/1731/167 1221/4660/167 151/4659/167
f 139/1726/167 126/1725/167 1492/1719/167
f 1217/1731/167 151/4659/167 139/1726/167
f 1492/1719/167 1491/4658/167 1217/1731/167
f 90/1720/167 99/1716/167 125/1717/167
f 125/1717/167 126/1725/167 1480/1727/167
f 1494/1732/168 1495/4661/168 1496/1733/168
f 923/1735/169 955/1737/169 1500/1742/169
f 1500/1742/169 1501/1744/169 1499/1736/169
f 1496/1733/169 1495/4661/169 918/1740/169
f 923/1735/169 1500/1742/169 1499/1736/169
f 1496/1733/169 918/1740/169 923/1735/169
f 955/1737/169 1498/1741/169 1502/1738/169
f 955/1737/169 923/1735/169 918/1740/169
f 918/1740/169 1497/1745/169 1502/1738/169
f 1498/1741/169 955/1737/169 918/1740/169
f 948/1739/169 1501/1744/169 1500/1742/169
f 952/1743/170 1509/1750/170 1501/1744/170
f 948/1739/170 1502/1738/170 1503/1746/170
f 1504/1749/170 1505/1748/170 1507/4662/170
f 1499/1736/170 1501/1744/170 1509/1750/170
f 1509/1750/170 1508/4663/170 1506/1747/170
f 1504/1749/170 1507/4662/170 1499/1736/170
f 1509/1750/170 1506/1747/170 1504/1749/170
f 1493/1752/171 1507/4662/171 1505/1748/171
f 1510/1753/171 1506/1747/171 1508/4663/171
f 1493/1752/171 1505/1748/171 1510/1753/171
f 1510/1753/171 1508/4663/171 1494/1751/171
f 966/1754/172 916/4664/172 929/1755/172
f 1512/4665/172 1519/1767/172 1518/1757/172
f 1517/1758/172 1511/4666/172 966/1754/172
f 1517/1758/172 966/1754/172 941/1756/172
f 916/4664/172 1512/4665/172 1518/1757/172
f 1517/1758/172 941/1756/172 929/1755/172
f 929/1755/172 916/4664/172 1518/1757/172
f 1525/1764/172 1526/1763/172 1513/1765/172
f 1513/1765/172 1515/4667/172 1527/1766/172
f 1524/1762/172 1522/1761/172 1523/1760/172
f 1523/1760/172 1516/1769/172 1526/1763/172
f 1516/1769/172 1523/1760/172 1514/1770/172
f 1514/1770/172 1519/1767/172 1512/4665/172
f 1513/1765/172 1526/1763/172 1516/1769/172
f 1514/1770/172 1512/4665/172 1513/1765/172
f 1521/1759/528 1520/1768/528 1519/1767/528
f 1519/1767/172 1514/1770/172 1523/1760/172
f 928/1771/174 967/4668/174 940/1772/174
f 1528/1775/174 1521/1759/174 1522/1761/174
f 1522/1761/174 1532/1782/174 1531/1774/174
f 1531/1774/529 1530/1781/529 1529/1780/529
f 1534/1777/174 1541/4669/174 1518/1757/174
f 1518/1757/174 1520/1768/174 1542/4670/174
f 1536/1778/174 1531/1774/174 1529/1780/174
f 1534/1777/174 1518/1757/174 1542/4670/174
f 1536/1778/174 1529/1780/174 1535/1776/174
f 1534/1777/174 1542/4670/174 1536/1778/174
f 1529/1780/174 1530/1781/174 1525/1764/174
f 1525/1764/174 1527/1766/174 1540/1783/174
f 1537/1779/174 1538/1784/174 1535/1776/174
f 1525/1764/174 1540/1783/174 1537/1779/174
f 1537/1779/174 1535/1776/174 1529/1780/174
f 1530/1781/174 1532/1782/174 1524/1762/174
f 1536/1778/174 1542/4670/174 1520/1768/174
f 1520/1768/174 1521/1759/174 1528/1775/174
f 1528/1775/174 1531/1774/174 1536/1778/174
f 1541/4669/174 1534/1777/174 928/1771/174
f 1541/4669/174 928/1771/174 934/1773/174
f 967/4668/174 1533/4671/174 1517/1758/174
f 940/1772/174 967/4668/174 1517/1758/174
f 1518/1757/174 1541/4669/174 934/1773/174
f 934/1773/174 940/1772/174 1517/1758/174
f 1540/1783/174 1539/1791/174 1538/1784/174
f 1549/1787/175 1533/4671/175 967/4668/175
f 1549/1787/175 967/4668/175 969/1790/175
f 1544/1786/175 1546/1789/175 1549/1787/175
f 928/1771/175 1534/1777/175 1544/1786/175
f 1549/1787/175 969/1790/175 921/1785/175
f 921/1785/175 928/1771/175 1544/1786/175
f 1546/1789/175 1544/1786/175 1534/1777/175
f 1534/1777/175 1535/1776/175 1543/1788/175
f 1543/1788/175 1545/1793/175 1546/1789/175
f 969/1790/175 967/4668/175 928/1771/175
f 1539/1791/175 1550/4672/175 1548/1792/175
f 1550/4672/175 1547/4673/175 1545/1793/175
f 1543/1788/175 1535/1776/175 1538/1784/175
f 1548/1792/175 1550/4672/175 1545/1793/175
f 1543/1788/175 1538/1784/175 1548/1792/175
f 1552/1797/176 1551/1795/176 1545/1793/176
f 1545/1793/176 1547/4673/176 1515/1798/176
f 1515/1798/176 1513/1803/176 1552/1797/176
f 1546/1789/176 1545/1793/176 1551/1795/176
f 1512/1804/176 916/4674/176 915/1801/176
f 965/1799/176 966/1802/176 1511/4675/176
f 1553/1800/176 1512/1804/176 915/1801/176
f 965/1799/176 1511/4675/176 1549/1787/176
f 1553/1800/176 915/1801/176 965/1799/176
f 1546/1789/176 1554/1794/176 1553/1800/176
f 965/1799/176 1549/1787/176 1546/1789/176
f 915/1801/176 916/4674/176 966/1802/176
f 1555/1796/530 1551/1795/530 1552/1797/530
f 1512/1804/176 1553/1800/176 1554/1794/176
f 1555/1796/176 1552/1797/176 1513/1803/176
f 1512/1804/176 1554/1794/176 1555/1796/176
f 1556/1805/177 1559/1825/177 1558/1806/177
f 1509/1808/178 1560/4676/178 1500/1809/178
f 1290/1811/178 1226/4677/178 1237/1812/178
f 1563/1814/178 1566/1826/178 1572/1815/178
f 1572/1815/178 1568/1817/178 1565/1816/178
f 1565/1816/178 1564/1818/178 1563/1814/178
f 1568/1817/178 1567/1822/178 1564/1818/178
f 1567/1822/178 1568/1817/178 1561/1823/178
f 1559/1825/178 1509/1808/178 1501/1810/178
f 1501/1810/178 1500/1809/178 1263/1813/178
f 1501/1810/178 1263/1813/178 1237/1812/178
f 1572/1815/178 1558/1806/178 1559/1825/178
f 1561/1823/178 1568/1817/178 1572/1815/178
f 1290/1811/178 1562/1824/178 1561/1823/178
f 1226/4677/178 1290/1811/178 1561/1823/178
f 1561/1823/178 1572/1815/178 1559/1825/178
f 1559/1825/178 1501/1810/178 1237/1812/178
f 1237/1812/178 1226/4677/178 1561/1823/178
f 1563/1814/178 1570/1819/178 1571/1821/178
f 1576/1828/179 1567/1822/179 1562/1824/179
f 1562/1824/179 1573/1830/179 1579/1827/179
f 1562/1824/179 1290/1811/179 1228/1829/179
f 1228/1829/179 1243/1836/179 1573/1830/179
f 1584/1833/179 1563/1814/179 1564/1818/179
f 1575/1831/531 1576/1828/531 1578/1832/531
f 1584/1833/179 1564/1818/179 1575/1831/179
f 1567/1822/531 1576/1828/531 1575/1831/531
f 1500/1809/179 1560/4676/179 953/1834/179
f 1263/1813/179 1250/1839/179 1243/1836/179
f 1243/1836/179 1228/1829/179 1290/1811/179
f 1570/1819/179 1563/1814/179 1584/1833/179
f 1574/1838/179 1498/1840/179 955/1835/179
f 955/1835/179 949/1841/179 1250/1839/179
f 1250/1839/179 1263/1813/179 1500/1809/179
f 1584/1833/179 1577/1846/179 1585/1842/179
f 1585/1842/179 1569/1820/179 1570/1819/179
f 1580/1837/179 1584/1833/179 1585/1842/179
f 1577/1846/179 1584/1833/179 1578/1832/179
f 1578/1832/179 1576/1828/179 1579/1827/179
f 1579/1827/179 1583/1843/179 1582/1845/179
f 1582/1845/179 1585/1842/179 1577/1846/179
f 1577/1846/179 1578/1832/179 1579/1827/179
f 1498/1840/180 1574/1838/180 1503/1849/180
f 1502/1850/180 1503/1849/180 964/1851/180
f 964/1851/180 950/4678/180 949/1841/180
f 949/1841/180 1498/1840/180 1502/1850/180
f 1587/1853/180 1583/1843/180 1579/1827/180
f 1586/1848/180 1573/1830/180 1243/1836/180
f 1587/1853/180 1579/1827/180 1586/1848/180
f 1556/1852/180 1557/4679/180 1587/1853/180
f 950/4678/180 964/1851/180 1556/1852/180
f 1250/1839/180 949/1841/180 950/4678/180
f 1586/1848/180 1243/1836/180 1238/1847/180
f 1238/1847/180 1250/1839/180 950/4678/180
f 1556/1852/180 1587/1853/180 1586/1848/180
f 1238/1847/180 950/4678/180 1556/1852/180
f 618/1854/182 629/1869/182 1594/1855/182
f 1597/1859/182 1591/1860/182 1590/4680/182
f 1595/1858/182 1593/1868/182 1592/1861/182
f 1597/1859/182 1590/4680/182 1598/1857/182
f 1595/1858/182 1592/1861/182 1597/1859/182
f 1058/1862/182 1060/4681/182 665/1863/182
f 642/1866/182 1589/1870/182 1060/4681/182
f 1058/1862/182 666/1864/182 652/1865/182
f 642/1866/532 1060/4681/532 1058/1862/532
f 1078/1867/182 1087/4682/182 666/1864/182
f 652/1865/182 666/1864/182 1087/4682/182
f 1087/4682/182 1078/1867/182 1593/1868/182
f 1595/1858/183 1596/1871/183 642/1866/183
f 652/1865/182 1087/4682/182 1593/1868/182
f 1595/1858/182 642/1866/182 652/1865/182
f 642/1866/532 641/1872/532 629/1869/532
f 629/1869/182 618/1854/182 1589/1870/182
f 1595/1858/184 1600/4683/184 1606/1873/184
f 1599/1874/184 1605/1876/184 1608/4684/184
f 1608/4684/184 1594/1855/184 629/1869/184
f 630/1878/184 641/1872/184 1596/1871/184
f 1608/4684/184 629/1869/184 630/1878/184
f 1607/1877/184 1604/1875/184 1599/1874/184
f 1599/1874/184 1608/4684/184 630/1878/184
f 630/1878/184 1596/1871/184 1606/1873/184
f 1600/4683/184 1595/1858/184 1598/1857/184
f 1599/1874/184 630/1878/184 1606/1873/184
f 1606/1873/184 1600/4683/184 1598/1857/184
f 1598/1857/184 1602/1882/184 1607/1877/184
f 1599/1874/184 1606/1873/184 1598/1857/184
f 1602/1882/184 1603/1880/184 1609/1879/184
f 1611/1883/185 640/1894/185 628/1884/185
f 628/1884/185 626/1893/185 1614/1904/185
f 1608/4684/185 1605/1876/185 1610/1885/185
f 1610/1885/185 1618/1895/185 1619/1915/185
f 1610/1885/185 1619/1915/185 1613/1892/185
f 628/1884/185 1614/1904/185 1608/4684/185
f 1610/1885/185 1613/1892/185 1611/1883/185
f 628/1884/185 1608/4684/185 1610/1885/185
f 1091/1891/185 640/1894/185 653/1886/185
f 653/1886/185 660/1902/185 1082/1887/185
f 1081/1888/185 1091/1891/185 653/1886/185
f 1615/1889/185 1062/1909/185 1061/1890/185
f 1619/1915/185 660/1902/185 653/1886/185
f 653/1886/185 640/1894/185 1611/1883/185
f 1613/1892/185 1619/1915/185 653/1886/185
f 1091/1891/185 1081/1888/185 1082/1887/185
f 640/1894/185 1091/1891/185 1061/1890/185
f 1061/1890/185 1062/1909/185 626/1893/185
f 626/1893/185 628/1884/185 640/1894/185
f 1610/1885/185 1605/1876/185 1604/1875/185
f 1604/1875/185 1617/1898/185 1618/1895/185
f 1609/1879/185 1601/1881/185 1616/1896/185
f 1616/1896/185 1617/1898/185 1604/1875/185
f 1604/1875/185 1607/1877/185 1612/1897/185
f 1612/1897/185 1609/1879/185 1616/1896/185
f 1617/1898/186 1616/1896/186 1590/1899/186
f 626/1893/186 618/1911/186 1588/1903/186
f 1617/1898/186 1591/1900/186 1592/1905/186
f 1592/1905/186 1620/1907/186 1618/1895/186
f 667/1901/186 665/1913/186 1060/1906/186
f 1060/1906/187 1066/1914/187 1615/1889/187
f 1615/1889/186 1082/1887/186 667/1901/186
f 1620/1907/186 1592/1905/186 1593/1908/186
f 1593/1908/186 1619/1915/186 1618/1895/186
f 618/1911/186 626/1893/186 1062/1909/186
f 1062/1909/186 1066/1914/186 1589/1910/186
f 667/1901/186 660/1902/186 1619/1915/186
f 1619/1915/186 1593/1908/186 1078/1912/186
f 1623/1916/189 1621/4685/189 1622/1917/189
f 1624/1918/190 1626/1923/190 1625/1919/190
f 824/1922/533 1625/1919/533 1626/1923/533
f 1626/1923/533 1628/1925/533 823/1920/533
f 805/1924/279 823/1920/279 1628/1925/279
f 1628/1925/193 1622/4686/193 1621/1926/193
f 1621/1926/534 806/4687/534 805/1924/534
f 805/1924/535 806/4687/535 1627/1921/535
f 1207/1927/194 1212/1936/194 1219/1928/194
f 1635/1960/194 1219/1928/194 1216/1930/194
f 1216/1930/194 1212/1936/194 1629/1931/194
f 1629/1931/194 1630/4688/194 1636/1932/194
f 1636/1932/194 1635/1960/194 1216/1930/194
f 185/1933/194 165/1940/194 1634/1934/194
f 208/1937/194 209/1941/194 1631/1938/194
f 1631/1938/194 1633/1942/194 212/1939/194
f 208/1937/194 212/1939/194 165/1940/194
f 165/1940/194 185/1933/194 209/1941/194
f 1219/1928/194 1635/1960/194 1633/1942/194
f 1633/1942/194 1631/1938/194 1218/1929/194
f 134/1943/196 130/1957/196 1211/1944/196
f 1637/1948/196 1639/1947/196 1634/1934/196
f 1634/1934/196 165/1940/196 168/1949/196
f 168/1949/196 212/1939/196 1633/1942/196
f 1644/1951/196 1638/1946/196 1637/1948/196
f 1637/1948/196 1634/1934/196 168/1949/196
f 168/1949/196 1633/1942/196 1643/1950/196
f 1644/1951/196 1637/1948/196 168/1949/196
f 1641/1952/196 92/1959/196 94/1953/196
f 1211/1944/196 130/1957/196 105/1955/196
f 105/1955/196 94/1953/196 1635/1960/196
f 1636/1932/196 1640/1967/196 1204/1945/196
f 1636/1932/196 1204/1945/196 1211/1944/196
f 105/1955/196 1635/1960/196 1636/1932/196
f 1642/1954/196 94/1953/196 105/1955/196
f 105/1955/196 130/1957/196 1175/1956/196
f 1175/1956/536 1176/1958/536 1641/1952/536
f 1642/1954/196 105/1955/196 1175/1956/196
f 130/1957/196 134/1943/196 1176/1958/196
f 1635/1960/196 94/1953/196 92/1959/196
f 92/1959/196 1643/1950/196 1633/1942/196
f 1176/1958/197 134/1943/197 132/1961/197
f 1176/1958/537 1182/1962/537 1647/1963/537
f 1648/1965/198 1645/1970/198 1643/1950/198
f 1643/1950/197 92/1959/197 96/1964/197
f 1646/1968/197 1195/4689/197 1197/1966/197
f 1197/1966/197 1204/1945/197 1640/1967/197
f 1197/1966/198 1195/4689/198 132/1961/198
f 132/1961/197 134/1943/197 1204/1945/197
f 92/1959/538 1641/1952/538 1647/1963/538
f 1645/1970/197 1648/1965/197 219/1971/197
f 169/1969/197 171/1972/197 1649/1978/197
f 1645/1970/197 219/1971/197 169/1969/197
f 1644/1951/197 1643/1950/197 1645/1970/197
f 169/1969/197 1649/1978/197 1644/1951/197
f 1198/1973/199 1195/4689/199 1646/1968/199
f 1646/1968/199 1630/4690/199 1629/1989/199
f 1651/1974/199 1206/1983/199 1198/1973/199
f 1646/1968/199 1629/1989/199 1651/1974/199
f 1631/1976/199 1650/1988/199 1648/1965/199
f 1648/1965/199 96/1964/199 111/1979/199
f 1180/1975/199 1218/1985/199 1631/1976/199
f 1648/1965/199 111/1979/199 1180/1975/199
f 185/1977/199 1632/4691/199 1649/1978/199
f 111/1979/199 96/1964/199 1647/1963/199
f 113/1981/199 111/1979/199 1187/1980/199
f 1206/1983/199 135/1982/199 132/1961/199
f 132/1961/199 1195/4689/199 1198/1973/199
f 1182/1962/199 132/1961/199 135/1982/199
f 1218/1985/199 1180/1975/199 111/1979/199
f 113/1981/199 135/1982/199 1206/1983/199
f 1218/1985/199 111/1979/199 113/1981/199
f 113/1981/199 1206/1983/199 1207/1984/199
f 219/1971/199 206/1987/199 209/1986/199
f 209/1986/199 185/1977/199 171/1972/199
f 1650/1988/199 1631/1976/199 209/1986/199
f 206/1987/199 219/1971/199 1648/1965/199
f 1650/1988/199 209/1986/199 206/1987/199
f 1206/1983/199 1651/1974/199 1629/1989/199
f 1186/1994/201 1183/2019/201 1173/1991/201
f 1144/1990/201 1146/1992/201 1222/1993/201
f 1186/1994/201 1173/1991/201 1144/1990/201
f 1658/1999/201 1659/2017/201 13/2020/201
f 3/1998/201 57/1995/201 1653/1997/201
f 1658/1999/201 13/2020/201 3/1998/201
f 1653/1997/201 1655/2016/201 1658/1999/201
f 240/2000/201 241/4692/201 272/2001/201
f 1156/2004/201 1148/2025/201 1146/1992/201
f 1146/1992/201 1173/1991/201 1171/2003/201
f 95/2005/201 97/2018/201 159/2006/201
f 1043/2010/201 1044/2032/201 1052/2008/201
f 1052/2008/201 1053/2012/201 1047/2009/201
f 1654/2014/201 13/2020/201 24/2013/201
f 24/2013/201 30/4693/201 52/1996/201
f 52/1996/201 57/1995/201 1654/2014/201
f 1652/2015/201 1657/4694/201 1658/1999/201
f 156/2007/201 159/2006/201 30/4693/201
f 24/2013/201 13/2020/201 1659/2017/201
f 156/2007/201 30/4693/201 24/2013/201
f 1183/2019/201 1186/1994/201 97/2018/201
f 97/2018/201 95/2005/201 1171/2003/201
f 1171/2003/201 1173/1991/201 1183/2019/201
f 57/1995/201 3/1998/201 13/2020/201
f 1254/2022/201 1253/2021/201 241/4692/201
f 241/4692/201 240/2000/201 1044/2032/201
f 1043/2010/201 1047/2009/201 1656/2024/201
f 241/4692/201 1044/2032/201 1043/2010/201
f 1656/2024/201 1266/2023/201 1254/2022/201
f 1254/2022/539 241/4692/539 1043/2010/539
f 1148/2025/201 1156/2004/201 271/2002/201
f 271/2002/201 272/2001/201 1222/1993/201
f 1222/1993/201 1146/1992/201 1148/2025/201
f 838/2026/202 1663/2039/202 793/2027/202
f 68/2029/202 156/2007/202 1659/2017/202
f 1666/2030/202 1166/2042/202 1165/2031/202
f 1165/2031/202 1171/2003/202 95/2005/202
f 1165/2031/202 95/2005/202 88/4695/202
f 68/2029/202 1659/2017/202 1666/2030/202
f 1165/2031/202 88/4695/202 68/2029/202
f 68/2029/202 88/4695/202 95/2005/202
f 1044/2032/202 1045/2035/202 1051/2033/202
f 1045/2035/202 1044/2032/202 240/2000/202
f 240/2000/202 239/2049/202 317/2047/202
f 287/2034/202 285/2048/202 1045/2035/202
f 240/2000/202 317/2047/202 287/2034/202
f 1052/2008/202 1051/2033/202 1667/2036/202
f 1661/2037/202 838/2026/202 783/2028/202
f 783/2028/202 793/2027/202 1658/1999/202
f 1658/1999/202 1657/4694/202 1661/2037/202
f 795/2038/202 793/2027/202 1663/2039/202
f 1665/2041/202 1664/2046/202 1666/2030/202
f 1666/2030/202 1659/2017/202 1658/1999/202
f 1658/1999/202 793/2027/202 795/2038/202
f 795/2038/202 809/2040/202 1662/2045/202
f 1665/2041/202 1666/2030/202 1658/1999/202
f 795/2038/202 1662/2045/202 1665/2041/202
f 1166/2042/202 1157/2043/202 1156/2004/202
f 1156/2004/202 1171/2003/202 1165/2031/202
f 271/2002/202 1156/2004/202 1157/2043/202
f 240/2000/202 271/2002/202 280/2044/202
f 1663/2039/203 838/2026/203 841/2050/203
f 841/2050/203 1671/2052/203 1669/2051/203
f 1050/2054/203 1051/2033/203 1045/2035/203
f 1667/2036/203 1051/2033/203 1050/2054/203
f 1042/2055/203 1045/2035/203 285/2048/203
f 1675/2058/203 1667/2036/203 1050/2054/203
f 1042/2055/203 285/2048/203 288/2056/203
f 1675/2058/203 1050/2054/203 1042/2055/203
f 233/2057/203 237/2086/203 1675/2058/203
f 317/2047/203 239/2049/203 233/2057/203
f 1675/2058/203 1042/2055/203 288/2056/203
f 288/2056/203 317/2047/203 233/2057/203
f 281/2071/203 280/2044/203 1157/2043/203
f 281/2071/203 1157/2043/203 1149/2068/203
f 1666/2030/203 11/2065/203 25/2059/203
f 1164/2069/203 1166/2042/203 1666/2030/203
f 281/2071/203 1149/2068/203 1140/2061/203
f 1140/2061/203 1164/2069/203 1666/2030/203
f 1140/2061/203 1666/2030/203 25/2059/203
f 31/2060/203 281/2071/203 1140/2061/203
f 810/2063/540 812/2073/540 1673/2062/540
f 1673/2062/203 1664/2046/203 1662/2045/203
f 58/2064/203 1668/2070/203 11/2065/203
f 1669/2051/203 810/2063/203 809/2040/203
f 838/2026/203 1661/2037/203 1670/2067/203
f 1164/2069/203 1140/2061/203 1149/2068/203
f 1149/2068/203 1157/2043/203 1166/2042/203
f 58/2064/203 59/2077/203 31/2060/203
f 31/2060/203 25/2059/203 11/2065/203
f 1668/2070/203 58/2064/203 31/2060/203
f 281/2071/203 237/2086/203 233/2057/203
f 233/2057/203 239/2049/203 280/2044/203
f 812/2073/203 810/2063/203 1669/2051/203
f 1669/2051/203 1672/2053/203 1674/2072/203
f 5/2066/203 11/2065/203 1666/2030/203
f 1673/2062/203 58/2064/203 5/2066/203
f 5/2066/203 1666/2030/203 1664/2046/203
f 812/2073/203 1674/2072/203 1676/2074/203
f 58/2064/541 1673/2062/541 814/2076/541
f 814/2076/203 813/2075/203 59/2077/203
f 779/2078/206 780/2096/206 1671/2052/206
f 797/2079/206 813/2075/206 1676/2074/206
f 790/2081/206 1674/2072/206 1672/2053/206
f 67/2083/206 159/4696/206 97/2084/206
f 241/2088/206 236/2089/206 237/2086/206
f 237/2086/206 281/2071/206 277/4697/206
f 273/2087/206 272/4698/206 241/2088/206
f 237/2086/206 277/4697/206 273/2087/206
f 1675/2058/206 237/2086/206 236/2089/206
f 236/2089/206 241/2088/206 1253/2103/206
f 1251/2090/206 1266/2104/206 1656/2091/206
f 236/2089/206 1253/2103/206 1251/2090/206
f 1656/2091/206 1675/2058/206 236/2089/206
f 1653/2092/206 1679/2097/206 1678/2093/206
f 803/2080/206 1676/2074/206 1674/2072/206
f 790/2081/206 1679/2097/206 1677/2095/206
f 1672/2053/206 1671/2052/206 780/2096/206
f 1655/2094/206 1678/2093/206 780/2096/206
f 779/2078/206 841/2050/206 1670/2067/206
f 1655/2094/206 780/2096/206 779/2078/206
f 1670/2067/206 1652/4699/206 1655/2094/206
f 781/2082/206 1678/2093/206 1679/2097/206
f 30/2098/206 31/2060/206 59/2077/206
f 1679/2097/206 1653/2092/206 52/2099/206
f 52/2099/206 59/2077/206 813/2075/206
f 797/2079/206 803/2080/206 1677/2095/206
f 52/2099/206 813/2075/206 797/2079/206
f 1677/2095/206 1679/2097/206 52/2099/206
f 1185/2102/206 1222/2101/206 272/4698/206
f 272/4698/542 273/2087/542 277/4697/542
f 277/4697/206 281/2071/206 31/2060/206
f 31/2060/206 30/2098/206 159/4696/206
f 31/2060/206 159/4696/206 67/2083/206
f 1185/2102/206 272/4698/206 277/4697/206
f 97/2084/206 1186/2100/206 1185/2102/206
f 31/2060/206 67/2083/206 87/2085/206
f 87/2085/206 97/2084/206 1185/2102/206
f 1185/2102/206 277/4697/206 31/2060/206
f 960/2105/207 959/2117/207 970/2106/207
f 1686/2115/207 971/2107/207 970/2106/207
f 970/2106/207 1691/2113/207 1684/2108/207
f 1684/2108/207 1685/2111/207 1683/2110/207
f 1683/2110/207 1681/4700/207 1682/2109/207
f 1689/2116/207 1686/2115/207 970/2106/207
f 1684/2108/207 1683/2110/207 1682/2109/207
f 1682/2109/207 1689/2116/207 970/2106/207
f 1682/2109/207 1681/4700/207 1686/2115/207
f 959/2117/207 960/2105/207 1687/2118/207
f 919/2124/208 931/2128/208 1693/2120/208
f 1693/2120/208 1695/2126/208 1694/2121/208
f 1694/2121/208 1691/2113/208 970/2106/208
f 970/2106/209 919/2124/209 1693/2120/209
f 1692/2123/209 1696/4701/209 935/2125/209
f 939/2122/208 959/2117/208 1690/2119/208
f 1692/2123/208 935/2125/208 939/2122/208
f 935/2125/209 931/2128/209 919/2124/209
f 919/2124/209 970/2106/209 959/2117/209
f 959/2117/208 939/2122/208 935/2125/208
f 1688/2114/208 1691/2113/208 1694/2121/208
f 1701/2129/210 375/2147/210 326/2130/210
f 326/2130/210 375/2147/210 1697/2139/210
f 1697/2139/210 1693/2120/210 931/2128/210
f 930/2127/210 935/2125/210 1696/4701/210
f 1697/2139/210 931/2128/210 930/2127/210
f 1699/2133/210 327/2131/210 326/2130/210
f 326/2130/210 1697/2139/210 930/2127/210
f 930/2127/210 1696/4701/210 1698/2132/210
f 1698/2132/210 1700/2134/210 1699/2133/210
f 1699/2133/210 326/2130/210 930/2127/210
f 1700/2134/210 328/2135/210 327/2131/210
f 1702/2136/211 1683/4702/211 1680/2137/211
f 1702/2136/211 1704/2138/211 1697/2139/211
f 1697/2139/212 375/2147/212 376/2146/212
f 1703/2140/212 1681/2145/212 1683/4702/212
f 1697/2139/212 376/2146/212 1703/2140/212
f 1703/2140/212 1683/4702/212 1702/2136/212
f 324/2141/212 376/2146/212 1701/2129/212
f 920/2144/212 933/2148/212 938/2142/212
f 938/2142/211 960/4703/211 971/2143/211
f 1681/2145/212 1703/2140/212 376/2146/212
f 324/2141/212 328/2135/212 1700/2134/212
f 1681/2145/212 376/2146/212 324/2141/212
f 1700/2134/212 1686/4704/212 1681/2145/212
f 1698/2132/212 1705/4705/212 1687/4706/212
f 1687/4706/211 960/4703/211 938/2142/211
f 1687/4706/212 938/2142/212 933/2148/212
f 971/2143/211 1686/4704/211 1700/2134/211
f 920/2144/212 971/2143/212 1700/2134/212
f 1698/2132/212 1687/4706/212 933/2148/212
f 933/2148/212 920/2144/212 1700/2134/212
f 1708/2149/213 1712/2153/213 1713/2150/213
f 1708/2149/213 357/2155/213 358/2152/213
f 1711/2154/213 358/2152/213 357/2155/213
f 1706/2157/213 1707/2151/213 1713/2150/213
f 347/2162/214 358/2152/214 1711/2154/214
f 1716/2168/214 1710/2158/214 1713/2150/214
f 1719/2164/214 1712/2153/214 358/2152/214
f 1714/2159/214 1717/2161/214 1716/2168/214
f 347/2162/214 340/2163/214 1715/2165/214
f 1719/2164/543 358/2152/543 347/2162/543
f 1714/2159/543 1716/2168/543 1713/2150/543
f 1719/2164/214 347/2162/214 1715/2165/214
f 1714/2159/214 1713/2150/214 1719/2164/214
f 1719/2164/214 1715/2165/214 1718/2160/214
f 1715/2165/215 1720/4707/215 1721/2166/215
f 1717/2161/215 1718/2160/215 1721/2166/215
f 1716/2168/215 1717/2161/215 1722/2167/215
f 1709/2170/216 357/4708/216 346/2171/216
f 1721/2166/216 1720/4707/216 337/2172/216
f 346/2171/216 357/4708/216 1708/2176/216
f 1721/2166/544 337/2172/544 346/2171/544
f 1723/2169/216 1722/2167/216 1725/2173/216
f 346/2171/216 1708/2176/216 1724/2174/216
f 1706/4709/216 1723/2169/216 1725/2173/216
f 1721/2166/216 346/2171/216 1724/2174/216
f 1707/2175/216 1706/4709/216 1725/2173/216
f 1725/2173/216 1721/2166/216 1724/2174/216
f 1735/2180/217 1739/2197/217 450/2186/217
f 455/2181/217 524/2185/217 1734/2182/217
f 1735/2180/217 450/2186/217 455/2181/217
f 1734/2182/217 1732/4710/217 1735/2180/217
f 1734/2182/217 524/2185/217 502/2183/217
f 502/2183/217 500/2195/217 1742/2193/217
f 1730/2184/217 1728/2179/217 1729/2178/217
f 1729/2178/217 1727/2177/217 1734/2182/217
f 502/2183/217 1742/2193/217 1730/2184/217
f 1729/2178/217 1734/2182/217 502/2183/217
f 524/2185/217 455/2181/217 450/2186/217
f 1735/2180/217 1732/4710/217 1731/2188/217
f 1731/2188/217 1740/2191/217 1737/2189/217
f 1737/2189/217 1739/2197/217 1735/2180/217
f 1740/2191/217 1731/2188/217 1733/2190/217
f 1733/2190/217 1738/2198/217 1737/2189/217
f 1726/2192/217 1730/2184/217 1742/2193/217
f 502/2183/217 524/2185/217 1736/2187/217
f 1737/2189/218 1746/2199/218 1745/2196/218
f 1738/2198/218 1747/2205/218 1746/2199/218
f 500/2195/218 503/2209/218 1749/2200/218
f 1736/2187/218 450/2186/218 456/2201/218
f 456/2201/218 1744/2204/218 1743/2202/218
f 456/2201/218 450/2186/218 1739/2197/218
f 1741/2194/218 1742/2193/218 1749/2200/218
f 1744/2204/218 503/2209/218 500/2195/218
f 500/2195/218 1736/2187/218 1743/2202/218
f 1752/2207/219 1746/2199/219 1747/2205/219
f 1747/2205/219 1759/2227/219 1758/2206/219
f 1750/2208/219 1749/2200/219 503/2209/219
f 510/2211/219 529/2219/219 1754/2217/219
f 1753/2212/219 1748/2203/219 1749/2200/219
f 1750/2208/219 505/2210/219 510/2211/219
f 1753/2212/219 1749/2200/219 1750/2208/219
f 510/2211/219 1754/2217/219 1753/2212/219
f 1755/2213/219 1751/4711/219 1745/2196/219
f 1745/2196/219 1746/2199/219 1752/2207/219
f 1752/2207/219 1758/2206/219 1755/2213/219
f 529/2219/219 510/2211/219 505/2210/219
f 505/2210/219 1744/2204/219 456/2201/219
f 456/2201/219 454/2215/219 528/2218/219
f 1757/2214/219 529/2219/219 505/2210/219
f 456/2201/219 528/2218/219 1757/2214/219
f 454/2215/219 456/2201/219 1745/2196/219
f 454/2215/545 1745/2196/545 1751/4711/545
f 1756/2216/219 528/2218/219 454/2215/219
f 454/2215/219 1751/4711/219 1755/2213/219
f 1754/2217/219 529/2219/219 528/2218/219
f 1727/2220/220 1762/2225/220 1760/2221/220
f 1762/2225/220 1756/2216/220 1755/2213/220
f 1755/2213/220 1732/4712/220 1734/2222/220
f 1760/2221/220 1762/2225/220 1755/2213/220
f 1756/2216/220 1762/2225/220 1763/2223/220
f 1728/2224/220 1763/2223/220 1762/2225/220
f 1731/2226/220 1732/4712/220 1755/2213/220
f 1731/2226/220 1758/2206/220 1759/2227/220
f 1761/2229/220 1730/2230/220 1726/4713/220
f 1754/2217/220 1763/2223/220 1761/2229/220
f 1761/2229/220 1726/4713/220 1753/2212/220
f 1730/2230/220 1761/2229/220 1763/2223/220
f 1004/2234/221 763/2246/221 765/2235/221
f 1770/2236/221 765/2235/221 764/2237/221
f 988/2257/221 987/4714/221 1767/2231/221
f 1766/2233/221 1764/2232/221 1765/4715/221
f 988/2257/221 1767/2231/221 1766/2233/221
f 1778/2239/221 1774/2268/221 1768/2240/221
f 1768/2240/221 988/2257/221 1766/2233/221
f 1766/2233/221 1765/4715/221 1778/2239/221
f 979/2244/221 988/2257/221 1768/2240/221
f 1768/2240/221 1774/2268/221 1775/2245/221
f 1775/2245/546 989/2256/546 979/2244/546
f 766/2259/221 764/2237/221 1780/2248/221
f 1780/2248/221 1776/2279/221 1373/2249/221
f 1365/2250/221 766/2259/221 1780/2248/221
f 1366/2251/221 766/2259/221 776/2252/221
f 989/2256/221 757/2243/221 747/2254/221
f 747/2254/221 763/2246/221 1004/2234/221
f 1004/2234/221 987/4714/221 988/2257/221
f 1769/2255/221 989/2256/221 747/2254/221
f 1004/2234/546 988/2257/546 1769/2255/546
f 989/2256/221 1769/2255/221 988/2257/221
f 999/2242/546 1005/2247/546 763/2246/546
f 763/2246/221 747/2254/221 757/2243/221
f 766/2259/221 1366/2251/221 1771/2238/221
f 1382/2260/221 1383/2262/221 776/2252/221
f 776/2252/221 766/2259/221 1365/2250/221
f 1365/2250/221 1373/2249/221 1382/2260/221
f 753/2241/221 752/2278/221 1776/2279/221
f 1776/2279/221 1780/2248/221 764/2237/221
f 764/2237/221 765/2235/221 1005/2247/221
f 997/2258/221 999/2242/221 753/2241/221
f 764/2237/221 1005/2247/221 997/2258/221
f 753/2241/221 1776/2279/221 764/2237/221
f 1779/2263/221 752/2278/221 753/2241/221
f 753/2241/221 757/2243/221 989/2256/221
f 1775/2245/221 1779/2263/221 1773/2264/221
f 1773/2264/221 753/2241/221 989/2256/221
f 1774/2268/223 1778/2239/223 1785/2266/223
f 1785/2266/223 1786/4716/223 1781/2267/223
f 1781/2267/223 1782/2269/223 1774/2268/223
f 1782/2269/223 1791/2277/223 1788/2270/223
f 1784/2271/223 1788/2270/223 1787/2272/223
f 1789/2274/223 1779/2263/223 1775/2245/223
f 1775/2245/223 1784/2271/223 1783/2273/223
f 1783/2273/223 1787/2272/223 1789/2274/223
f 1373/2249/223 1776/2279/223 759/2275/223
f 759/2275/223 754/2280/223 1790/2276/223
f 1790/2276/223 1777/2261/223 1382/2260/223
f 1374/2265/223 1373/2249/223 759/2275/223
f 1790/2276/547 1382/2260/547 1374/2265/547
f 1784/2271/223 1775/2245/223 1774/2268/223
f 1781/2267/548 1786/4716/548 1791/2277/548
f 1789/2274/223 1792/2281/223 759/2275/223
f 759/2275/549 752/2278/549 1779/2263/549
f 1791/2277/224 1786/4716/224 1798/2282/224
f 1799/2283/224 1787/2272/224 1788/2270/224
f 1799/2283/224 1788/2270/224 1793/2287/224
f 1796/2284/224 1791/2277/224 1798/2282/224
f 1799/2283/224 1793/2287/224 1796/2284/224
f 1794/2286/224 1789/2274/224 1787/2272/224
f 1787/2272/224 1799/2283/224 1800/2285/224
f 1788/2270/224 1791/2277/224 1796/2284/224
f 1801/2288/224 1795/2294/224 1792/2281/224
f 1792/2281/224 1789/2274/224 1794/2286/224
f 1794/2286/224 1800/2285/224 1801/2288/224
f 754/2280/224 748/2293/224 761/2289/224
f 1609/2290/224 1603/4717/224 1797/2291/224
f 1801/2288/224 1802/2305/224 761/2289/224
f 748/2293/224 754/2280/224 1792/2281/224
f 1801/2288/224 761/2289/224 748/2293/224
f 748/2293/224 1792/2281/224 1795/2294/224
f 1785/2266/224 1603/4717/224 1609/2290/224
f 1609/2290/224 1612/2292/224 1798/2282/224
f 1798/2282/224 1786/4716/224 1785/2266/224
f 1607/2295/225 1602/2297/225 1765/2296/225
f 1765/2296/225 1764/4718/225 1798/2282/225
f 1798/2282/225 1612/2292/225 1607/2295/225
f 1612/2292/225 1797/2291/225 1602/2297/225
f 1798/2282/225 1764/4718/225 1767/2298/225
f 1767/2298/225 1803/4719/225 1799/2283/225
f 990/2301/225 1004/2300/225 1770/2303/225
f 1803/4719/225 1767/2298/225 987/4720/225
f 1803/4719/225 987/4720/225 981/2299/225
f 990/2301/225 1770/2303/225 1800/2285/225
f 1799/2283/225 1803/4719/225 981/2299/225
f 981/2299/225 990/2301/225 1800/2285/225
f 981/2299/225 987/4720/225 1004/2300/225
f 1771/2302/225 1801/2288/225 1800/2285/225
f 1801/2288/225 1771/2302/225 1366/4721/225
f 1370/2304/225 1380/2307/225 1802/2305/225
f 1801/2288/225 1366/4721/225 1370/2304/225
f 1370/2304/225 1366/4721/225 1772/2306/225
f 177/2308/226 1817/2343/226 1806/2309/226
f 1812/2314/226 1810/2316/226 1816/2324/226
f 1811/2311/226 1807/2323/226 1804/2312/226
f 1812/2314/226 1816/2324/226 1811/2311/226
f 1809/2326/226 1813/2315/226 1805/2313/226
f 1805/2313/226 1812/2314/226 1811/2311/226
f 1804/2312/226 1809/2326/226 1805/2313/226
f 1812/2314/226 1805/2313/226 1813/2315/226
f 1814/2320/226 1815/4722/226 223/2321/226
f 223/2321/226 220/2325/226 1808/2322/226
f 1816/2324/226 1815/4722/226 1814/2320/226
f 1814/2320/226 1808/2322/226 1807/2323/226
f 1807/2323/226 1811/2311/226 1816/2324/226
f 1117/2319/226 1116/2318/226 177/2308/226
f 177/2308/226 170/2310/226 220/2325/226
f 220/2325/226 223/2321/226 1120/2317/226
f 1117/2319/226 177/2308/226 220/2325/226
f 1816/2324/228 1810/2316/228 1820/2328/228
f 1820/2328/228 1823/2358/228 1822/2329/228
f 1824/2331/228 1818/2335/228 1815/4722/228
f 1815/4722/228 1816/2324/228 1822/2329/228
f 1822/2329/228 1823/2358/228 160/2336/228
f 78/2330/228 74/2337/228 1824/2331/228
f 1822/2329/228 160/2336/228 78/2330/228
f 1824/2331/228 1815/4722/228 1822/2329/228
f 1810/2316/228 1813/2315/228 1821/2327/228
f 1821/2327/228 1819/2361/228 1820/2328/228
f 1120/2317/228 223/2321/228 221/2332/228
f 216/2333/228 1130/2345/228 1124/2334/228
f 1124/2334/228 1120/2317/228 221/2332/228
f 1818/2335/228 1824/2331/228 216/2333/228
f 216/2333/460 221/2332/460 223/2321/460
f 223/2321/228 1815/4722/228 1818/2335/228
f 1112/2338/228 1137/2348/228 187/2339/228
f 187/2339/550 175/2344/550 177/2308/550
f 177/2308/228 1116/2318/228 1112/2338/228
f 1827/2341/228 1826/2340/228 1828/2353/228
f 1817/2343/228 177/2308/228 175/2344/228
f 175/2344/228 187/2339/228 1825/2342/228
f 1827/2341/228 1828/2353/228 1817/2343/228
f 175/2344/228 1825/2342/228 1827/2341/228
f 1130/2345/228 1137/2348/228 1112/2338/228
f 1112/2338/228 1116/2318/228 1120/2317/228
f 1120/2317/228 1124/2334/228 1130/2345/228
f 1137/2348/229 1130/2345/229 1123/2346/229
f 1123/2346/229 1125/2375/229 1109/2347/229
f 1109/2347/229 1110/2365/229 1137/2348/229
f 1826/2340/229 1825/2342/229 1833/2349/229
f 1833/2349/229 1835/2354/229 1836/2350/229
f 1836/2350/229 1834/2351/229 1826/2340/229
f 1828/2353/229 1826/2340/229 1834/2351/229
f 1834/2351/229 1836/2350/229 1837/2352/229
f 1833/2349/229 1825/2342/229 187/2339/229
f 187/2339/229 186/4723/229 1835/2354/229
f 74/2337/229 79/2359/229 1832/2355/229
f 1130/2345/229 216/2333/229 213/2356/229
f 213/2356/229 1125/2375/229 1123/2346/229
f 79/2359/229 74/2337/229 160/2336/229
f 1832/2355/229 79/2359/229 71/2363/229
f 213/2356/229 216/2333/229 1824/2331/229
f 1832/2355/229 71/2363/229 213/2356/229
f 1831/2360/229 1830/2362/229 1829/4724/229
f 1829/4724/229 158/2364/229 161/2357/229
f 161/2357/229 1823/2358/229 1820/2328/229
f 1831/2360/229 1829/4724/229 161/2357/229
f 1831/2360/229 1820/2328/229 1819/2361/229
f 71/2363/229 79/2359/229 161/2357/229
f 1109/2347/229 186/4723/229 187/2339/229
f 187/2339/229 1137/2348/229 1110/2365/229
f 213/2356/230 220/4725/230 170/2370/230
f 170/2370/230 186/4723/230 1109/2347/230
f 1115/2371/230 1125/2375/230 213/2356/230
f 170/2370/230 1109/2347/230 1115/2371/230
f 1835/2354/230 186/4723/230 170/2370/230
f 1837/2352/230 1836/2350/230 1840/2374/230
f 1837/2352/230 1840/2374/230 1841/2373/230
f 1839/4726/230 1835/2354/230 170/2370/230
f 1806/2372/230 1837/2352/230 1841/2373/230
f 1841/2373/230 1839/4726/230 170/2370/230
f 1840/2374/230 1836/2350/230 1835/2354/230
f 1835/2354/230 1839/4726/230 1841/2373/230
f 1808/2367/230 220/4725/230 213/2356/230
f 213/2356/230 71/2363/230 70/2369/230
f 70/2369/230 158/2364/230 1829/4724/230
f 1829/4724/230 1804/4727/230 1807/2366/230
f 1838/2368/230 1808/2367/230 213/2356/230
f 70/2369/230 1829/4724/230 1807/2366/230
f 1838/2368/230 213/2356/230 70/2369/230
f 1844/2378/231 1849/2382/231 1848/2376/231
f 1848/2376/231 1842/4728/231 1843/2377/231
f 1843/2377/231 1845/2380/231 1846/2379/231
f 1850/2384/232 1848/2376/232 1849/2382/232
f 1849/2382/232 1852/2385/232 1851/2383/232
f 1855/2387/233 1851/2383/233 1852/2385/233
f 1852/2385/233 1853/2389/233 1856/2386/233
f 1858/2388/233 1857/2391/233 1856/2386/233
f 1843/2393/234 1861/2395/234 1856/2386/234
f 1856/2386/234 1857/2391/234 1859/2392/234
f 1859/2392/234 1845/2396/234 1843/2393/234
f 1861/2395/234 1843/2393/234 1842/2394/234
f 1842/2394/234 1860/4729/234 1855/2387/234
f 1855/2387/234 1856/2386/234 1861/2395/234
f 1859/2392/234 1857/2391/234 1854/2390/234
f 1854/2390/234 1847/4730/234 1845/2396/234
f 1405/2400/235 1402/2403/235 1862/2401/235
f 1862/2401/235 1864/2409/235 1408/2402/235
f 1393/2398/235 1397/2397/235 1402/2403/235
f 1402/2403/235 1405/2400/235 1408/2402/235
f 1408/2402/235 1865/4731/235 1393/2398/235
f 1864/2409/236 1866/4732/236 243/2411/236
f 234/2407/236 232/2410/236 1403/2412/236
f 1864/2409/236 243/2411/236 234/2407/236
f 1406/2408/236 1408/2402/236 1864/2409/236
f 234/2407/236 1403/2412/236 1406/2408/236
f 1403/2412/236 1399/2404/236 1395/2406/236
f 1395/2406/236 1865/4731/236 1408/2402/236
f 1408/2402/236 1406/2408/236 1403/2412/236
f 1869/2420/237 1867/2405/237 1399/2404/237
f 1398/2414/237 1403/2412/237 232/2410/237
f 1869/2420/237 1399/2404/237 1398/2414/237
f 881/2415/237 882/2417/237 1869/2420/237
f 1868/4733/237 891/2416/237 881/2415/237
f 243/2411/237 1866/4732/237 1868/4733/237
f 1398/2414/237 232/2410/237 231/2413/237
f 231/2413/237 243/2411/237 1868/4733/237
f 881/2415/237 1869/2420/237 1398/2414/237
f 231/2413/237 1868/4733/237 881/2415/237
f 1868/4733/238 1862/4734/238 1402/2422/238
f 1400/2419/238 1397/2421/238 1863/4735/238
f 1868/4733/238 1402/2422/238 1400/2419/238
f 880/2418/238 891/2416/238 1868/4733/238
f 1869/2420/238 882/2417/238 880/2418/238
f 1400/2419/238 1863/4735/238 1869/2420/238
f 880/2418/238 1868/4733/238 1400/2419/238
f 1870/2433/239 517/4736/239 440/2423/239
f 440/2423/239 460/2451/239 467/2450/239
f 467/2450/239 468/2449/239 974/2424/239
f 974/2424/239 1872/2432/239 1871/2425/239
f 1871/2425/239 1870/2433/239 440/2423/239
f 440/2423/239 467/2450/239 974/2424/239
f 945/2431/239 942/2447/239 482/2429/239
f 482/2429/239 468/2449/239 972/2430/239
f 972/2430/239 963/2455/239 945/2431/239
f 1565/2434/239 1568/2442/239 1881/2435/239
f 1873/2437/239 1879/4737/239 1883/2438/239
f 1568/2442/239 1576/2444/239 1579/2440/239
f 1579/2440/239 1586/2460/239 1561/2441/239
f 440/2423/239 517/4736/239 1315/2427/239
f 1316/2426/239 1324/2428/239 1877/4738/239
f 440/2423/239 1315/2427/239 1316/2426/239
f 1878/2446/239 460/2451/239 440/2423/239
f 1316/2426/239 1877/4738/239 1878/2446/239
f 1873/2437/239 1880/2439/239 1586/2460/239
f 1579/2440/239 1576/2444/239 1874/2443/239
f 1873/2437/239 1586/2460/239 1579/2440/239
f 963/2455/239 1883/2438/239 1879/4737/239
f 1873/2437/239 1579/2440/239 1874/2443/239
f 945/2431/239 963/2455/239 1879/4737/239
f 1873/2437/239 1874/2443/239 942/2447/239
f 945/2431/239 1879/4737/239 1873/2437/239
f 1881/2435/239 1568/2442/239 1561/2441/239
f 1882/2448/239 1876/4619/239 1875/2436/239
f 1881/2435/239 1561/2441/239 1882/2448/239
f 1568/2442/239 1565/2434/239 1575/2445/239
f 1880/2439/242 1883/2438/242 957/2456/242
f 946/2467/242 956/2463/242 1885/2453/242
f 1880/2439/242 957/2456/242 946/2467/242
f 1240/2454/242 1246/2468/242 1880/2439/242
f 1885/2453/242 1262/2469/242 1240/2454/242
f 1880/2439/242 946/2467/242 1885/2453/242
f 911/2458/242 972/2430/242 467/2450/242
f 461/2452/242 460/2451/242 1878/2446/242
f 911/2458/242 467/2450/242 461/2452/242
f 1884/2457/242 925/2476/242 911/2458/242
f 461/2452/242 1878/2446/242 1884/2457/242
f 1562/2459/242 1561/2441/242 1586/2460/242
f 956/2463/242 957/2456/242 963/2455/242
f 963/2455/242 972/2430/242 911/2458/242
f 911/2458/242 925/2476/242 936/2462/242
f 936/2462/242 956/2463/242 963/2455/242
f 1880/2439/242 1246/2468/242 1227/2464/242
f 1227/2464/242 1289/2466/242 1887/4739/242
f 1887/4739/242 1882/2448/242 1561/2441/242
f 1887/4739/242 1561/2441/242 1562/2459/242
f 1573/2461/242 1586/2460/242 1880/2439/242
f 1227/2464/242 1887/4739/242 1562/2459/242
f 1573/2461/242 1880/2439/242 1227/2464/242
f 1227/2464/242 1246/2468/242 1886/2465/242
f 1246/2468/242 1240/2454/242 1262/2469/242
f 1888/2470/243 1321/2479/243 1319/2471/243
f 1895/2473/243 1896/2509/243 1889/2474/243
f 1260/2486/243 1885/2453/243 936/2462/243
f 1260/2486/243 936/2462/243 927/2477/243
f 476/2481/243 1258/2487/243 1260/2486/243
f 1898/2472/243 463/2480/243 462/2482/243
f 476/2481/243 1260/2486/243 927/2477/243
f 1884/2457/243 1890/4740/243 1328/2500/243
f 1318/2489/243 1321/2479/243 1888/2470/243
f 1884/2457/243 1328/2500/243 1318/2489/243
f 476/2481/243 927/2477/243 925/2476/243
f 1888/2470/243 1898/2472/243 462/2482/243
f 462/2482/243 476/2481/243 925/2476/243
f 1884/2457/243 1318/2489/243 1888/2470/243
f 1888/2470/243 462/2482/243 925/2476/243
f 1258/2487/243 1285/2510/243 1288/2484/243
f 1893/2488/243 1260/2486/243 1258/2487/243
f 1285/2510/243 1895/2473/243 1894/2475/243
f 1889/2474/243 1896/2509/243 1897/4741/243
f 1285/2510/243 1894/2475/243 1889/2474/243
f 1892/2485/243 1288/2484/243 1285/2510/243
f 1289/2466/243 1287/2483/243 1892/2485/243
f 1889/2474/243 1897/4741/243 1887/4739/243
f 1892/2485/243 1285/2510/243 1889/2474/243
f 1889/2474/243 1887/4739/243 1289/2466/243
f 1893/2488/243 1288/2484/243 1287/2483/243
f 1287/2483/243 1886/2465/243 1262/2469/243
f 1262/2469/243 1260/2486/243 1893/2488/243
f 1318/2489/243 1328/2500/243 1891/2478/243
f 471/2497/244 476/2481/244 463/2480/244
f 463/2480/244 458/2503/244 1872/2491/244
f 1872/2491/244 974/2504/244 910/2492/244
f 910/2492/244 471/2497/244 463/2480/244
f 476/2481/244 471/2497/244 926/2493/244
f 942/2494/244 1874/4742/244 1899/4743/244
f 1899/4743/244 1895/2473/244 1285/2510/244
f 1899/4743/244 1285/2510/244 1229/4744/244
f 1258/2487/244 476/2481/244 926/2493/244
f 1899/4743/244 1229/4744/244 1245/2495/244
f 1245/2495/244 1258/2487/244 926/2493/244
f 942/2494/244 1899/4743/244 1245/2495/244
f 482/2496/244 942/2494/244 926/2493/244
f 1315/2498/244 517/2512/244 448/2499/244
f 448/2499/244 449/2511/244 1320/2490/244
f 1328/2500/244 1324/2502/244 1315/2498/244
f 1315/2498/244 1320/2490/244 1891/2478/244
f 1328/2500/244 1890/4740/244 1877/2501/244
f 1320/2490/244 449/2511/244 458/2503/244
f 458/2503/244 1898/2472/244 1319/2471/244
f 471/2497/244 910/2492/244 974/2504/244
f 1895/2473/244 1899/4743/244 1874/4742/244
f 1874/4742/244 1575/2507/244 1564/2506/244
f 1564/2506/244 1565/2505/244 1875/2508/244
f 1875/2508/244 1896/2509/244 1895/2473/244
f 1895/2473/244 1874/4742/244 1564/2506/244
f 1876/1454/244 1897/4741/244 1896/2509/244
f 1245/2495/244 1229/4744/244 1285/2510/244
f 449/2511/244 1870/4745/244 1872/2491/244
f 517/2512/244 1870/4745/244 449/2511/244
f 958/2513/245 957/2529/245 1883/2514/245
f 1905/2516/245 1904/2533/245 551/2517/245
f 1261/2519/245 1273/2535/245 608/4746/245
f 608/4746/245 603/2532/245 951/2520/245
f 951/2520/245 956/2531/245 1885/2521/245
f 1885/2521/245 1260/2524/245 1261/2519/245
f 1261/2519/245 608/4746/245 951/2520/245
f 1902/2526/245 1906/2545/245 1907/2534/245
f 1901/2527/245 551/2517/245 530/2525/245
f 1902/2526/245 1907/2534/245 1901/2527/245
f 943/2528/245 956/2531/245 957/2529/245
f 961/2530/245 957/2529/245 956/2531/245
f 1904/2533/245 1905/2516/245 603/2532/245
f 603/2532/245 608/4746/245 530/2525/245
f 530/2525/245 551/2517/245 1904/2533/245
f 541/2518/245 551/2517/245 1901/2527/245
f 1260/2524/245 1893/2523/245 1273/2535/245
f 957/2529/245 961/2530/245 1903/2536/245
f 1903/2536/245 1900/4747/245 1879/2515/245
f 1883/2514/245 957/2529/245 1903/2536/245
f 956/2531/245 943/2528/245 1259/2522/245
f 1259/2522/245 1260/2524/245 1885/2521/245
f 1908/4748/246 1903/2536/246 961/2530/246
f 1908/4748/246 961/2530/246 947/2538/246
f 1242/4749/246 1241/2541/246 1908/4748/246
f 592/2564/246 1270/2542/246 1264/2537/246
f 1264/2537/246 1242/4749/246 1908/4748/246
f 1264/2537/246 1908/4748/246 947/2538/246
f 596/2548/246 592/2564/246 1264/2537/246
f 1264/2537/246 947/2538/246 951/2520/246
f 603/2532/246 596/2548/246 1264/2537/246
f 543/2540/246 555/2543/246 1910/2539/246
f 1910/2539/246 1905/2516/246 541/2518/246
f 1241/2541/246 1242/4749/246 1264/2537/246
f 543/2540/246 541/2518/246 1907/2534/246
f 1907/2534/246 1909/2557/246 555/2543/246
f 1906/2545/246 1911/1492/246 614/2546/246
f 616/2544/246 688/2547/246 1909/2557/246
f 1906/2545/246 614/2546/246 616/2544/246
f 616/2544/246 1909/2557/246 1907/2534/246
f 1910/2539/246 592/2564/246 596/2548/246
f 596/2548/246 603/2532/246 1905/2516/246
f 1880/2549/247 1873/2552/247 1913/2550/247
f 1913/2550/247 1908/4748/247 1241/2541/247
f 1241/2541/247 1246/2551/247 1880/2549/247
f 1246/2551/247 1230/2561/247 1873/2552/247
f 1912/2554/247 1910/2539/247 555/2543/247
f 555/2543/247 557/2562/247 1916/2553/247
f 1916/2553/247 1915/2573/247 1912/2554/247
f 615/2555/247 614/2546/247 1911/1492/247
f 1911/1492/247 1914/2579/247 556/2556/247
f 556/2556/247 557/2562/247 1909/2557/247
f 1909/2557/247 688/2547/247 615/2555/247
f 615/2555/247 1911/1492/247 556/2556/247
f 1886/2558/247 1246/2551/247 1241/2541/247
f 1270/2542/247 1271/2566/247 1287/2559/247
f 1886/2558/247 1241/2541/247 1270/2542/247
f 1230/2561/247 1246/2551/247 1886/2558/247
f 1886/2558/247 1287/2559/247 1286/2560/247
f 1912/2554/247 1915/2573/247 604/2563/247
f 604/2563/247 595/2567/247 592/2564/247
f 592/2564/247 1910/2539/247 1912/2554/247
f 604/2563/247 1892/2565/247 1287/2559/247
f 1271/2566/247 1270/2542/247 592/2564/247
f 604/2563/247 1287/2559/247 1271/2566/247
f 1271/2566/247 592/2564/247 595/2567/247
f 1873/2552/248 1230/2561/248 1244/2568/248
f 1244/2568/248 1259/4750/248 943/2582/248
f 944/2569/551 958/2581/551 1879/2570/551
f 1244/2568/248 943/2582/248 944/2569/248
f 944/2569/248 1879/2570/248 1873/2552/248
f 1879/2570/248 1900/4751/248 1913/2550/248
f 556/2556/248 549/2578/248 550/2571/248
f 552/2574/248 530/4752/248 608/2572/248
f 608/2572/248 604/2563/248 1915/2573/248
f 1273/2575/248 1893/2583/248 1288/2576/248
f 1288/2576/248 1892/2565/248 604/2563/248
f 604/2563/248 608/2572/248 1273/2575/248
f 1274/2577/248 1288/2576/248 604/2563/248
f 549/2578/248 556/2556/248 1914/2579/248
f 1914/2579/248 1902/4753/248 530/4752/248
f 530/4752/248 552/2574/248 1917/2580/248
f 1917/2580/248 550/2571/248 549/2578/248
f 1914/2579/248 530/4752/248 1917/2580/248
f 552/2574/248 1915/2573/248 1916/2553/248
f 1893/2583/248 1259/4750/248 1244/2568/248
f 1244/2568/248 1230/2561/248 1286/2560/248
f 1286/2560/248 1288/2576/248 1893/2583/248
f 1918/2586/249 1919/2599/249 547/4754/249
f 594/2585/249 583/2588/249 691/2592/249
f 594/2585/249 691/2592/249 1924/4755/249
f 1918/2586/249 547/4754/249 533/2584/249
f 594/2585/249 1924/4755/249 1918/2586/249
f 676/2587/249 582/2591/249 583/2588/249
f 583/2588/249 594/2585/249 1925/2600/249
f 1925/2600/249 1003/2595/249 991/2590/249
f 991/2590/249 992/2596/249 1921/4756/249
f 674/2589/249 583/2588/249 1925/2600/249
f 991/2590/249 1921/4756/249 676/2587/249
f 674/2589/249 1925/2600/249 991/2590/249
f 582/2591/249 1922/2593/249 691/2592/249
f 533/2584/249 547/4754/249 1920/2597/249
f 1918/2586/249 1924/4755/249 691/2592/249
f 691/2592/249 686/2594/249 1919/2599/249
f 1931/2604/250 1926/4757/250 1927/2602/250
f 1927/2602/250 1929/2607/250 1928/2603/250
f 1926/4757/250 1931/2604/250 598/2601/250
f 533/2584/250 534/2605/250 1930/2608/250
f 1930/2608/250 1929/2607/250 1927/2602/250
f 1926/4757/250 598/2601/250 594/2585/250
f 533/2584/250 1930/2608/250 1927/2602/250
f 1927/2602/250 1926/4757/250 594/2585/250
f 1933/2606/251 1936/2615/251 1929/2607/251
f 1932/2611/251 693/4758/251 609/2609/251
f 609/2609/251 611/4759/251 581/2610/251
f 581/2610/251 580/2612/251 1932/2611/251
f 580/2612/251 1935/2616/251 1934/2613/251
f 1936/2615/251 611/4759/251 609/2609/251
f 609/2609/251 693/4758/251 1928/2603/251
f 1928/2603/251 1929/2607/251 1936/2615/251
f 1936/2615/253 1933/2606/253 548/2617/253
f 548/2617/253 547/2626/253 1919/2618/253
f 1934/2613/253 1935/2616/253 584/2619/253
f 584/2619/253 582/2625/253 676/2620/253
f 676/2620/253 681/2623/253 1934/2613/253
f 1922/2622/253 584/2619/253 581/2610/253
f 581/2610/253 611/4759/253 612/2621/253
f 612/2621/253 686/4760/253 1922/2622/253
f 1919/2618/253 686/4760/253 612/2621/253
f 612/2621/253 611/4759/253 1936/2615/253
f 1938/2628/254 40/4761/254 36/2629/254
f 36/2629/254 40/4761/254 1937/2631/254
f 1937/2631/254 1940/2633/254 1939/2632/254
f 1939/2632/254 35/2630/254 36/2629/254
f 1940/2633/255 1941/4762/255 1942/2634/255
f 1942/2634/256 1941/4762/256 1943/2635/256
f 1937/4763/257 40/2639/257 38/2637/257
f 38/2637/257 33/2638/257 1944/2636/257
f 1943/2635/257 1937/4763/257 38/2637/257
f 33/2638/257 38/2637/257 40/2639/257
f 1843/2641/258 1861/2647/258 1841/2642/258
f 1841/2642/258 1840/2650/258 1945/2643/258
f 1945/2643/258 1844/2648/258 1843/2641/258
f 1946/2646/258 1834/4764/258 1826/2644/258
f 1826/2644/258 1827/2651/258 1948/2645/258
f 1861/2647/258 1843/2641/258 1844/2648/258
f 1841/2642/258 1827/2651/258 1826/2644/258
f 1826/2644/258 1834/4764/258 1840/2650/258
f 1950/2653/259 1948/2645/259 1827/2651/259
f 1825/2652/259 1833/2657/259 1950/2653/259
f 1856/2654/259 1861/2647/259 1947/2649/259
f 1833/2657/259 1825/2652/259 1827/2651/259
f 1827/2651/259 1841/2642/259 1839/2656/259
f 1949/2658/259 1839/2656/259 1841/2642/259
f 1841/2642/259 1861/2647/259 1856/2654/259
f 1856/2654/259 1853/2655/259 1949/2658/259
f 1857/2660/260 1858/4765/260 1951/2661/260
f 1949/2658/260 1858/4765/260 1857/2660/260
f 1857/2660/260 1859/2662/260 1955/2663/260
f 1954/2665/260 1953/2664/260 1952/2666/260
f 1857/2660/260 1955/2663/260 1954/2665/260
f 1839/2656/260 1949/2658/260 1857/2660/260
f 1950/2653/260 1833/2657/260 1835/2659/260
f 1835/2659/260 1839/2656/260 1857/2660/260
f 1857/2660/260 1954/2665/260 1952/2666/260
f 1952/2666/260 1950/2653/260 1835/2659/260
f 1955/2663/261 1859/2662/261 1845/4766/261
f 1845/4766/261 1846/2670/261 1945/2667/261
f 1945/2667/261 1840/2672/261 1836/2668/261
f 1836/2668/261 1834/2671/261 1946/4767/261
f 1946/4767/261 1952/2666/261 1953/2664/261
f 1956/2669/261 1955/2663/261 1845/4766/261
f 1836/2668/261 1946/4767/261 1953/2664/261
f 1956/2669/261 1845/4766/261 1945/2667/261
f 1836/2668/261 1953/2664/261 1956/2669/261
f 1846/2670/261 1845/4766/261 1859/2662/261
f 1963/2673/262 1964/4768/262 1958/2674/262
f 1957/2676/262 1960/2678/262 1963/2673/262
f 1962/2677/262 1961/2680/262 1960/2678/262
f 1967/2681/264 1964/4768/264 1963/2673/264
f 1965/2679/263 1960/2678/263 1961/2680/263
f 1967/2681/264 1963/2673/264 1965/2679/264
f 1961/2680/264 1966/2683/264 1967/2681/264
f 1969/2682/265 1967/2681/265 1966/2683/265
f 1983/2687/266 1974/4769/266 1019/4770/266
f 1983/2687/266 1019/4770/266 1026/2696/266
f 1036/2697/266 1975/4771/266 1984/2686/266
f 1983/2687/266 1026/2696/266 1030/2685/266
f 1030/2685/266 1036/2697/266 1984/2686/266
f 1970/2689/266 1973/4772/266 1974/4769/266
f 1983/2687/266 1981/2704/266 1980/2688/266
f 1980/2688/266 1972/2693/266 1977/2694/266
f 1980/2688/266 1977/2694/266 1982/2695/266
f 1970/2689/266 1974/4769/266 1983/2687/266
f 1980/2688/266 1982/2695/266 1970/2689/266
f 1979/2690/266 1976/4773/266 1971/2691/266
f 1980/2688/266 1981/2704/266 1978/2692/266
f 1978/2692/266 1971/2691/266 1972/2693/266
f 1977/2694/266 1973/4772/266 1970/2689/266
f 1026/2696/266 1019/4770/266 1036/2697/266
f 871/2700/267 843/4774/267 844/2698/267
f 844/2698/552 1988/4775/552 866/2699/552
f 1979/2690/267 1978/2692/267 1985/2701/267
f 1984/2686/267 1987/4776/267 844/2698/267
f 1984/2686/267 844/2698/267 843/4774/267
f 1978/2692/267 1981/2704/267 1991/2703/267
f 1989/2709/267 1986/2702/267 1985/2701/267
f 1985/2701/267 1978/2692/267 1991/2703/267
f 1983/2687/267 1984/2686/267 843/4774/267
f 1983/2687/267 843/4774/267 871/2700/267
f 1989/2709/267 1985/2701/267 1991/2703/267
f 1991/2703/267 1983/2687/267 871/2700/267
f 866/2699/267 1993/2705/267 1990/2707/267
f 1990/2707/267 1992/2706/267 1989/2709/267
f 1991/2703/267 871/2700/267 866/2699/267
f 1990/2707/267 1989/2709/267 1991/2703/267
f 1992/2706/268 1996/2712/268 2003/2708/268
f 1992/2706/268 1993/2705/268 1994/2710/268
f 1994/2710/268 2004/2719/268 1998/2711/268
f 1998/2711/268 1997/2718/268 1996/2712/268
f 1996/2712/268 1992/2706/268 1994/2710/268
f 1994/2710/268 1993/2705/268 866/2699/268
f 2004/2719/268 1994/2710/268 866/2699/268
f 1995/2725/268 2004/2719/268 866/2699/268
f 1995/2725/268 866/2699/268 868/2717/268
f 845/2716/268 1029/4777/268 1028/2721/268
f 842/2713/268 845/2716/268 1028/2721/268
f 2000/2715/553 1995/2725/553 868/2717/553
f 842/2713/268 1028/2721/268 1024/2714/268
f 2000/2715/268 868/2717/268 842/2713/268
f 866/2699/268 1988/4775/268 845/2716/268
f 845/2716/268 842/2713/268 868/2717/268
f 1997/2718/268 1998/2711/268 2004/2719/268
f 1035/2723/268 1024/2714/268 1028/2721/268
f 1028/2721/268 1029/4777/268 1033/2722/268
f 1035/2723/268 1033/2722/268 2002/2724/268
f 1995/2725/268 2000/2715/268 1999/2720/268
f 2006/2727/269 1997/2718/269 1999/2720/269
f 1999/2720/269 1973/4778/269 1977/2726/269
f 1019/2728/269 1974/2731/269 2000/2715/269
f 1996/2712/269 2006/2727/269 1972/2729/269
f 1972/2729/269 1971/2735/269 2005/2730/269
f 2005/2730/269 2003/2708/269 1996/2712/269
f 1974/2731/269 1973/4778/269 1999/2720/269
f 1024/2714/269 1035/2723/269 1036/2732/269
f 1975/2733/269 1036/2732/269 1035/2723/269
f 2014/2738/270 2009/2742/270 2007/2736/270
f 2007/2736/270 2010/2740/270 2013/2737/270
f 2011/2739/270 2015/2752/270 2013/2737/270
f 2014/2738/270 2012/2749/270 2008/2741/270
f 2008/2741/270 2007/2736/270 2009/2742/270
f 1540/2743/271 1537/2750/271 1548/2744/271
f 2014/2738/271 2013/2737/271 2018/2747/271
f 1537/2750/271 1540/2743/271 2012/2749/271
f 2012/2749/271 2014/2738/271 2017/2748/271
f 2019/2751/271 2018/2747/271 2013/2737/271
f 2022/2761/272 2016/2746/272 1548/2744/272
f 1538/2753/272 1537/2750/272 2017/2748/272
f 2022/2761/272 1548/2744/272 1538/2753/272
f 2026/2755/272 2021/2758/272 2022/2761/272
f 2024/4779/272 2025/2757/272 2026/2755/272
f 2018/2747/272 2019/2751/272 2024/4779/272
f 2023/2756/272 2018/2747/272 2024/4779/272
f 2026/2755/272 2022/2761/272 1538/2753/272
f 2023/2756/272 2024/4779/272 2026/2755/272
f 1538/2753/272 2017/2748/272 2020/2754/272
f 2020/2754/272 2023/2756/272 2026/2755/272
f 2020/2754/272 2017/2748/272 2018/2747/272
f 2024/4779/273 2011/4780/273 2010/2762/273
f 2027/2760/273 2007/2763/273 2008/4781/273
f 2024/4779/273 2010/2762/273 2027/2760/273
f 2028/2759/273 2025/2757/273 2024/4779/273
f 2022/2761/273 2021/2758/273 2028/2759/273
f 2027/2760/273 2008/4781/273 2022/2761/273
f 2028/2759/273 2024/4779/273 2027/2760/273
f 1702/2765/274 2030/4782/274 2031/2767/274
f 1683/2771/276 1702/4783/276 2029/2772/276
f 2030/4784/276 1702/4783/276 1683/2771/276
f 1683/2771/276 1685/2773/276 2034/2768/276
f 2033/2770/276 2030/4784/276 1683/2771/276
f 2036/2776/277 2046/2778/277 1793/2796/277
f 1788/2774/277 1784/2798/277 2037/2775/277
f 2036/2776/277 1793/2796/277 1788/2774/277
f 2037/2775/278 2038/4785/278 2036/2776/278
f 2038/4785/277 2035/4786/277 2044/2777/277
f 2044/2777/277 2045/2818/277 2046/2778/277
f 2036/2776/278 2038/4785/278 2044/2777/278
f 996/2779/277 995/2787/277 2040/2780/277
f 2039/2781/278 2040/2780/278 737/2782/278
f 737/2782/277 756/2806/277 996/2779/277
f 745/2783/277 756/2806/277 989/2807/277
f 1769/2784/277 1015/4787/277 1007/2785/277
f 1007/2785/277 772/2799/277 745/2783/277
f 745/2783/278 989/2807/278 1769/2784/278
f 996/2779/277 1013/2789/277 1012/2786/277
f 2042/2788/277 1012/2786/277 1013/2789/277
f 1356/2793/277 1347/2795/277 1348/2791/277
f 1348/2791/277 2043/4788/277 1359/2792/277
f 1359/2792/277 705/4789/277 694/2800/277
f 694/2800/277 772/2799/277 1007/2785/277
f 1007/2785/277 1015/4787/277 643/2803/277
f 635/2805/278 634/2804/278 2049/2794/278
f 1007/2785/277 643/2803/277 635/2805/277
f 1359/2792/277 694/2800/277 1007/2785/277
f 1356/2793/277 1359/2792/277 1007/2785/277
f 1007/2785/554 635/2805/554 2049/2794/554
f 2049/2794/277 1348/2791/277 1347/2795/277
f 1347/2795/277 1356/2793/277 1007/2785/277
f 1784/2798/277 1788/2774/277 1793/2796/277
f 1793/2796/277 2047/2808/277 2048/2797/277
f 694/2800/277 705/4789/277 2042/2788/277
f 2041/2790/277 1013/2789/277 772/2799/277
f 694/2800/277 2042/2788/277 2041/2790/277
f 980/4790/277 989/2807/277 1775/2801/277
f 1775/2801/277 1784/2798/277 2048/2797/277
f 2048/2797/277 2047/2808/277 982/2802/277
f 982/2802/555 980/4790/555 1775/2801/555
f 756/2806/277 745/2783/277 772/2799/277
f 772/2799/277 1013/2789/277 996/2779/277
f 989/2807/277 980/4790/277 982/2802/277
f 1775/2801/277 989/2807/277 756/2806/277
f 737/2782/277 2037/2775/277 1784/2798/277
f 1775/2801/277 756/2806/277 737/2782/277
f 2058/2810/193 2052/2824/193 2047/2808/193
f 2047/2808/279 1793/2796/279 1796/2809/279
f 2053/2811/279 2057/2842/279 1350/2812/279
f 976/2816/279 1015/4787/279 1769/2784/279
f 2051/2817/279 2046/2778/279 2045/2818/279
f 2045/2818/279 2050/4791/279 2054/2819/279
f 2054/2819/279 2055/2820/279 2051/2817/279
f 2055/2820/279 1796/2809/279 1793/2796/279
f 1793/2796/193 2046/2778/193 2051/2817/193
f 645/2821/279 644/2828/279 1351/2813/279
f 2052/2824/193 2058/2810/193 1768/2823/193
f 1768/2823/193 988/2815/193 982/2802/193
f 982/2802/193 2047/2808/193 2052/2824/193
f 636/2814/279 634/2804/279 643/2803/279
f 643/2803/279 644/2828/279 1346/2825/279
f 1346/2825/279 1344/2827/279 2059/2826/279
f 2059/2826/193 636/2814/193 643/2803/193
f 2053/2811/279 1351/2813/279 644/2828/279
f 643/2803/279 1015/4787/279 976/2816/279
f 976/2816/193 988/2815/193 1768/2823/193
f 1768/2823/279 2057/2842/279 2053/2811/279
f 2053/2811/279 644/2828/279 643/2803/279
f 643/2803/279 976/2816/279 1768/2823/279
f 1344/2827/279 1346/2825/279 644/2828/279
f 695/2829/283 773/2832/283 1016/2830/283
f 1782/2835/283 2058/2810/283 1796/2809/283
f 1791/2836/283 1796/2809/283 2055/2820/283
f 2061/2837/283 1782/2835/283 1791/2836/283
f 2060/2838/283 2056/2822/283 1350/2812/283
f 2059/2826/283 1344/2827/283 646/2840/283
f 985/2843/283 1016/2830/283 773/2832/283
f 743/2844/283 735/2846/283 985/2843/283
f 977/2833/556 773/2832/556 695/2829/556
f 695/2829/283 704/2831/283 1360/2855/283
f 1357/4792/283 1358/2839/283 2057/2842/283
f 695/2829/283 1360/2855/283 1357/4792/283
f 743/2844/283 770/2834/283 977/2833/283
f 977/2833/283 695/2829/283 1357/4792/283
f 1357/4792/283 2057/2842/283 1768/2823/283
f 1774/2845/283 1782/2835/283 2061/2837/283
f 977/2833/283 1357/4792/283 1768/2823/283
f 743/2844/283 977/2833/283 1768/2823/283
f 743/2844/283 1768/2823/283 1774/2845/283
f 2055/2820/283 2054/2819/283 2062/2856/283
f 2061/2837/283 2055/2820/283 2062/2856/283
f 735/2846/283 743/2844/283 1774/2845/283
f 2061/2837/283 2062/2856/283 735/2846/283
f 1341/2847/283 646/2840/283 645/2821/283
f 645/2821/283 2056/2822/283 2060/2838/283
f 2060/2838/283 1358/2839/283 1357/4792/283
f 1357/4792/283 1360/2855/283 2063/2848/283
f 2063/2848/283 1341/2847/283 645/2821/283
f 2060/2838/283 1357/4792/283 2063/2848/283
f 1774/2845/283 1768/2823/283 2058/2810/283
f 1008/2853/284 1016/2830/284 985/2843/284
f 985/2843/284 984/2857/284 994/2852/284
f 994/2852/284 1014/2863/284 1008/2853/284
f 1359/2854/284 2043/4793/284 2063/2848/284
f 2062/2856/284 2035/4794/284 2038/2850/284
f 2064/2849/284 2037/2851/284 737/4795/284
f 2062/2856/284 2038/2850/284 2064/2849/284
f 2064/2849/284 737/4795/284 735/2846/284
f 984/2857/284 985/2843/284 735/2846/284
f 735/2846/284 737/4795/284 2040/2859/284
f 2065/2858/284 994/2852/284 984/2857/284
f 735/2846/284 2040/2859/284 2065/2858/284
f 2040/2859/284 995/4796/284 994/2852/284
f 700/2860/284 701/2862/284 1014/2863/284
f 1014/2863/284 1012/2865/284 2042/2864/284
f 701/2862/190 704/2831/190 1016/2830/190
f 1008/2853/284 1014/2863/284 701/2862/284
f 994/2852/190 995/4796/190 1012/2865/190
f 2066/2861/190 700/2860/190 705/2866/190
f 705/2866/284 1359/2854/284 1360/2855/284
f 1360/2855/284 704/2831/284 701/2862/284
f 2066/2861/284 705/2866/284 1360/2855/284
f 2073/2872/289 2068/4797/289 2067/2870/289
f 2067/2870/289 2069/2873/289 2072/2871/289
f 2072/2871/289 2071/2874/289 2073/2872/289
f 2069/2873/289 2075/2869/289 2074/2868/289
f 2074/2868/289 2071/2874/289 2072/2871/289
f 2071/2874/290 2074/2868/290 2077/2875/290
f 2077/2875/290 2074/2868/290 2070/2867/290
f 2078/2877/290 2080/2879/290 2079/2878/290
f 2079/2878/290 2081/2880/290 2082/4798/290
f 2082/4798/290 2073/2872/290 2071/2874/290
f 2082/4798/290 2071/2874/290 2076/2876/290
f 2079/2878/290 2082/4798/290 2076/2876/290
f 2077/2875/290 2070/2867/290 2078/2877/290
f 2079/2878/290 2076/2876/290 2077/2875/290
f 2083/2882/291 2081/2880/291 2080/2879/291
f 2080/2879/291 2084/2884/291 2085/2881/291
f 2085/2881/291 2087/2885/291 2083/2882/291
f 2086/2883/291 2082/4798/291 2081/2880/291
f 2083/2882/291 2087/2885/291 2086/2883/291
f 2087/2885/292 2085/2881/292 2089/2886/292
f 2088/2887/292 2089/2886/292 2067/2888/292
f 2067/2888/292 2068/4799/292 2086/2883/292
f 2086/2883/557 2087/2885/557 2088/2887/557
f 2092/2889/293 2096/2899/293 2094/2890/293
f 1751/2892/293 1755/2897/293 1732/2893/293
f 2097/2896/293 2098/2898/293 2093/2891/293
f 2094/2890/293 2096/2899/293 2091/2895/293
f 2097/2896/293 2093/2891/293 2094/2890/293
f 2095/2900/293 409/4800/293 403/2909/293
f 403/2909/293 1544/2905/293 1534/2904/293
f 1534/2904/293 1541/2906/293 1735/2894/293
f 1534/2904/293 1735/2894/293 1732/2893/293
f 2095/2900/293 403/2909/293 1534/2904/293
f 2091/2895/293 2096/2899/293 2095/2900/293
f 2091/2895/293 2095/2900/293 1534/2904/293
f 1534/2904/293 1732/2893/293 1755/2897/293
f 1755/2897/293 1751/2892/293 2101/4801/293
f 2101/4801/293 2099/4802/293 2098/2898/293
f 2097/2896/293 2091/2895/293 1534/2904/293
f 1755/2897/293 2101/4801/293 2098/2898/293
f 2097/2896/293 1534/2904/293 1755/2897/293
f 2100/2901/293 397/2923/293 381/2902/293
f 381/2902/293 434/2910/293 1714/2907/293
f 381/2902/293 1714/2907/293 1718/4803/293
f 1725/2908/293 2090/4804/293 2100/2901/293
f 381/2902/293 1718/4803/293 1721/2903/293
f 1721/2903/293 1725/2908/293 2100/2901/293
f 1721/2903/293 1718/4803/293 1714/2907/293
f 381/2902/293 397/2923/293 403/2909/293
f 403/2909/293 409/4800/293 434/2910/293
f 405/2911/294 1554/2918/294 1546/2912/294
f 1546/2912/294 1544/2905/294 403/2909/294
f 1751/2892/294 1735/2894/294 1739/2913/294
f 2101/4801/294 1751/2892/294 1745/2914/294
f 1739/2913/294 1735/2894/294 1541/2906/294
f 2101/4801/294 1745/2914/294 1739/2913/294
f 2106/2920/294 2107/2933/294 2101/4801/294
f 1518/2915/294 1519/2919/294 2103/2916/294
f 2103/2916/294 2106/2920/294 2101/4801/294
f 1739/2913/294 1541/2906/294 1518/2915/294
f 2103/2916/294 2101/4801/294 1739/2913/294
f 2102/2917/294 1519/2919/294 1518/2915/294
f 1518/2915/294 1541/2906/294 1544/2905/294
f 1544/2905/294 1546/2912/294 1554/2918/294
f 2102/2917/294 1518/2915/294 1544/2905/294
f 1519/2919/294 1514/2925/294 2106/2920/294
f 382/2921/294 397/2923/294 2100/2901/294
f 2100/2901/294 2104/2949/294 435/2922/294
f 405/2911/294 403/2909/294 397/2923/294
f 397/2923/294 382/2921/294 435/2922/294
f 435/2922/294 2105/2927/294 405/2911/294
f 1514/2925/294 1519/2919/294 2102/2917/294
f 2102/2917/294 1554/2918/294 1555/2924/294
f 405/2911/294 401/2926/294 1555/2924/294
f 1555/2924/296 401/2926/296 406/2928/296
f 2105/2927/296 435/2922/296 432/2930/296
f 432/2930/296 410/2947/296 406/2928/296
f 2106/2920/296 2108/2937/296 2109/2931/296
f 2109/2931/296 2116/2951/296 1740/2938/296
f 2109/2931/296 1740/2938/296 1737/2939/296
f 2107/2933/296 2106/2920/296 2109/2931/296
f 1752/4805/296 2117/4806/296 2107/2933/296
f 2109/2931/296 1737/2939/296 1746/2932/296
f 1746/2932/296 1752/4805/296 2107/2933/296
f 1523/2936/296 1514/2925/296 1555/2924/296
f 1555/2924/296 1551/2929/296 2112/2934/296
f 2112/2934/296 2111/2942/296 2110/2935/296
f 2110/2935/296 1523/2936/296 1555/2924/296
f 2106/2920/296 1514/2925/296 1523/2936/296
f 1740/2938/296 1752/4805/296 1746/2932/296
f 2112/2934/296 1551/2929/296 1545/2940/296
f 1545/2940/296 1543/2970/296 1529/2941/296
f 1529/2941/296 1530/2946/296 2111/2942/296
f 2111/2942/296 2112/2934/296 1545/2940/296
f 1522/2943/296 1532/2948/296 2115/2944/296
f 2115/2944/296 2108/2937/296 1523/2936/296
f 410/2947/296 1543/2970/296 1545/2940/296
f 1545/2940/296 1551/2929/296 406/2928/296
f 2111/2942/296 1532/2948/296 1522/2943/296
f 1522/2943/296 1523/2936/296 2110/2935/296
f 432/2930/296 435/2922/296 2104/2949/296
f 2115/2944/296 1532/2948/296 1530/2946/296
f 1530/2946/296 2114/2945/296 2116/2951/296
f 2116/2951/296 2109/2931/296 2108/2937/296
f 2115/2944/296 1530/2946/296 2116/2951/296
f 2099/4807/297 2117/4806/297 1752/4805/297
f 2099/4807/297 1752/4805/297 1758/2952/297
f 2116/2951/297 2120/2961/297 2098/2954/297
f 1731/2953/297 1740/2938/297 2116/2951/297
f 2098/2954/297 2099/4807/297 1758/2952/297
f 1731/2953/297 2116/2951/297 2098/2954/297
f 2122/2958/297 2114/2945/297 1529/2941/297
f 1535/2955/297 1543/2970/297 410/2947/297
f 2122/2958/297 1529/2941/297 1535/2955/297
f 2121/2957/297 2123/2963/297 2118/2962/297
f 2118/2962/558 2122/2958/558 1535/2955/558
f 1535/2955/297 410/2947/297 409/2956/297
f 409/2956/297 2095/2967/297 2121/2957/297
f 2121/2957/297 2118/2962/297 1535/2955/297
f 2116/2951/297 2114/2945/297 2122/2958/297
f 2119/2959/559 2120/2961/559 2116/2951/559
f 2122/2958/297 2123/2963/297 2092/2960/297
f 2092/2960/297 2093/2968/297 2120/2961/297
f 2120/2961/297 2119/2959/297 2122/2958/297
f 2113/2950/297 2090/4808/297 1725/2966/297
f 2113/2950/297 1725/2966/297 1722/2964/297
f 1714/4809/297 434/2969/297 432/2930/297
f 1717/2965/297 1714/4809/297 432/2930/297
f 432/2930/297 2113/2950/297 1722/2964/297
f 1725/2966/297 1714/4809/297 1717/2965/297
f 2095/2967/297 2092/2960/297 2123/2963/297
f 410/2947/297 432/2930/297 434/2969/297
f 1758/2952/297 1752/4805/297 1740/2938/297
f 2125/2971/560 819/2973/560 820/2974/560
f 820/2974/298 827/2990/298 2131/2975/298
f 2131/2975/298 2128/2980/298 2126/2976/298
f 2126/2976/298 2125/2971/298 820/2974/298
f 1957/2977/298 2127/4810/298 1965/2978/298
f 1960/2979/298 1965/2978/298 2126/2976/298
f 2128/2980/298 2131/2975/298 2132/2981/298
f 1960/2979/298 2126/2976/298 2128/2980/298
f 2132/2981/298 1957/2977/298 1960/2979/298
f 1669/2982/298 1663/2986/298 793/2983/298
f 819/2973/298 808/2972/298 792/2985/298
f 792/2985/298 793/2983/298 1663/2986/298
f 1663/2986/298 1669/2982/298 819/2973/298
f 784/2987/298 781/2992/298 1678/2988/298
f 781/2992/298 784/2987/298 827/2990/298
f 827/2990/298 820/2974/298 819/2973/298
f 819/2973/298 1669/2982/298 1672/2991/298
f 1672/2991/561 781/2992/561 827/2990/561
f 1658/2993/298 793/2983/298 792/2985/298
f 2129/2995/298 2130/2989/298 1678/2988/298
f 2129/2995/299 1678/2988/299 1655/2996/299
f 1658/2993/298 792/2985/298 2124/2994/298
f 2129/2995/298 1655/2996/298 1658/2993/298
f 1655/2996/299 1678/2988/299 782/2984/299
f 782/2984/298 793/2983/298 1658/2993/298
f 782/2984/299 781/2992/299 1672/2991/299
f 2134/2999/300 2132/2981/300 2131/2975/300
f 2131/2975/300 61/3009/300 8/4811/300
f 8/4811/300 12/3023/300 1458/3040/300
f 8/4811/300 1458/3040/300 1451/3014/300
f 2134/2999/300 2131/2975/300 8/4811/300
f 1467/3015/300 2137/3032/300 2136/2998/300
f 8/4811/300 1451/3014/300 1474/2997/300
f 1474/2997/300 1467/3015/300 2136/2998/300
f 2134/2999/300 8/4811/300 1474/2997/300
f 790/3000/300 1679/3013/300 2133/3001/300
f 812/3004/300 817/3022/300 827/2990/300
f 827/2990/300 784/2987/300 790/3000/300
f 1674/3003/300 812/3004/300 827/2990/300
f 790/3000/300 802/3002/300 811/3005/300
f 811/3005/300 812/3004/300 1674/3003/300
f 58/3010/300 1673/3006/300 811/3005/300
f 801/3011/300 802/3002/300 2133/3001/300
f 58/3010/300 811/3005/300 801/3011/300
f 1653/3012/300 57/3020/300 58/3010/300
f 2133/3001/300 1679/3013/300 1653/3012/300
f 1653/3012/300 58/3010/300 801/3011/300
f 784/2987/300 2130/2989/300 1679/3013/300
f 1451/3014/300 1458/3040/300 1467/3015/300
f 2136/2998/300 2137/3032/300 2138/3016/300
f 58/3010/300 57/3020/300 1654/3017/300
f 2139/3019/300 1654/3017/300 57/3020/300
f 61/3009/300 2131/2975/300 827/2990/300
f 817/3022/562 812/3004/562 1673/3006/562
f 61/3009/300 827/2990/300 817/3022/300
f 1673/3006/300 60/3007/300 61/3009/300
f 58/3010/300 1668/3018/300 12/3023/300
f 12/3023/300 8/4811/300 61/3009/300
f 2135/3008/300 60/3007/300 58/3010/300
f 12/3023/300 61/3009/300 2135/3008/300
f 1653/3012/300 1679/3013/300 2130/2989/300
f 2130/2989/300 2129/2995/300 63/3021/300
f 63/3021/300 57/3020/300 1653/3012/300
f 2147/3025/302 2140/4812/302 2138/3016/302
f 2138/3016/302 2137/3032/302 1468/3024/302
f 1468/3024/301 1469/3034/301 2147/3025/301
f 11/3026/301 1668/3018/301 1654/3017/301
f 1666/3028/302 11/3026/302 13/3027/302
f 2144/3031/301 2140/4812/301 2147/3025/301
f 2147/3025/301 1469/3034/301 1471/3030/301
f 2145/3035/302 1468/3024/302 1467/3015/302
f 1467/3015/301 1458/3040/301 1449/3033/301
f 1449/3033/301 1471/3030/301 1469/3034/301
f 2145/3035/302 1467/3015/302 1449/3033/302
f 13/3027/302 1654/3017/302 2139/3019/302
f 2143/3037/301 1449/3033/301 1458/3040/301
f 1458/3040/301 12/3023/301 11/3026/301
f 1458/3040/302 11/3026/302 1666/3028/302
f 2146/3038/301 2143/3037/301 1458/3040/301
f 2141/3041/301 2142/3039/301 2146/3038/301
f 13/3027/301 16/3036/301 2141/3041/301
f 1659/3029/301 13/3027/301 2141/3041/301
f 2141/3041/302 2146/3038/302 1458/3040/302
f 1666/3028/301 1659/3029/301 2141/3041/301
f 1959/4813/303 2144/3031/303 1471/3030/303
f 1959/4813/303 1471/3030/303 1472/3045/303
f 2126/4814/303 1965/3052/303 1963/3044/303
f 1963/3044/563 1959/4813/563 1472/3045/563
f 1450/3042/303 1449/3033/303 2143/3037/303
f 1963/3044/303 1472/3045/303 1450/3042/303
f 2149/3043/303 2126/4814/303 1963/3044/303
f 1450/3042/303 2143/3037/303 2149/3043/303
f 1471/3030/303 1449/3033/303 1450/3042/303
f 2124/4815/303 792/3047/303 794/3046/303
f 794/3046/303 808/3048/303 2125/3050/303
f 2148/3049/303 2142/3039/303 2141/3041/303
f 794/3046/303 2125/3050/303 2148/3049/303
f 2141/3041/303 2124/4815/303 794/3046/303
f 2125/3050/303 2126/4814/303 2149/3043/303
f 2149/3043/303 2143/3037/303 2142/3039/303
f 2142/3039/303 2148/3049/303 2125/3050/303
f 2127/3051/303 1959/4813/303 1963/3044/303
f 2153/3055/304 2151/4816/304 89/3053/304
f 91/3057/304 1479/3066/304 1478/3054/304
f 1489/3063/564 1490/3062/564 2153/3055/564
f 89/3053/304 91/3057/304 1478/3054/304
f 1478/3054/564 1489/3063/564 2153/3055/564
f 81/3056/565 82/3061/565 91/3057/565
f 2140/3059/304 2152/4817/304 82/3061/304
f 82/3061/304 81/3056/304 2147/3060/304
f 1478/3054/304 1479/3066/304 1490/3062/304
f 1490/3062/305 1479/3066/305 110/3064/305
f 82/3061/305 2152/4817/305 27/4818/305
f 23/3067/305 32/3071/305 69/3068/305
f 82/3061/305 27/4818/305 23/3067/305
f 1483/3069/305 110/3064/305 91/3057/305
f 91/3057/305 82/3061/305 69/3068/305
f 23/3067/305 27/4818/305 2155/3070/305
f 128/3074/305 127/3073/305 109/3065/305
f 109/3065/305 110/3064/305 1483/3069/305
f 1490/3062/305 109/3065/305 108/3075/305
f 108/3075/305 127/3073/305 1487/3072/305
f 1487/3072/305 2154/4819/305 2153/3055/305
f 2153/3055/305 1490/3062/305 108/3075/305
f 138/3077/308 2154/4819/308 1487/3072/308
f 1492/3076/308 126/3078/308 138/3077/308
f 1487/3072/308 128/3074/308 126/3078/308
f 2145/3081/308 1457/4820/308 1456/3079/308
f 1456/3079/308 1462/3086/308 1468/3080/308
f 1466/3082/308 1468/3080/308 2137/3083/308
f 128/3074/308 1483/3069/308 1480/3085/308
f 1456/3079/308 1457/4820/308 157/3089/308
f 66/4821/308 69/3068/308 32/3071/308
f 1456/3079/308 157/3089/308 66/4821/308
f 2137/3083/307 1468/3080/307 1462/3086/307
f 1462/3086/308 1456/3079/308 66/4821/308
f 66/4821/307 32/3071/307 26/3087/307
f 26/3087/308 15/3088/308 2156/3094/308
f 2156/3094/308 2136/3084/308 2137/3083/308
f 1462/3086/308 66/4821/308 26/3087/308
f 26/3087/308 2156/3094/308 2137/3083/308
f 32/3071/308 2155/3070/308 15/3088/308
f 138/3077/308 126/3078/308 1480/3085/308
f 1480/3085/308 1483/3069/308 69/3068/308
f 69/3068/307 66/4821/307 157/3089/307
f 157/3089/307 2157/4822/307 138/3077/307
f 138/3077/308 1480/3085/308 69/3068/308
f 157/3089/309 65/3098/309 81/3090/309
f 81/3090/309 89/3099/309 101/3091/309
f 101/3091/309 2157/4822/309 157/3089/309
f 1469/3092/309 1466/3082/309 2136/3084/309
f 2136/3084/309 2134/3095/309 2150/3093/309
f 2150/3093/309 2147/4823/309 1469/3092/309
f 1469/3092/309 1461/3097/309 1455/3096/309
f 1455/3096/309 1457/4820/309 2145/3081/309
f 1461/3097/309 1469/3092/309 2147/4823/309
f 65/3098/309 157/3089/309 1457/4820/309
f 65/3098/309 1457/4820/309 1455/3096/309
f 1461/3097/309 2147/4823/309 81/3090/309
f 65/3098/309 1455/3096/309 1461/3097/309
f 2161/4824/310 2159/4825/310 1956/3101/310
f 1953/3103/310 1954/3102/310 83/3112/310
f 2161/4824/310 1956/3101/310 1953/3103/310
f 1648/3105/310 1645/3107/310 2161/4824/310
f 1179/3109/310 1650/3106/310 1648/3105/310
f 84/3104/310 119/3110/310 1179/3109/310
f 1953/3103/310 83/3112/310 84/3104/310
f 1648/3105/310 2161/4824/310 1953/3103/310
f 84/3104/310 1179/3109/310 1648/3105/310
f 118/3108/310 1201/3115/310 1179/3109/310
f 119/3110/310 84/3104/310 83/3112/310
f 83/3112/310 131/4826/310 115/3113/310
f 115/3113/310 118/3108/310 1191/3111/310
f 1191/3111/566 119/3110/566 83/3112/566
f 115/3113/310 131/4826/310 2158/3114/310
f 2158/3114/310 2160/4827/310 1201/3115/310
f 1201/3115/310 118/3108/310 115/3113/310
f 1631/3120/312 1650/3106/312 1179/3109/312
f 1631/3120/312 1179/3109/312 1181/4828/312
f 1633/3118/567 1631/3120/567 1181/4828/567
f 1633/3118/312 1181/4828/312 1215/3116/312
f 2161/4824/312 1645/3107/312 1643/3119/312
f 2161/4824/312 1643/3119/312 1633/3118/312
f 2163/4829/312 2162/4830/312 2161/4824/312
f 1200/3121/312 1201/3115/312 2160/4827/312
f 1215/3116/312 1200/3121/312 2160/4827/312
f 2163/4829/312 2161/4824/312 1633/3118/312
f 1215/3116/312 2160/4827/312 2164/3117/312
f 2164/3117/312 2163/4829/312 1633/3118/312
f 1631/3120/312 1633/3118/312 1643/3119/312
f 1643/3119/312 1645/3107/312 1650/3106/312
f 1215/3116/312 1181/4828/312 1179/3109/312
f 1179/3109/312 1201/3115/312 1200/3121/312
f 112/3122/313 106/3131/313 1219/3123/313
f 1219/3123/313 1212/3134/313 1208/3124/313
f 1208/3124/313 129/3130/313 112/3122/313
f 1208/3124/313 1212/3134/313 1629/3125/313
f 1177/3129/313 1642/3136/313 94/3127/313
f 94/3127/313 106/3131/313 1178/3128/313
f 106/3131/313 112/3122/313 129/3130/313
f 129/3130/313 1177/3129/313 1178/3128/313
f 106/3131/313 94/3127/313 1635/3132/313
f 1635/3132/313 94/3127/313 93/3135/313
f 93/3135/313 2166/4831/313 2163/4829/313
f 2164/3117/313 2165/4832/313 1651/3126/313
f 1629/3125/313 1212/3134/313 1213/3133/313
f 2164/3117/313 1651/3126/313 1629/3125/313
f 1635/3132/313 93/3135/313 2163/4829/313
f 1213/3133/313 1219/3123/313 1635/3132/313
f 2164/3117/313 1629/3125/313 1213/3133/313
f 1635/3132/313 2163/4829/313 2164/3117/313
f 1647/3138/315 1641/4833/315 1642/3136/315
f 1642/3136/315 1177/3129/315 1187/3137/315
f 2166/4831/315 93/3135/315 85/3139/315
f 85/3139/315 83/4834/315 1954/3145/315
f 1955/3140/315 1956/3146/315 2159/4835/315
f 85/3139/315 1954/3145/315 1955/3140/315
f 2167/3141/315 2166/4831/315 85/3139/315
f 1955/3140/315 2159/4835/315 2167/3141/315
f 136/3143/315 1189/3149/315 1187/3137/315
f 1208/3124/315 1206/3142/315 135/3144/315
f 2158/3148/315 131/4836/315 136/3143/315
f 1202/3147/315 1206/3142/315 1651/3126/315
f 2158/3148/315 136/3143/315 1202/3147/315
f 1651/3126/315 2165/4832/315 2158/3148/315
f 1189/3149/315 136/3143/315 131/4836/315
f 131/4836/315 83/4834/315 85/3139/315
f 85/3139/315 93/3135/315 1642/3136/315
f 85/3139/315 1642/3136/315 1641/4833/315
f 1189/3149/315 131/4836/315 85/3139/315
f 1647/3138/568 1187/3137/568 1189/3149/568
f 85/3139/315 1641/4833/315 1647/3138/315
f 135/3144/315 1206/3142/315 1202/3147/315
f 129/3130/315 135/3144/315 1187/3137/315
f 2168/3152/316 1985/4837/316 1978/3150/316
f 1978/3150/316 1971/3163/316 2005/3151/316
f 2174/3159/316 2173/4838/316 2179/3156/316
f 2179/3156/316 2178/3167/316 2180/3162/316
f 2180/3162/316 2171/4839/316 1155/3155/316
f 1153/3154/316 1143/3153/316 2172/3158/316
f 2180/3162/316 1155/3155/316 1153/3154/316
f 2175/3157/316 2174/3159/316 2179/3156/316
f 1153/3154/316 2172/3158/316 2175/3157/316
f 2179/3156/316 2180/3162/316 1153/3154/316
f 2180/3162/316 2178/3167/316 2176/3160/316
f 2176/3160/316 2170/3164/316 2169/3161/316
f 2169/3161/316 2171/4839/316 2180/3162/316
f 1978/3150/316 1985/4837/316 2169/3161/316
f 2170/3164/316 2176/3160/316 2177/3165/316
f 1978/3150/316 2169/3161/316 2170/3164/316
f 2177/3165/316 2005/3151/316 1971/3163/316
f 1971/3163/316 1978/3150/316 2170/3164/316
f 2178/3167/317 2183/4840/317 2187/3166/317
f 2182/3171/317 2183/4840/317 2178/3167/317
f 2178/3167/317 2179/3156/317 2186/4841/317
f 2186/4841/317 2185/3169/317 2184/3168/317
f 2184/3168/317 2181/3170/317 2182/3171/317
f 2178/3167/317 2186/4841/317 2184/3168/317
f 2190/3183/318 2182/3171/318 2181/3170/318
f 2188/3172/318 2185/3169/318 2186/4841/318
f 2190/3183/318 2181/3170/318 2188/3172/318
f 1152/3174/318 1154/3176/318 2190/3183/318
f 2192/3177/318 1147/3175/318 1152/3174/318
f 2186/4841/318 2189/3178/318 2193/3173/318
f 2193/3173/318 2192/3177/318 1152/3174/318
f 1152/3174/318 2190/3183/318 2188/3172/318
f 2188/3172/318 2186/4841/318 2193/3173/318
f 2192/3177/318 2193/3173/318 2189/3178/318
f 2172/3181/319 2194/3188/319 2192/3177/319
f 2192/3177/319 2191/3179/319 2195/3180/319
f 2195/3180/319 2174/3186/319 2172/3181/319
f 1154/3176/319 1155/3184/319 2171/3182/319
f 2171/3182/319 2196/3194/319 2190/3183/319
f 1147/3175/319 1143/3187/319 1155/3184/319
f 2194/3188/319 2172/3181/319 1143/3187/319
f 1147/3175/319 2192/3177/319 2194/3188/319
f 2169/3192/319 1985/3189/319 1986/3191/319
f 2171/3182/319 2169/3192/319 2197/3193/319
f 325/3195/320 327/3204/320 1701/3196/320
f 2198/3198/320 363/4842/320 360/3199/320
f 325/3195/320 376/3197/320 1703/3202/320
f 1703/3202/320 1682/4843/320 1689/3203/320
f 1689/3203/320 1699/3207/320 327/3204/320
f 325/3195/320 1703/3202/320 1689/3203/320
f 1689/3203/320 1682/4843/320 2199/3205/320
f 327/3204/320 329/3208/320 360/3199/320
f 360/3199/320 363/4842/320 368/3201/320
f 368/3201/320 376/3197/320 1701/3196/320
f 1701/3196/320 327/3204/320 360/3199/320
f 1699/3207/321 1689/3203/321 1686/3209/321
f 2206/3211/321 2205/3222/321 2202/3212/321
f 349/3215/321 360/3199/321 329/3208/321
f 329/3208/321 333/3220/321 338/3214/321
f 2202/3212/321 2201/3200/321 360/3199/321
f 349/3215/321 338/3214/321 2206/3211/321
f 2202/3212/321 360/3199/321 349/3215/321
f 349/3215/321 2206/3211/321 2204/3213/321
f 2203/3216/321 333/3220/321 329/3208/321
f 329/3208/321 1699/3207/321 1700/3210/321
f 1686/3209/321 1689/3203/321 2200/3206/321
f 329/3208/321 1700/3210/321 1686/3209/321
f 1686/3209/321 2200/3206/321 2203/3216/321
f 359/3221/322 2207/4844/322 2208/3217/322
f 2208/3217/322 2206/3211/322 338/3214/322
f 348/3218/322 359/3221/322 2208/3217/322
f 2203/3216/322 2209/3231/322 322/3219/322
f 348/3218/322 338/3214/322 333/3220/322
f 333/3220/322 322/3219/322 359/3221/322
f 2211/3224/323 2210/3223/323 2207/4844/323
f 2207/4844/323 359/3221/323 363/3226/323
f 363/3226/323 2198/4845/323 2212/3225/323
f 2211/3224/323 2207/4844/323 363/3226/323
f 363/3226/323 359/3221/323 322/3219/323
f 322/3219/323 323/4846/323 368/3230/323
f 323/4846/323 322/3219/323 2209/3231/323
f 2209/3231/323 2199/4847/323 1682/3228/323
f 1681/3227/323 1703/3229/323 368/3230/323
f 2209/3231/323 1682/3228/323 1681/3227/323
f 368/3230/323 323/4846/323 2209/3231/323
f 2213/3234/325 2217/3236/325 2216/3232/325
f 2216/3232/325 1129/3243/325 1131/3233/325
f 2174/3239/325 2175/3245/325 1169/3241/325
f 1161/3235/326 1160/3242/326 2216/3232/326
f 2174/3239/326 1169/3241/326 1161/3235/326
f 2214/3237/326 2195/3240/326 2174/3239/326
f 2213/3234/326 2215/4848/326 2214/3237/326
f 1161/3235/325 2216/3232/325 2217/3236/325
f 2217/3236/325 2213/3234/325 2214/3237/325
f 2214/3237/326 2174/3239/326 1161/3235/326
f 2219/3238/325 2175/3245/325 2174/3239/325
f 2194/3247/327 2172/3254/327 2175/3245/327
f 2175/3245/327 2219/3238/327 2189/3246/327
f 2189/3246/327 2193/3253/327 2194/3247/327
f 1129/3243/327 2216/3232/327 2222/3248/327
f 1162/3250/327 1160/3242/327 1169/3241/327
f 2194/3247/327 1170/3251/327 1169/3241/327
f 1169/3241/327 2175/3245/327 2172/3254/327
f 2220/3255/327 2222/3248/327 2216/3232/327
f 2216/3232/327 1160/3242/327 1162/3250/327
f 2223/3259/328 2220/3255/328 1162/3250/328
f 1163/3256/328 1170/3251/328 2194/3247/328
f 2223/3259/328 1162/3250/328 1163/3256/328
f 2221/3252/328 2224/3260/328 2223/3259/328
f 2192/3257/328 2193/3253/328 2221/3252/328
f 1163/3256/328 2194/3247/328 2192/3257/328
f 2221/3252/328 2223/3259/328 1163/3256/328
f 2214/3258/330 2215/4849/330 2223/3259/330
f 1325/3263/331 1296/4850/331 1297/3261/331
f 1297/3261/331 1307/3264/331 1323/3262/331
f 1297/3261/331 1296/4850/331 2226/4851/331
f 2227/3266/331 2225/4852/331 1325/3263/331
f 2227/3266/331 1325/3263/331 1323/3262/331
f 1297/3261/331 2226/4851/331 2228/3265/331
f 2227/3266/331 1323/3262/331 1307/3264/331
f 1307/3264/331 1297/3261/331 2228/3265/331
f 2230/3270/332 2232/3272/332 2233/4853/332
f 2228/3265/332 2229/3281/332 521/4854/332
f 443/3273/332 465/3274/332 2231/3271/332
f 2228/3265/332 521/4854/332 443/3273/332
f 2230/3270/332 2233/4853/332 2227/3266/332
f 443/3273/332 2231/3271/332 2230/3270/332
f 2227/3266/332 2228/3265/332 443/3273/332
f 443/3273/332 521/4854/332 973/3269/332
f 912/3268/332 913/3267/332 465/3274/332
f 443/3273/569 973/3269/569 912/3268/569
f 973/3269/333 521/4854/333 518/3276/333
f 518/3276/333 1871/3279/333 1872/3278/333
f 1872/3278/333 458/3284/333 465/3274/333
f 465/3274/333 913/3267/333 914/3275/333
f 914/3275/333 973/3269/333 518/3276/333
f 518/3276/333 1872/3278/333 465/3274/333
f 441/3277/333 458/3284/333 1872/3278/333
f 2229/3281/333 2236/3294/333 1303/3282/333
f 1305/3280/333 1312/3283/333 518/3276/333
f 2229/3281/333 1303/3282/333 1305/3280/333
f 518/3276/333 521/4854/333 2229/3281/333
f 458/3284/333 441/3277/333 1888/3285/333
f 2235/3287/333 2231/3271/333 465/3274/333
f 465/3274/333 458/3284/333 1898/3286/333
f 1898/3286/333 1888/3285/333 2234/3288/333
f 2234/3288/333 2233/4853/333 2232/3272/333
f 2235/3287/333 465/3274/333 1898/3286/333
f 2234/3288/333 2232/3272/333 2235/3287/333
f 1870/3290/335 1871/3279/335 518/3276/335
f 518/3276/335 447/3291/335 449/3289/335
f 449/3289/335 441/3277/335 1871/3279/335
f 1320/3292/335 449/3289/335 447/3291/335
f 447/3291/335 518/3276/335 1312/3283/335
f 1300/3293/335 1303/3282/335 2236/3294/335
f 2226/3295/335 1296/4855/335 1300/3293/335
f 1320/3292/335 1321/3297/335 1888/3285/335
f 1888/3285/335 441/3277/335 449/3289/335
f 1888/3285/335 1321/3297/335 1322/3298/335
f 1322/3298/335 1325/3300/335 2225/3299/335
f 2225/3299/335 2234/3288/335 1888/3285/335
f 1891/3296/335 1320/3292/335 1312/3283/335
f 1312/3283/335 1303/3282/335 1300/3293/335
f 1300/3293/335 1296/4855/335 1325/3300/335
f 1325/3300/335 1322/3298/335 1321/3297/335
f 1891/3296/335 1312/3283/335 1300/3293/335
f 1325/3300/334 1321/3297/334 1891/3296/334
f 1743/3301/336 1736/3306/336 524/3302/336
f 1743/3301/336 496/3347/336 488/3304/336
f 488/3304/336 484/4856/336 452/3305/336
f 452/3305/336 451/3327/336 524/3302/336
f 1736/3306/336 1743/3301/336 488/3304/336
f 452/3305/336 524/3302/336 1736/3306/336
f 2250/3312/336 2249/3338/336 2241/3310/336
f 2241/3310/336 2240/4857/336 2245/3311/336
f 523/3303/336 524/3302/336 1734/3319/336
f 1432/3318/336 1428/3317/336 2250/3312/336
f 2250/3312/336 2245/3311/336 2244/3321/336
f 1583/3322/336 1587/3325/336 2237/3323/336
f 2237/3323/336 484/4856/336 488/3304/336
f 488/3304/336 496/3347/336 605/3307/336
f 588/3309/337 587/3308/337 2246/3351/337
f 488/3304/336 605/3307/336 588/3309/336
f 2246/3351/336 1582/3324/336 1583/3322/336
f 2237/3323/336 488/3304/336 588/3309/336
f 588/3309/336 2246/3351/336 1583/3322/336
f 2241/3310/336 2249/3338/336 2028/3315/336
f 2021/3314/336 2026/3313/336 2248/3329/336
f 2241/3310/336 2028/3315/336 2021/3314/336
f 2239/3331/336 2240/4857/336 2241/3310/336
f 452/3305/336 2238/3332/336 2242/3328/336
f 2242/3328/336 2239/3331/336 2241/3310/336
f 2241/3310/336 2021/3314/336 2248/3329/336
f 2243/3326/336 2247/3330/336 1760/3320/336
f 2242/3328/336 2241/3310/336 2248/3329/336
f 451/3327/336 452/3305/336 2242/3328/336
f 1734/3319/336 524/3302/336 451/3327/336
f 2243/3326/336 1760/3320/336 1734/3319/336
f 2242/3328/336 2248/3329/336 2243/3326/336
f 2243/3326/336 1734/3319/336 451/3327/336
f 2251/3316/338 1416/3352/338 1420/3333/338
f 1420/3333/338 1427/4858/338 1428/3317/338
f 2256/3335/338 2250/3312/338 1428/3317/338
f 1428/3317/338 1427/4858/338 2257/3334/338
f 2258/3339/338 2252/3346/338 2249/3338/338
f 2249/3338/338 2250/3312/338 2256/3335/338
f 2256/3335/338 2257/3334/338 2258/3339/338
f 523/3303/338 504/3354/338 505/3340/338
f 505/3340/338 1744/3356/338 1743/3301/338
f 2261/3343/338 1763/3344/338 1762/3341/338
f 1762/3341/338 2253/4859/338 2259/3342/338
f 1762/3341/338 1760/3320/338 2247/3330/338
f 2254/3337/338 2248/3329/338 2026/3313/338
f 1762/3341/338 2247/3330/338 2254/3337/338
f 2258/3339/338 2259/3342/338 2253/4859/338
f 2253/4859/338 1762/3341/338 2254/3337/338
f 2254/3337/338 2026/3313/338 2025/3336/338
f 2025/3336/338 2028/3315/338 2249/3338/338
f 2252/3346/338 2258/3339/338 2253/4859/338
f 2025/3336/338 2249/3338/338 2252/3346/338
f 2252/3346/338 2253/4859/338 2254/3337/338
f 606/3349/338 605/3307/338 496/3347/338
f 496/3347/338 505/3340/338 1750/3348/338
f 1750/3348/338 2262/3376/338 606/3349/338
f 600/3350/338 587/3308/338 605/3307/338
f 523/3303/338 1760/3320/338 1762/3341/338
f 2255/3345/338 1763/3344/338 1761/3355/338
f 523/3303/338 1762/3341/338 2255/3345/338
f 1750/3348/338 505/3340/338 504/3354/338
f 504/3354/338 523/3303/338 2255/3345/338
f 1761/3355/338 1750/3348/338 504/3354/338
f 496/3347/338 1743/3301/338 1744/3356/338
f 1730/3358/339 1742/3377/339 1749/3357/339
f 1749/3357/339 1750/3348/339 1761/3355/339
f 2259/3342/339 2269/3396/339 2266/3362/339
f 1433/3363/339 1427/4858/339 1420/3333/339
f 422/3365/339 424/3368/339 2267/3366/339
f 2264/3369/339 2263/3361/339 2270/3360/339
f 2270/3360/339 2274/3359/339 2272/4860/339
f 2272/4860/339 2271/3378/339 424/3368/339
f 424/3368/339 422/3365/339 2264/3369/339
f 2270/3360/339 2272/4860/339 424/3368/339
f 2258/3339/339 2263/3361/339 2264/3369/339
f 2264/3369/339 422/3365/339 416/3370/339
f 416/3370/339 404/3374/339 2269/3396/339
f 2258/3339/339 2264/3369/339 416/3370/339
f 416/3370/339 2269/3396/339 2259/3342/339
f 2268/3367/339 2267/3366/339 404/3374/339
f 404/3374/339 416/3370/339 422/3365/339
f 2261/3343/339 2266/3362/339 513/3373/339
f 501/3372/339 499/3371/339 2265/3375/339
f 1730/3358/339 1761/3355/339 2261/3343/339
f 1730/3358/340 2261/3343/340 513/3373/340
f 1730/3358/339 513/3373/339 501/3372/339
f 1742/3377/339 1730/3358/339 501/3372/339
f 2262/3376/339 1750/3348/339 1749/3357/339
f 1742/3377/339 501/3372/339 2265/3375/339
f 2262/3376/339 1749/3357/339 1742/3377/339
f 2272/4860/339 2274/3359/339 2257/3334/339
f 2257/3334/339 1427/4858/339 1433/3363/339
f 1419/3364/339 1420/3333/339 2260/3353/339
f 2272/4860/339 2257/3334/339 1433/3363/339
f 1433/3363/339 1419/3364/339 2260/3353/339
f 2260/3353/339 2273/3379/339 2271/3378/339
f 2271/3378/339 2272/4860/339 1433/3363/339
f 2263/3361/339 2258/3339/339 2257/3334/339
f 2281/3381/341 2277/3393/341 2275/4861/341
f 2275/4861/341 2271/3378/341 2273/3379/341
f 2273/3379/341 2244/4862/341 2245/3380/341
f 2281/3381/341 2275/4861/341 2273/3379/341
f 2237/3383/341 2265/3375/341 499/3371/341
f 485/3382/341 484/4863/341 2237/3383/341
f 2269/3396/341 404/3374/341 420/3394/341
f 2238/3384/341 452/3397/341 453/3385/341
f 453/3385/341 513/3373/341 2266/3362/341
f 2266/3362/570 2279/3395/570 2283/4864/570
f 2282/3386/341 2269/3396/341 420/3394/341
f 453/3385/341 2266/3362/341 2283/4864/341
f 2282/3386/341 420/3394/341 2238/3384/341
f 453/3385/341 2283/4864/341 2282/3386/341
f 2278/3387/341 420/3394/341 404/3374/341
f 2238/3384/341 420/3394/341 414/3388/341
f 414/3388/341 424/3368/341 2271/3378/341
f 2271/3378/341 2275/4861/341 2277/3393/341
f 2276/3389/341 2280/3391/341 2239/3390/341
f 2271/3378/571 2277/3393/571 2276/3389/571
f 2239/3390/341 2238/3384/341 414/3388/341
f 414/3388/341 2271/3378/341 2276/3389/341
f 2240/3392/341 2280/3391/341 2277/3393/341
f 2277/3393/341 2281/3381/341 2245/3380/341
f 424/3368/341 414/3388/341 420/3394/341
f 420/3394/341 2278/3387/341 2267/3366/341
f 2282/3386/341 2283/4864/341 2279/3395/341
f 2279/3395/341 2266/3362/341 2269/3396/341
f 513/3373/341 453/3385/341 452/3397/341
f 452/3397/341 484/4863/341 485/3382/341
f 485/3382/341 499/3371/341 513/3373/341
f 2287/3400/343 2284/4865/343 545/3398/343
f 545/3398/343 551/3415/343 1901/3399/343
f 1915/3406/343 1912/3418/343 591/3404/343
f 591/3404/343 590/3413/343 540/3405/343
f 540/3405/343 552/3417/343 1915/3406/343
f 2285/3412/343 2288/4866/343 1580/3407/343
f 1580/3407/343 1584/3409/343 2286/3411/343
f 1584/3409/343 2289/3408/343 590/3413/343
f 591/3404/343 1894/3402/343 1895/3401/343
f 1895/3401/343 1899/3403/343 1578/3410/343
f 1578/3410/343 1584/3409/343 590/3413/343
f 590/3413/343 591/3404/343 1895/3401/343
f 1917/3416/343 1901/3399/343 551/3415/343
f 551/3415/343 1904/3414/343 1912/3418/343
f 1912/3418/343 1915/3406/343 552/3417/343
f 1570/3419/345 1571/3426/345 2292/3420/345
f 2292/3420/345 2291/4867/345 2289/3408/345
f 2289/3408/345 1580/3407/345 1570/3419/345
f 1917/3416/345 550/3421/345 542/3422/345
f 542/3422/345 557/3424/345 1909/3423/345
f 1909/3423/345 1907/4868/345 1901/3399/345
f 1901/3399/345 1917/3416/345 542/3422/345
f 550/3421/345 1916/3425/345 557/3424/345
f 550/3421/345 540/3405/345 590/3413/345
f 590/3413/345 571/3428/345 557/3424/345
f 1916/3425/345 550/3421/345 590/3413/345
f 1580/3407/345 2288/4866/345 1571/3426/345
f 2293/3436/345 2287/3400/345 1901/3399/345
f 2293/3436/345 1901/3399/345 1907/4868/345
f 2291/4867/345 2292/3420/345 2290/3427/345
f 590/3413/345 2289/3408/345 2291/4867/345
f 1909/3423/345 557/3424/345 571/3428/345
f 571/3428/345 590/3413/345 2291/4867/345
f 2293/3436/345 1907/4868/345 1909/3423/345
f 571/3428/345 2291/4867/345 2290/3427/345
f 2290/3427/345 2293/3436/345 1909/3423/345
f 1881/3429/346 1889/3444/346 1896/3430/346
f 2298/3448/346 1881/3429/346 1875/3431/346
f 1896/3430/346 1889/3444/346 578/3438/346
f 2290/3427/346 2298/3448/346 1875/3431/346
f 1896/3430/346 578/3438/346 568/3435/346
f 2290/3427/346 1875/3431/346 1896/3430/346
f 2296/3432/346 2297/4869/346 2293/3436/346
f 569/3437/346 2295/3434/346 2294/3433/346
f 2294/3433/346 2296/3432/346 2293/3436/346
f 2293/3436/346 2290/3427/346 1896/3430/346
f 568/3435/346 569/3437/346 2294/3433/346
f 2293/3436/346 1896/3430/346 568/3435/346
f 2295/3434/347 569/3437/347 544/3440/347
f 544/3440/347 545/3455/347 2284/3441/347
f 2284/3441/347 2297/4869/347 2296/3432/347
f 2299/3439/347 2295/3434/347 544/3440/347
f 2284/3441/347 2296/3432/347 2299/3439/347
f 1889/3444/347 1881/3429/347 1568/3447/347
f 1567/3442/572 1576/3456/572 1874/3457/572
f 1889/3444/347 1568/3447/347 1567/3442/347
f 1899/3443/347 1894/3454/347 1889/3444/347
f 1567/3442/347 1874/3457/347 1899/3443/347
f 1568/3447/347 1572/3449/347 2300/3445/347
f 2300/3445/347 2286/3458/347 1578/3446/347
f 1578/3446/347 1576/3456/347 1568/3447/347
f 1568/3447/347 1881/3429/347 2298/3448/347
f 1910/3450/347 1912/4870/347 1904/3451/347
f 591/3453/347 578/3438/347 1889/3444/347
f 1905/3452/347 1904/3451/347 545/3455/347
f 545/3455/347 544/3440/347 569/3437/347
f 569/3437/347 578/3438/347 591/3453/347
f 591/3453/347 1912/4870/347 1910/3450/347
f 1910/3450/347 1905/3452/347 545/3455/347
f 569/3437/347 591/3453/347 1910/3450/347
f 1874/3457/573 1576/3456/573 1578/3446/573
f 2088/3462/348 2089/3471/348 2301/3460/348
f 2301/3460/348 2079/4871/348 2081/3461/348
f 2081/3461/348 2083/3478/348 2088/3462/348
f 725/3463/348 1388/3467/348 719/3464/348
f 734/3466/348 1372/3469/348 1388/3467/348
f 733/3468/348 736/4872/348 1372/3469/348
f 1105/3476/348 2083/3478/348 2081/3461/348
f 2081/3461/348 2079/4871/348 736/4872/348
f 733/3468/348 734/3466/348 1376/3477/348
f 2081/3461/348 736/4872/348 733/3468/348
f 1104/3472/348 1105/3476/348 2081/3461/348
f 2302/4873/574 1099/3475/574 1097/4874/574
f 2302/4873/348 1097/4874/348 1104/3472/348
f 718/3465/348 719/3464/348 2303/3474/348
f 1387/3473/349 725/3463/349 718/3465/349
f 2081/3461/348 733/3468/348 1376/3477/348
f 1387/3473/348 718/3465/348 2303/3474/348
f 1104/3472/348 2081/3461/348 1376/3477/348
f 2303/3474/348 2302/4873/348 1104/3472/348
f 1104/3472/348 1376/3477/348 1387/3473/348
f 1104/3472/348 1097/4874/348 1099/3475/348
f 1099/3475/348 2305/3483/348 1105/3476/348
f 1376/3477/348 734/3466/348 725/3463/348
f 2087/3479/350 2083/3478/350 1105/3476/350
f 1102/3480/350 1100/3482/350 2307/4875/350
f 2087/3479/350 1105/3476/350 1102/3480/350
f 2304/3470/350 2088/3462/350 2087/3479/350
f 1379/3485/350 2306/4876/350 2304/3470/350
f 2307/4875/575 1381/3484/575 1378/3481/575
f 1378/3481/350 1379/3485/350 2304/3470/350
f 2304/3470/350 2087/3479/350 1102/3480/350
f 1102/3480/350 2307/4875/350 1378/3481/350
f 1100/3482/350 1102/3480/350 1105/3476/350
f 1381/3484/351 2307/4875/351 1443/3486/351
f 1443/3486/351 1444/3496/351 2313/3509/351
f 2313/3509/351 717/3501/351 716/3487/351
f 716/3487/351 724/3499/351 1386/3488/351
f 1386/3488/351 1381/3484/351 1443/3486/351
f 1443/3486/351 2313/3509/351 716/3487/351
f 1368/4877/576 730/3498/576 732/3489/576
f 732/3489/351 739/3494/351 2310/3491/351
f 2310/3491/351 2309/3493/351 2311/3490/351
f 2311/3490/351 2306/4876/351 1379/3485/351
f 1379/3485/351 1368/4877/351 732/3489/351
f 732/3489/351 2310/3491/351 2311/3490/351
f 2310/3491/351 739/3494/351 740/3492/351
f 1386/3488/351 724/3499/351 730/3498/351
f 730/3498/577 1368/4877/577 1379/3485/577
f 1379/3485/578 1381/3484/578 1386/3488/578
f 1362/3500/351 724/3499/351 716/3487/351
f 717/3501/351 2312/3495/351 739/3494/351
f 739/3494/351 732/3489/351 730/3498/351
f 1362/3500/351 716/3487/351 717/3501/351
f 739/3494/351 730/3498/351 1362/3500/351
f 2314/3503/353 741/3504/353 736/4878/353
f 736/4878/353 2079/4879/353 2080/3502/353
f 2080/3502/353 2084/3513/353 2311/3490/353
f 2311/3490/353 2309/3493/353 2314/3503/353
f 2314/3503/353 736/4878/353 2080/3502/353
f 2309/3493/353 740/3492/353 741/3504/353
f 1369/3505/353 1363/3511/353 1388/3506/353
f 719/3508/353 717/3501/353 2313/3509/353
f 1369/3505/353 1372/3507/353 736/4878/353
f 736/4878/353 741/3504/353 2312/3495/353
f 717/3501/353 719/3508/353 1388/3506/353
f 717/3501/353 1388/3506/353 1363/3511/353
f 1369/3505/353 736/4878/353 2312/3495/353
f 2312/3495/579 717/3501/579 1363/3511/579
f 2080/3502/353 2079/4879/353 2301/3512/353
f 1269/3514/354 1268/4880/354 1239/3515/354
f 2315/3518/354 1268/4880/354 1269/3514/354
f 1225/3516/354 1239/3515/354 2316/4881/354
f 1225/3516/354 2316/4881/354 2318/3522/354
f 2318/3522/354 1504/3519/354 1506/3517/354
f 1506/3517/354 1510/3520/354 2317/4882/354
f 1269/3514/354 1225/3516/354 2318/3522/354
f 1506/3517/354 2317/4882/354 2315/3518/354
f 1269/3514/354 2318/3522/354 1506/3517/354
f 2320/3523/355 2317/4882/355 1510/3520/355
f 1505/3521/355 1504/3519/355 2318/3522/355
f 2320/3523/355 1510/3520/355 1505/3521/355
f 2318/3522/355 2319/3525/355 2320/3523/355
f 2321/3532/356 1236/3527/356 1223/3524/356
f 1223/3524/356 1292/4883/356 2320/3523/356
f 2319/3525/356 2321/3532/356 1223/3524/356
f 2322/3526/356 1292/4883/356 1223/3524/356
f 1275/3529/357 2322/3526/357 1236/3527/357
f 1236/3527/357 1239/3531/357 1268/3528/357
f 1239/3531/357 1236/3527/357 2321/3532/357
f 493/3534/358 494/3540/358 2327/3535/358
f 2331/3538/358 2326/4884/358 2325/3537/358
f 2325/3537/358 2324/3536/358 2327/3535/358
f 2327/3535/358 2332/4885/358 2331/3538/358
f 2330/4886/358 2329/4887/358 2323/3541/358
f 2323/3541/358 2325/3537/358 2326/4884/358
f 2326/4884/358 2331/3538/358 1620/3547/358
f 1618/3542/358 1610/3548/358 1803/4888/358
f 2326/4884/358 1620/3547/358 1618/3542/358
f 1783/3560/358 2330/4886/358 2323/3541/358
f 1787/4889/358 1783/3560/358 2323/3541/358
f 2323/3541/358 2326/4884/358 1618/3542/358
f 1618/3542/358 1803/4888/358 1799/3543/358
f 1799/3543/358 1787/4889/358 2323/3541/358
f 2047/3545/358 2048/3546/358 1783/3560/358
f 1783/3560/358 1787/4889/358 1799/3543/358
f 1799/3543/358 1803/4888/358 2052/3544/358
f 2047/3545/358 1783/3560/358 1799/3543/358
f 1803/4888/359 1610/3548/359 1605/3549/359
f 1605/3549/359 1599/3553/359 1766/3550/359
f 1767/3551/359 1803/4888/359 1605/3549/359
f 1610/3548/359 1620/3547/359 1592/3552/359
f 1592/3552/359 1597/3575/359 1599/3553/359
f 1599/3553/359 1605/3549/359 1610/3548/359
f 2037/3556/359 1784/3561/359 1782/3554/359
f 1782/3554/359 2061/3565/359 2064/3555/359
f 2058/3557/359 2052/3544/359 1803/4888/359
f 1803/4888/359 1767/3551/359 1766/3550/359
f 1766/3550/359 1781/3564/359 1782/3554/359
f 2058/3557/359 1803/4888/359 1766/3550/359
f 2331/3538/359 2332/4885/359 2333/3558/359
f 2334/3562/359 1597/3575/359 1592/3552/359
f 1592/3552/359 1620/3547/359 2331/3538/359
f 2335/3559/359 2333/3558/359 2334/3562/359
f 1592/3552/359 2331/3538/359 2335/3559/359
f 2058/3557/359 1782/3554/359 1784/3561/359
f 1784/3561/359 2048/3546/359 2052/3544/359
f 2064/3555/359 2336/4890/359 2337/3563/359
f 2337/3563/359 2330/4886/359 1783/3560/359
f 1783/3560/359 1784/3561/359 2037/3556/359
f 2037/3556/359 2064/3555/359 2337/3563/359
f 2339/3568/360 2336/4890/360 2064/3555/360
f 2038/3566/360 2036/3580/360 2340/3567/360
f 2339/3568/360 2064/3555/360 2038/3566/360
f 2061/3565/360 2055/3571/360 2051/3569/360
f 2051/3569/580 2036/3580/580 2038/3566/580
f 2038/3566/360 2064/3555/360 2061/3565/360
f 1764/3577/360 1766/3550/360 1599/3553/360
f 1764/3577/360 1599/3553/360 1604/3576/360
f 1798/3578/360 1764/3577/360 1604/3576/360
f 1798/3578/360 1604/3576/360 1617/3570/360
f 2061/3565/360 1781/3564/360 1786/4891/360
f 1786/4891/580 1798/3578/580 1617/3570/580
f 1591/4892/360 1597/3575/360 2334/3562/360
f 1617/3570/360 1591/4892/360 2334/3562/360
f 2334/3562/360 2343/3587/360 2342/3573/360
f 2334/3562/360 2342/3573/360 2338/3572/360
f 1617/3570/360 2334/3562/360 2338/3572/360
f 2055/3571/360 2061/3565/360 1786/4891/360
f 1617/3570/360 2338/3572/360 2341/3574/360
f 2055/3571/360 1786/4891/360 1617/3570/360
f 1617/3570/581 2341/3574/581 2051/3569/581
f 1604/3576/360 1599/3553/360 1597/3575/360
f 1597/3575/360 1591/4892/360 1617/3570/360
f 1798/3578/360 1786/4891/360 1781/3564/360
f 1781/3564/360 1766/3550/360 1764/3577/360
f 2323/3582/361 2340/3567/361 2036/3580/361
f 2046/3579/361 2051/3569/361 2341/3574/361
f 2323/3582/361 2036/3580/361 2046/3579/361
f 2347/3581/361 2325/3588/361 2323/3582/361
f 2046/3579/361 2341/3574/361 2347/3581/361
f 491/3583/361 492/3592/361 2344/3584/361
f 2344/3584/361 2346/4893/361 497/3585/361
f 2344/3584/361 492/3592/361 493/3589/361
f 493/3589/361 2324/4894/361 2345/3586/361
f 2345/3586/582 2342/3573/582 2343/3587/582
f 2343/3587/361 2346/4893/361 2344/3584/361
f 2344/3584/582 493/3589/582 2345/3586/582
f 2345/3586/361 2324/4894/361 2325/3588/361
f 2325/3588/361 2347/3581/361 2341/3574/361
f 2341/3574/361 2342/3573/361 2345/3586/361
f 493/3589/361 492/3592/361 2348/3590/361
f 492/3592/361 491/3583/361 497/3585/361
f 2350/3595/362 1994/4895/362 1993/3593/362
f 1993/3593/362 1990/3612/362 2354/3594/362
f 2357/3598/362 2349/4896/362 1970/3596/362
f 1970/3596/362 1982/3605/362 2356/3597/362
f 2352/4897/362 1038/3601/362 1022/3599/362
f 1022/3599/362 1021/3602/362 2349/4896/362
f 2357/3598/362 2356/3597/362 2355/3600/362
f 1022/3599/362 2349/4896/362 2357/3598/362
f 2355/3600/362 2352/4897/362 1022/3599/362
f 2353/3603/362 1990/3612/362 1993/3593/362
f 1993/3593/362 1994/4895/362 2351/3604/362
f 1982/3605/362 1970/3596/362 2350/3595/362
f 2359/3607/363 2006/3609/363 1996/3613/363
f 1992/4898/363 1990/3612/363 2353/3603/363
f 1996/3613/363 1992/4898/363 2353/3603/363
f 2360/4899/363 896/3610/363 899/4900/363
f 1996/3613/363 2353/3603/363 2360/4899/363
f 2359/3607/363 1996/3613/363 2360/4899/363
f 907/3611/363 908/3617/363 2361/3616/363
f 2361/3616/363 2355/3600/363 2356/3597/363
f 2359/3607/363 2360/4899/363 899/4900/363
f 902/3606/363 907/3611/363 2361/3616/363
f 2359/3607/363 899/4900/363 902/3606/363
f 902/3606/583 2361/3616/583 2356/3597/583
f 2006/3609/363 1977/3614/363 1982/3605/363
f 1982/3605/363 2354/3594/363 2358/3608/363
f 902/3606/363 899/4900/363 896/3610/363
f 896/3610/363 908/3617/363 907/3611/363
f 2358/3608/584 2354/3594/584 1990/3612/584
f 1990/3612/363 1992/4898/363 1996/3613/363
f 1996/3613/363 2006/3609/363 2358/3608/363
f 2356/3597/363 1982/3605/363 1977/3614/363
f 1977/3614/363 2006/3609/363 2359/3607/363
f 909/3615/364 2366/3630/364 2361/3616/364
f 895/3618/364 909/3615/364 908/3617/364
f 2365/3621/364 895/3618/364 896/3610/364
f 896/3610/364 2360/4899/364 2362/3622/364
f 2362/3622/364 2364/3620/364 2363/3619/364
f 2363/3619/364 2365/3621/364 896/3610/364
f 1973/3625/365 1999/4901/365 2004/3623/365
f 2004/3623/365 2350/3636/365 1970/3624/365
f 901/3627/365 905/4902/365 909/3615/365
f 909/3615/365 895/3618/365 897/3626/365
f 2367/3634/365 2004/3623/365 1999/4901/365
f 1973/3625/365 1970/3624/365 2349/4903/365
f 2364/3620/365 2367/3634/365 1999/4901/365
f 1973/3625/365 2349/4903/365 2368/3628/365
f 2364/3620/365 1999/4901/365 1973/3625/365
f 2368/3628/365 2365/3621/365 2364/3620/365
f 2368/3628/365 2349/4903/365 1021/3632/365
f 1020/3631/365 1038/3633/365 2352/3629/365
f 2368/3628/365 1021/3632/365 1020/3631/365
f 895/3618/365 2365/3621/365 2368/3628/365
f 897/3626/365 895/3618/365 2368/3628/365
f 2368/3628/365 1020/3631/365 2352/3629/365
f 2366/3630/365 909/3615/365 905/4902/365
f 901/3627/365 897/3626/365 2368/3628/365
f 2366/3630/365 905/4902/365 901/3627/365
f 901/3627/365 2368/3628/365 2352/3629/365
f 2351/3635/365 1994/3637/365 2004/3623/365
f 2367/3634/365 2364/3620/365 2362/3622/365
f 2351/3635/365 2004/3623/365 2367/3634/365
f 836/3644/368 786/3645/368 807/3642/368
f 807/3642/368 822/3649/368 831/3643/368
f 2375/3650/585 2377/3648/585 822/3649/585
f 2375/3650/368 822/3649/368 807/3642/368
f 831/3643/368 2376/4904/368 2374/3646/368
f 836/3644/368 831/3643/368 2374/3646/368
f 2373/3647/368 2375/3650/368 807/3642/368
f 786/3645/369 836/3644/369 2374/3646/369
f 2373/3647/368 807/3642/368 786/3645/368
f 2377/3648/585 2376/4904/585 831/3643/585
f 2378/4905/370 2377/3648/370 2375/3650/370
f 2375/3650/370 2379/3661/370 1831/3655/370
f 2375/3650/370 1831/3655/370 1820/3654/370
f 2380/3652/370 2378/4905/370 2375/3650/370
f 1810/3651/370 1812/3653/370 2380/3652/370
f 2375/3650/370 1820/3654/370 1810/3651/370
f 1812/3653/370 1810/3651/370 1820/3654/370
f 2381/3657/586 1805/3662/586 1812/3653/586
f 1812/3653/371 1831/3655/371 1830/3656/371
f 1805/3662/586 799/4906/586 798/3659/586
f 821/3658/371 830/3660/371 2382/4907/371
f 1812/3653/371 1805/3662/371 798/3659/371
f 821/3658/371 2382/4907/371 2380/3652/371
f 1812/3653/371 798/3659/371 821/3658/371
f 798/3659/586 799/4906/586 830/3660/586
f 1805/3662/372 2381/3657/372 1821/3663/372
f 787/3668/372 799/4906/372 1805/3662/372
f 1813/3664/372 1821/3663/372 2373/3666/372
f 787/3668/372 1805/3662/372 1813/3664/372
f 2382/4907/372 830/3660/372 835/3665/372
f 787/3668/372 1813/3664/372 2373/3666/372
f 2383/3667/372 2382/4907/372 835/3665/372
f 835/3665/587 787/3668/587 2373/3666/587
f 2373/3666/372 2374/4908/372 2383/3667/372
f 830/3660/372 799/4906/372 787/3668/372
f 1454/3669/374 1464/3686/374 1473/3670/374
f 7/3672/374 61/3685/374 2135/3673/374
f 2388/3699/373 840/3679/373 834/3675/373
f 834/3675/374 56/3684/374 61/3685/374
f 2131/3676/373 2128/4909/373 2385/4910/373
f 834/3675/373 61/3685/373 2131/3676/373
f 2386/3677/373 2388/3699/373 834/3675/373
f 2131/3676/373 2385/4910/373 2386/3677/373
f 54/3678/373 56/3684/373 834/3675/373
f 2146/3695/373 1454/3669/373 1448/3671/373
f 1473/3670/374 1464/3686/374 2387/3691/374
f 2143/3681/374 2146/3695/374 1448/3671/374
f 1473/3670/373 2387/3691/373 2384/3680/373
f 2143/3681/588 1448/3671/588 1473/3670/588
f 2384/3680/373 2149/3682/373 2143/3681/373
f 7/3672/374 14/3674/374 2146/3695/374
f 2146/3695/374 2143/3681/374 2149/3682/374
f 2149/3682/373 2128/4909/373 2131/3676/373
f 2131/3676/374 61/3685/374 7/3672/374
f 7/3672/373 2146/3695/373 2149/3682/373
f 829/3683/373 2135/3673/373 61/3685/373
f 2389/3688/377 1465/3690/377 1464/3686/377
f 1464/3686/377 1454/3669/377 1445/3687/377
f 54/3678/377 62/3701/377 818/3689/377
f 818/3689/377 62/3701/377 60/3692/377
f 2135/3673/589 829/3683/589 818/3689/589
f 60/3692/377 62/3701/377 814/3693/377
f 2142/3696/377 2148/4911/377 1445/3687/377
f 1445/3687/377 1454/3669/377 2146/3695/377
f 14/3674/377 2135/3673/377 60/3692/377
f 2390/3700/377 1677/3709/377 803/3702/377
f 785/3698/377 840/3679/377 2388/3699/377
f 2390/3700/377 803/3702/377 785/3698/377
f 1676/3708/377 814/3693/377 62/3701/377
f 62/3701/377 54/3678/377 840/3679/377
f 840/3679/377 785/3698/377 803/3702/377
f 803/3702/377 1676/3708/377 62/3701/377
f 1664/3703/377 1665/4912/377 2148/4911/377
f 2148/4911/377 2142/3696/377 2146/3695/377
f 2146/3695/377 14/3674/377 6/3697/377
f 6/3697/377 60/3692/377 1673/3694/377
f 1664/3703/377 2148/4911/377 2146/3695/377
f 6/3697/590 1673/3694/590 1664/3703/590
f 1664/3703/591 1673/3694/591 811/3704/591
f 800/3706/377 802/3705/377 2133/3707/377
f 1664/3703/377 811/3704/377 800/3706/377
f 2133/3707/377 1665/4912/377 1664/3703/377
f 1676/3708/377 803/3702/377 802/3705/377
f 802/3705/378 811/3704/378 814/3693/378
f 2133/3707/377 802/3705/377 803/3702/377
f 1445/3687/381 1447/3726/381 1476/3710/381
f 1669/3711/381 810/3725/381 796/3712/381
f 2125/3716/381 2148/4911/381 1665/4912/381
f 1662/3714/381 810/3725/381 819/3715/381
f 2125/3716/380 1665/4912/380 1662/3714/380
f 1671/3717/380 780/3723/380 788/3722/380
f 788/3722/380 839/3732/380 828/3718/380
f 828/3718/380 816/4913/380 819/3715/380
f 819/3715/381 1669/3711/381 1671/3717/381
f 1671/3717/380 788/3722/380 828/3718/380
f 2130/3720/380 1679/3719/380 1677/3709/380
f 1677/3709/381 2390/3700/381 2393/3721/381
f 2393/3721/381 2392/4914/381 839/3732/381
f 788/3722/381 780/3723/381 1678/3724/381
f 2393/3721/380 839/3732/380 788/3722/380
f 2130/3720/381 1677/3709/381 2393/3721/381
f 788/3722/380 1678/3724/380 2130/3720/380
f 796/3712/380 810/3725/380 1662/3714/380
f 1662/3714/380 1665/4912/380 2133/3707/380
f 2133/3707/380 1679/3719/380 1678/3724/380
f 1678/3724/380 782/3713/380 796/3712/380
f 796/3712/381 1662/3714/381 2133/3707/381
f 1669/3711/381 782/3713/381 780/3723/381
f 2125/3716/592 819/3715/592 816/4913/592
f 828/3718/381 2391/4915/381 1476/3710/381
f 1447/3726/380 1445/3687/380 2148/4911/380
f 828/3718/592 1476/3710/592 1447/3726/592
f 2125/3716/381 816/4913/381 828/3718/381
f 1447/3726/380 2148/4911/380 2125/3716/380
f 2391/4915/383 828/3718/383 832/3727/383
f 832/3727/383 839/3732/383 2392/4914/383
f 2392/4914/383 2385/4916/383 2128/3730/383
f 2126/3728/383 2149/3731/383 2384/3729/383
f 832/3727/383 2392/4914/383 2128/3730/383
f 2384/3729/383 2391/4915/383 832/3727/383
f 832/3727/383 2128/3730/383 2126/3728/383
f 1113/3735/384 262/4917/384 261/3733/384
f 261/3733/384 1135/3740/384 1107/3734/384
f 2395/3738/384 2397/3743/384 225/3736/384
f 226/3737/384 279/4918/384 2395/3738/384
f 226/3737/384 225/3736/384 261/3733/384
f 261/3733/384 262/4917/384 2394/3739/384
f 2394/3739/384 279/4918/384 226/3737/384
f 1113/3735/384 1107/3734/384 1135/3740/384
f 1135/3740/385 261/3733/385 264/3742/385
f 227/4919/385 225/3736/385 2397/3743/385
f 1136/3744/385 1135/3740/385 264/3742/385
f 264/3742/385 227/4919/385 2397/3743/385
f 2397/3743/385 2399/3756/385 1136/3744/385
f 1132/3746/385 2396/3741/385 1135/3740/385
f 1135/3740/385 1136/3744/385 1128/3745/385
f 225/3736/385 227/4919/385 264/3742/385
f 2216/3747/385 2222/3748/385 1132/3746/385
f 1128/3745/385 2217/3749/385 2216/3747/385
f 2222/3748/385 2216/3747/385 2217/3749/385
f 2213/3753/386 2217/3749/386 1128/3745/386
f 1122/3751/386 203/3760/386 201/3752/386
f 2213/3753/386 1128/3745/386 1122/3751/386
f 201/3752/386 2401/3762/386 2213/3753/386
f 184/3755/386 183/3757/386 201/3752/386
f 201/3752/386 203/3760/386 1119/3754/386
f 1119/3754/386 198/3758/386 184/3755/386
f 184/3755/386 198/3758/386 1108/4920/386
f 1108/4920/386 1136/3744/386 2399/3756/386
f 2399/3756/386 2400/3764/386 183/3757/386
f 184/3755/386 1108/4920/386 2399/3756/386
f 192/3759/386 203/3760/386 1122/3751/386
f 1122/3751/386 1128/3745/386 1136/3744/386
f 1136/3744/386 1108/4920/386 198/3758/386
f 198/3758/593 192/3759/593 1122/3751/593
f 192/3759/386 198/3758/386 1119/3754/386
f 182/3763/387 183/3757/387 2400/3764/387
f 2400/3764/387 2395/4921/387 279/3765/387
f 279/3765/387 195/3766/387 182/3763/387
f 195/3766/387 279/3765/387 2394/3767/387
f 270/3769/387 195/3766/387 200/3768/387
f 260/3770/387 204/3761/387 201/3752/387
f 201/3752/387 183/3757/387 182/3763/387
f 182/3763/387 195/3766/387 270/3769/387
f 270/3769/387 260/3770/387 201/3752/387
f 2402/3775/388 2404/4922/388 218/3772/388
f 167/3771/388 166/3773/388 1637/3776/388
f 2402/3775/388 218/3772/388 167/3771/388
f 1638/3774/388 2403/4923/388 2402/3775/388
f 167/3771/388 1637/3776/388 1638/3774/388
f 1639/3779/389 1637/3776/389 166/3773/389
f 166/3773/389 180/3782/389 2407/3778/389
f 218/3772/389 2404/4922/389 2406/3780/389
f 180/3782/389 166/3773/389 218/3772/389
f 2409/3785/390 2407/3778/390 180/3782/390
f 164/3783/390 211/3781/390 2406/3780/390
f 2409/3785/390 180/3782/390 164/3783/390
f 164/3783/390 2406/3780/390 2408/3784/390
f 2408/3784/391 2402/4924/391 2403/3786/391
f 2413/3790/393 76/3798/393 75/3791/393
f 75/3791/392 76/3798/392 1818/3787/392
f 1815/3789/393 1814/3788/393 2412/3793/393
f 75/3791/393 1818/3787/393 1815/3789/393
f 2411/3794/393 162/3792/393 75/3791/393
f 2412/3793/393 2410/4925/393 2411/3794/393
f 2411/3794/393 75/3791/393 1815/3789/393
f 1808/3796/394 1814/3788/394 1818/3787/394
f 1818/3787/394 1824/3799/394 1832/3795/394
f 1832/3795/394 1838/3816/394 1808/3796/394
f 1808/3796/394 1838/3816/394 2414/3797/394
f 2414/3797/394 2412/3793/394 1814/3788/394
f 1824/3799/394 1818/3787/394 76/3798/394
f 76/3798/394 73/3805/394 1832/3795/394
f 147/3800/394 155/4926/394 854/3801/394
f 854/3801/394 856/3804/394 148/3802/394
f 147/3800/394 148/3802/394 73/3805/394
f 73/3805/394 76/3798/394 2413/3790/394
f 2413/3790/394 155/4926/394 147/3800/394
f 2414/3797/395 1838/3816/395 1807/3807/395
f 1807/3807/395 1811/3815/395 2417/3808/395
f 858/3809/395 856/3804/395 2415/3803/395
f 1823/4927/395 161/3814/395 146/3811/395
f 146/3811/396 148/3802/396 856/3804/396
f 858/3809/395 861/3810/395 2416/3818/395
f 146/3811/395 856/3804/395 858/3809/395
f 1822/3812/395 1823/4927/395 146/3811/395
f 858/3809/395 2416/3818/395 1822/3812/395
f 146/3811/395 161/3814/395 79/3806/395
f 79/3806/395 73/3805/395 148/3802/395
f 1832/3795/395 79/3806/395 72/3813/395
f 72/3813/395 161/3814/395 1823/4927/395
f 1823/4927/395 1822/3812/395 1811/3815/395
f 1811/3815/395 1807/3807/395 1838/3816/395
f 1838/3816/395 1832/3795/395 72/3813/395
f 72/3813/395 1823/4927/395 1811/3815/395
f 2410/3819/397 2417/3808/397 1811/3815/397
f 1816/3817/397 1822/3812/397 2416/3818/397
f 2410/3819/397 1811/3815/397 1816/3817/397
f 2416/3818/397 2411/4928/397 2410/3819/397
f 2421/3824/398 2419/4929/398 2184/3820/398
f 2185/3822/398 2188/3821/398 2418/4930/398
f 2421/3824/398 2184/3820/398 2185/3822/398
f 2185/3822/398 2418/4930/398 2420/3823/398
f 2421/3824/399 2420/3823/399 2422/3825/399
f 2423/3826/400 2422/3825/400 2424/3827/400
f 2418/4931/401 2188/3832/401 2181/3829/401
f 2181/3829/401 2184/3831/401 2419/3830/401
f 2419/3830/401 2425/3828/401 2424/3827/401
f 2424/3827/401 2418/4931/401 2181/3829/401
f 2296/3833/402 2294/3835/402 687/3855/402
f 613/4932/402 621/3854/402 559/3836/402
f 2296/3833/594 687/3855/594 613/4932/594
f 554/3837/402 2299/3834/402 2296/3833/402
f 2296/3833/402 613/4932/402 559/3836/402
f 1919/3858/402 1918/3857/402 554/3837/402
f 559/3836/402 2431/3876/402 2426/3838/402
f 2426/3838/402 1927/4933/402 1929/3856/402
f 1936/3839/402 1919/3858/402 554/3837/402
f 2426/3838/402 1929/3856/402 1936/3839/402
f 1936/3839/402 554/3837/402 559/3836/402
f 1589/3842/402 1066/3846/402 1068/3862/402
f 1068/3862/402 2428/4934/402 2427/3840/402
f 2427/3840/402 2430/3849/402 659/3851/402
f 659/3851/595 658/3843/595 1345/3841/595
f 1345/3841/402 657/3844/402 642/3870/402
f 1589/3842/402 1068/3862/402 2427/3840/402
f 1345/3841/402 642/3870/402 1589/3842/402
f 2427/3840/402 659/3851/402 1345/3841/402
f 1091/3845/402 1615/3863/402 1066/3846/402
f 2427/3840/402 2428/4934/402 2429/3848/402
f 1339/3850/596 658/3843/596 659/3851/596
f 659/3851/402 2432/3887/402 1335/3852/402
f 1074/3853/402 1077/3877/402 621/3854/402
f 621/3854/402 613/4932/402 687/3855/402
f 687/3855/402 1071/4935/402 1074/3853/402
f 1919/3858/402 1936/3839/402 1929/3856/402
f 1929/3856/402 1927/4933/402 1918/3857/402
f 1351/3859/594 2056/3872/594 2060/3860/594
f 1088/3864/402 1077/3877/402 1074/3853/402
f 1074/3853/402 1071/4935/402 1068/3862/402
f 1068/3862/402 1066/3846/402 1615/3863/402
f 1615/3863/402 1091/3845/402 1088/3864/402
f 1088/3864/402 1074/3853/402 1068/3862/402
f 642/3870/402 657/3844/402 1351/3859/402
f 1351/3859/402 2053/3871/402 1606/3865/402
f 1596/3866/597 642/3870/597 1351/3859/597
f 1059/3847/402 1066/3846/402 1589/3842/402
f 642/3870/402 640/3869/402 1091/3845/402
f 1059/3847/402 1589/3842/402 642/3870/402
f 639/3868/402 1088/3864/402 1091/3845/402
f 1611/3867/402 640/3869/402 642/3870/402
f 642/3870/594 1596/3866/594 1606/3865/594
f 657/3844/598 658/3843/598 1339/3850/598
f 1339/3850/402 1335/3852/402 2060/3860/402
f 2056/3872/599 1351/3859/599 657/3844/599
f 1339/3850/402 2060/3860/402 2056/3872/402
f 560/3873/403 565/3881/403 585/3874/403
f 559/3836/403 560/3873/403 620/3875/403
f 1600/3879/403 1613/3885/403 1611/3867/403
f 1084/3878/403 1088/3864/403 639/3868/403
f 2433/3905/403 585/3874/403 565/3881/403
f 565/3881/403 560/3873/403 621/3854/403
f 621/3854/403 1077/3877/403 1084/3878/403
f 1084/3878/403 639/3868/403 648/3880/403
f 648/3880/403 2433/3905/403 565/3881/403
f 565/3881/403 621/3854/403 1084/3878/403
f 1600/3879/403 1606/3865/403 2053/3871/403
f 2057/3883/403 1358/3884/403 1354/3882/403
f 1600/3879/403 2053/3871/403 2057/3883/403
f 1358/3884/403 2060/3860/403 1335/3852/403
f 1335/3852/403 1334/3886/403 1354/3882/403
f 1613/3885/403 648/3880/403 639/3868/403
f 2053/3871/403 1353/3861/403 1358/3884/403
f 1334/3886/403 1335/3852/403 2432/3887/403
f 1595/4936/404 1600/3879/404 1354/3882/404
f 1595/4936/404 1354/3882/404 1343/3892/404
f 1593/3891/404 1595/4936/404 1343/3892/404
f 1340/3893/404 1334/3886/404 2434/3888/404
f 1593/3891/600 1343/3892/600 1340/3893/600
f 1340/3893/404 2434/3888/404 2436/3930/404
f 2436/3930/404 1089/3902/404 1086/3904/404
f 1086/3904/404 1080/3903/404 679/3889/404
f 649/3906/404 648/3880/404 1613/3885/404
f 1340/3893/404 2436/3930/404 1086/3904/404
f 1593/3891/404 1340/3893/404 1086/3904/404
f 679/3889/404 649/3906/404 1613/3885/404
f 679/3889/404 1613/3885/404 1619/3890/404
f 1593/3891/404 1086/3904/404 679/3889/404
f 1343/3892/404 1354/3882/404 1334/3886/404
f 1600/3879/404 1595/4936/404 1593/3891/404
f 1593/3891/404 1619/3890/404 1613/3885/404
f 1922/3899/404 584/3896/404 564/3897/404
f 562/3898/404 691/3912/404 1922/3899/404
f 564/3897/404 584/3896/404 1935/3895/404
f 1935/3895/404 580/3894/404 597/3900/404
f 2433/3905/404 648/3880/404 649/3906/404
f 649/3906/404 679/3889/404 685/3911/404
f 685/3911/404 562/3898/404 564/3897/404
f 1935/3895/404 597/3900/404 2433/3905/404
f 649/3906/404 685/3911/404 564/3897/404
f 564/3897/404 1935/3895/404 2433/3905/404
f 584/3896/404 1922/3899/404 691/3912/404
f 691/3912/404 692/3914/404 1932/3901/404
f 1932/3901/404 580/3894/404 584/3896/404
f 562/3898/404 561/3910/404 1924/3913/404
f 1926/3909/404 1931/3908/404 692/3914/404
f 692/3914/404 691/3912/404 1924/3913/404
f 554/3915/405 1918/3916/405 1924/3913/405
f 1918/3916/405 1927/3933/405 1926/3909/405
f 687/3918/405 685/3911/405 679/3889/405
f 679/3889/405 678/3924/405 1073/3917/405
f 1073/3917/405 1071/4937/405 687/3918/405
f 2428/3922/405 1068/3925/405 662/3923/405
f 678/3924/405 1080/3903/405 1089/3902/405
f 1089/3902/405 1065/3929/405 662/3923/405
f 678/3924/405 662/3923/405 1068/3925/405
f 1068/3925/405 1071/4937/405 1073/3917/405
f 2299/3927/405 554/3915/405 561/3910/405
f 561/3910/405 685/3911/405 687/3918/405
f 687/3918/405 2294/3926/405 2295/3928/405
f 2295/3928/405 2299/3927/405 561/3910/405
f 671/3920/405 662/3923/405 1065/3929/405
f 1065/3929/405 1089/3902/405 2436/3930/405
f 2436/3930/406 670/3932/406 672/3919/406
f 2437/3921/405 671/3920/405 1065/3929/405
f 2436/3930/405 672/3919/405 2437/3921/405
f 2438/3931/405 2429/4938/405 2428/3922/405
f 2428/3922/405 671/3920/405 672/3919/405
f 2435/3907/405 1926/3909/405 1927/3933/405
f 2263/3938/408 2274/3947/408 2448/3939/408
f 1431/3943/408 1414/4939/408 1418/3941/408
f 1418/3941/408 2449/3970/408 1426/3942/408
f 2280/3944/408 2439/3951/408 2442/3945/408
f 2274/3947/408 2277/3946/408 2275/3948/408
f 2274/3947/408 2263/3938/408 2280/3944/408
f 2239/3953/408 2242/3952/408 2445/3959/408
f 2446/3950/408 2444/3958/408 2443/3965/408
f 2239/3953/408 2445/3959/408 2446/3950/408
f 2439/3951/408 2280/3944/408 2239/3953/408
f 1310/3935/408 2440/4940/408 2439/3951/408
f 2443/3965/408 1311/3937/408 1308/3936/408
f 1308/3936/408 1310/3935/408 2439/3951/408
f 2439/3951/408 2239/3953/408 2446/3950/408
f 2446/3950/408 2443/3965/408 1308/3936/408
f 2239/3953/408 2280/3944/408 2263/3938/408
f 2263/3938/408 2264/3957/408 2242/3952/408
f 1431/3943/408 1426/3942/408 2448/3939/408
f 2448/3939/408 2274/3947/408 2272/3949/408
f 343/3956/408 1418/3941/408 1414/4939/408
f 1431/3943/408 2448/3939/408 2272/3949/408
f 343/3956/408 1414/4939/408 1431/3943/408
f 1431/3943/408 2272/3949/408 355/3954/408
f 2445/3959/409 2242/3952/409 2238/3961/409
f 2238/3961/409 420/3977/409 413/3962/409
f 413/3962/409 2456/3974/409 2455/3963/409
f 2455/3963/409 2445/3959/409 2238/3961/409
f 2451/4941/601 2120/3976/601 2116/3964/601
f 2116/3964/409 2109/3979/409 2453/3995/409
f 2453/3995/409 2450/4942/409 2443/3965/409
f 2444/3958/409 2451/4941/409 2116/3964/409
f 2116/3964/409 2453/3995/409 2443/3965/409
f 422/3966/409 425/3978/409 439/3967/409
f 1430/3969/409 1426/3942/409 2449/3970/409
f 420/3977/409 2238/3961/409 2242/3952/409
f 2242/3952/409 2264/3957/409 422/3966/409
f 417/3972/409 420/3977/409 2242/3952/409
f 2456/3974/409 2094/4943/409 2093/3973/409
f 2093/3973/602 2120/3976/602 2451/4941/602
f 2451/4941/409 2444/3958/409 2445/3959/409
f 2445/3959/409 2455/3963/409 2456/3974/409
f 2093/3973/409 2451/4941/409 2445/3959/409
f 2093/3973/409 2094/4943/409 2454/3975/409
f 2268/3968/409 2278/3980/409 420/3977/409
f 420/3977/409 417/3972/409 422/3966/409
f 425/3978/409 422/3966/409 2264/3957/409
f 2264/3957/409 2447/3940/409 2452/3960/409
f 2452/3960/409 2448/3939/409 1426/3942/409
f 1430/3969/409 1436/3971/409 2457/4944/409
f 425/3978/409 2264/3957/409 2452/3960/409
f 1430/3969/409 2457/4944/409 439/3967/409
f 425/3978/409 2452/3960/409 1426/3942/409
f 1430/3969/409 439/3967/409 425/3978/409
f 2109/3979/409 2116/3964/409 2120/3976/409
f 2458/3982/410 2456/3974/410 413/3962/410
f 413/3962/410 412/3987/410 2121/4023/410
f 2095/3981/410 2096/3989/410 2458/3982/410
f 413/3962/410 2121/4023/410 2095/3981/410
f 334/3984/603 352/3998/603 342/3985/603
f 439/3967/410 433/4013/410 412/3987/410
f 412/3987/410 413/3962/410 2278/3980/410
f 2267/3983/410 2268/3968/410 439/3967/410
f 412/3987/410 2278/3980/410 2267/3983/410
f 2095/3981/410 2121/4023/410 2462/3988/410
f 2460/3992/410 2108/3993/410 1523/3990/410
f 1523/3990/410 1516/4003/410 2461/3991/410
f 2096/3989/410 2094/4943/410 2456/3974/410
f 2460/3992/410 2461/3991/410 1295/3996/410
f 2460/3992/410 1295/3996/410 1298/4945/410
f 2109/3979/410 2108/3993/410 2460/3992/410
f 1326/4011/410 2459/4006/410 2453/3995/410
f 1313/3997/410 1326/4011/410 2453/3995/410
f 2453/3995/410 2109/3979/410 2460/3992/410
f 2460/3992/410 1298/4945/410 1306/3994/410
f 1306/3994/410 1313/3997/410 2453/3995/410
f 1306/3994/410 1298/4945/410 1295/3996/410
f 1295/3996/410 1326/4011/410 1313/3997/410
f 1280/3999/410 1277/4001/410 433/4013/410
f 433/4013/410 439/3967/410 2457/4944/410
f 2457/4944/410 2463/4032/410 334/3984/410
f 2457/4944/410 334/3984/410 335/3986/410
f 1280/3999/410 433/4013/410 2457/4944/410
f 352/3998/410 1281/4000/410 1280/3999/410
f 1280/3999/410 2457/4944/410 335/3986/410
f 2096/3989/410 2462/3988/410 1528/4005/410
f 1521/4002/410 1523/3990/410 2108/3993/410
f 2096/3989/410 1528/4005/410 1521/4002/410
f 2454/3975/410 2094/4943/410 2096/3989/410
f 1521/4002/410 2108/3993/410 2454/3975/410
f 2110/4004/410 1523/3990/410 1521/4002/410
f 2459/4006/411 1326/4011/411 1327/4007/411
f 1302/4010/411 1327/4007/411 1326/4011/411
f 433/4013/411 426/4946/411 411/4014/411
f 355/4016/411 352/3998/411 334/3984/411
f 334/3984/411 331/4033/411 2441/4015/411
f 1525/4019/411 1530/4021/411 2114/4017/411
f 2114/4017/411 2122/4026/411 2465/4025/411
f 2465/4025/411 2123/4024/411 2121/4023/411
f 2121/4023/411 412/3987/411 411/4014/411
f 426/4946/411 433/4013/411 1277/4001/411
f 2465/4025/411 2121/4023/411 411/4014/411
f 426/4946/411 1277/4001/411 1279/4012/411
f 2465/4025/411 411/4014/411 426/4946/411
f 2114/4017/411 2465/4025/411 426/4946/411
f 426/4946/411 1279/4012/411 1281/4000/411
f 1281/4000/411 352/3998/411 355/4016/411
f 355/4016/411 2272/4030/411 2271/4018/411
f 2271/4018/411 2275/4031/411 2442/4028/411
f 2466/4027/604 2439/4029/604 2440/4947/604
f 2271/4018/605 2442/4028/605 2466/4027/605
f 1281/4000/411 355/4016/411 2271/4018/411
f 426/4946/411 1281/4000/411 2271/4018/411
f 2271/4018/411 2466/4027/411 2440/4947/411
f 2440/4947/411 1302/4010/411 1295/3996/411
f 1295/3996/411 2461/3991/411 1526/4009/411
f 1295/3996/411 1526/4009/411 1525/4019/411
f 2271/4018/411 2440/4947/411 1295/3996/411
f 2114/4017/411 426/4946/411 2271/4018/411
f 1295/3996/411 1525/4019/411 2114/4017/411
f 1525/4019/411 1526/4009/411 2111/4020/411
f 2122/4026/411 1531/4022/411 1528/4005/411
f 1528/4005/411 2462/3988/411 2123/4024/411
f 1531/4022/411 2122/4026/411 2114/4017/411
f 1528/4005/411 1531/4022/411 2111/4020/411
f 2110/4004/411 2111/4020/411 1526/4009/411
f 1551/4036/412 1554/4057/412 2102/4034/412
f 2102/4034/412 1542/4076/412 1536/4035/412
f 1536/4035/413 2112/4051/413 1551/4036/413
f 407/4037/413 406/4048/413 1551/4036/413
f 2455/4068/412 2445/4060/412 2446/4039/412
f 2446/4039/412 2465/4054/412 2123/4056/412
f 2092/4040/413 2096/4065/413 2458/4041/413
f 2446/4039/412 2123/4056/412 2092/4040/412
f 2458/4041/412 2455/4068/412 2446/4039/412
f 2468/4044/412 2009/4063/412 2007/4042/412
f 2007/4042/412 2027/4064/412 2470/4043/412
f 395/4045/412 393/4050/412 2467/4948/412
f 2467/4948/412 2469/4078/412 1553/4046/412
f 1553/4046/412 1554/4057/412 405/4047/412
f 395/4045/606 2467/4948/606 1553/4046/606
f 406/4048/412 407/4037/412 393/4050/412
f 393/4050/412 395/4045/412 405/4047/412
f 2105/4049/413 406/4048/413 393/4050/413
f 2123/4056/412 2118/4055/412 1536/4035/412
f 1536/4035/412 1542/4076/412 2091/4052/412
f 2091/4052/412 2096/4065/412 2462/4053/412
f 2462/4053/413 2123/4056/413 1536/4035/413
f 2248/4058/412 2254/4061/412 2023/4059/412
f 2023/4059/412 2020/4949/412 2446/4039/412
f 2445/4060/412 2455/4068/412 2243/4062/412
f 2023/4059/413 2446/4039/413 2445/4060/413
f 2445/4060/412 2243/4062/412 2248/4058/412
f 2027/4064/414 2007/4042/414 2009/4063/414
f 2009/4063/412 2020/4949/412 2023/4059/412
f 406/4048/413 405/4047/413 1554/4057/413
f 2123/4056/413 2462/4053/413 2096/4065/413
f 2018/4070/415 2023/4059/415 2254/4061/415
f 2247/4066/415 2243/4062/415 2455/4068/415
f 2018/4070/415 2254/4061/415 2247/4066/415
f 2018/4070/415 2247/4066/415 2455/4068/415
f 2456/4067/415 2458/4041/415 2091/4052/415
f 2018/4070/415 2455/4068/415 2456/4067/415
f 2018/4070/415 2456/4067/415 2091/4052/415
f 2091/4052/415 2097/4074/415 2472/4071/415
f 2470/4043/415 2027/4064/415 2010/4950/415
f 2470/4043/415 2010/4950/415 2013/4069/415
f 2018/4070/607 2091/4052/607 2472/4071/607
f 2472/4071/415 2470/4043/415 2013/4069/415
f 2097/4074/415 2091/4052/415 1542/4076/415
f 1520/4072/415 1519/4075/415 2103/4073/415
f 2097/4074/415 1542/4076/415 1520/4072/415
f 1519/4075/415 1520/4072/415 1542/4076/415
f 2103/4073/415 1519/4075/415 1512/4077/415
f 1512/4077/415 1553/4046/415 2469/4078/415
f 2469/4078/415 2471/4084/415 2103/4073/415
f 2102/4034/415 1553/4046/415 1512/4077/415
f 2023/4059/415 2018/4070/415 2013/4069/415
f 2013/4069/415 2010/4950/415 2027/4064/415
f 2474/4081/416 2472/4071/416 2097/4074/416
f 2098/4079/608 2120/4088/608 2451/4080/608
f 2474/4081/609 2097/4074/609 2098/4079/609
f 2120/4088/416 2098/4079/416 2097/4074/416
f 2097/4074/416 2103/4073/416 2106/4082/416
f 2106/4082/416 2108/4087/416 2454/4083/416
f 2454/4083/416 2120/4088/416 2097/4074/416
f 2460/4085/416 2108/4087/416 2106/4082/416
f 2106/4082/416 2103/4073/416 2471/4084/416
f 2471/4084/416 2473/4951/416 2460/4085/416
f 2454/4083/416 2108/4087/416 2115/4086/416
f 2115/4086/417 2119/4089/417 2120/4088/417
f 2122/4091/418 2119/4089/418 2115/4086/418
f 2115/4086/418 1532/4106/418 1531/4090/418
f 2446/4092/418 2444/4103/418 2451/4080/418
f 2451/4080/418 2119/4089/418 2122/4091/418
f 2122/4091/418 2465/4108/418 2446/4092/418
f 2473/4951/418 2467/4952/418 393/4096/418
f 394/4093/418 407/4097/418 1552/4953/418
f 2473/4951/419 393/4096/419 394/4093/419
f 2461/4095/418 2460/4085/418 2473/4951/418
f 1513/4094/418 1526/4954/418 2461/4095/418
f 394/4093/418 1552/4953/418 1513/4094/418
f 2461/4095/418 2473/4951/418 394/4093/418
f 1536/4098/419 1531/4090/419 2111/4099/419
f 1524/4101/418 1532/4106/418 2115/4086/418
f 2115/4086/418 2460/4085/418 2461/4095/418
f 2461/4095/418 1526/4954/418 1524/4101/418
f 2446/4092/418 2020/4104/418 2017/4955/418
f 2014/4102/418 2009/4105/418 2468/4956/418
f 2444/4103/418 2446/4092/418 2017/4955/418
f 2014/4102/418 2468/4956/418 2474/4081/418
f 2444/4103/418 2017/4955/418 2014/4102/418
f 2474/4081/418 2451/4080/418 2444/4103/418
f 2014/4102/418 2017/4955/418 2020/4104/418
f 1524/4101/418 1526/4954/418 2111/4099/418
f 1531/4090/418 1536/4098/418 2118/4107/418
f 2111/4099/418 1526/4954/418 1513/4094/418
f 1513/4094/418 1552/4953/418 2112/4100/418
f 574/4111/420 537/4957/420 536/4109/420
f 536/4109/420 2475/4958/420 577/4110/420
f 2342/4113/610 2345/4116/610 536/4109/610
f 2342/4113/420 536/4109/420 537/4957/420
f 2477/4112/420 2338/4114/420 2342/4113/420
f 574/4111/420 577/4110/420 2477/4112/420
f 2342/4113/420 537/4957/420 574/4111/420
f 2345/4116/420 2342/4113/420 2338/4114/420
f 2338/4114/420 2335/4118/420 2333/4115/420
f 2333/4115/420 2476/4959/420 2345/4116/420
f 2331/4119/421 2326/4124/421 2480/4120/421
f 2480/4120/421 2478/4117/421 2335/4118/421
f 2341/4125/421 2347/4138/421 2326/4124/421
f 2326/4124/421 2331/4119/421 2335/4118/421
f 2335/4118/421 2338/4114/421 2341/4125/421
f 2477/4112/421 2292/4127/421 2291/4126/421
f 2291/4126/421 576/4123/421 572/4122/421
f 572/4122/421 570/4121/421 2347/4138/421
f 2341/4125/421 2338/4114/421 2477/4112/421
f 572/4122/421 2347/4138/421 2341/4125/421
f 2477/4112/611 2291/4126/611 572/4122/611
f 1563/4129/422 1584/4140/422 2289/4130/422
f 2289/4130/422 2291/4126/422 2479/4128/422
f 2479/4128/422 1566/4139/422 1563/4129/422
f 2347/4138/422 570/4121/422 539/4131/422
f 539/4131/422 538/4142/422 2482/4132/422
f 2482/4132/422 2480/4120/422 2326/4124/422
f 2325/4133/422 2347/4138/422 539/4131/422
f 2482/4132/422 2326/4124/422 2325/4133/422
f 2289/4130/422 1584/4140/422 1577/4135/422
f 576/4123/422 2291/4126/422 2289/4130/422
f 2289/4130/422 1577/4135/422 589/4134/422
f 1577/4135/422 1584/4140/422 2286/4136/422
f 2286/4136/422 2300/4960/422 2481/4137/422
f 589/4134/422 538/4142/422 539/4131/422
f 539/4131/422 570/4121/422 576/4123/422
f 1584/4140/422 1563/4129/422 1566/4139/422
f 1566/4139/422 2300/4960/422 2286/4136/422
f 2324/4141/423 2327/4147/423 2482/4132/423
f 538/4142/423 536/4961/423 2345/4143/423
f 2324/4141/423 2482/4132/423 538/4142/423
f 2475/4145/423 536/4961/423 538/4142/423
f 538/4142/423 589/4134/423 601/4144/423
f 2324/4141/423 2345/4143/423 2476/4146/423
f 589/4134/423 1577/4135/423 1585/4148/423
f 672/4154/612 673/4160/612 2490/4962/612
f 2488/4161/426 2487/4963/426 2489/4162/426
f 672/4154/613 2490/4962/613 2488/4161/613
f 2489/4162/426 2437/4155/426 672/4154/426
f 672/4154/426 668/4153/426 2427/4156/426
f 2427/4156/426 2430/4158/426 2438/4159/426
f 671/4165/430 2437/4155/430 1064/4163/430
f 1064/4163/430 1056/4170/430 682/4164/430
f 2428/4166/430 671/4165/430 682/4164/430
f 682/4164/429 684/4964/429 689/4167/429
f 689/4167/430 2493/4174/430 2491/4157/430
f 2491/4157/430 2427/4156/430 2428/4166/430
f 2428/4166/430 682/4164/430 689/4167/430
f 671/4165/429 2428/4166/429 2427/4156/429
f 684/4964/430 682/4164/430 1056/4170/430
f 684/4964/430 1056/4170/430 1070/4965/430
f 2492/4169/429 689/4167/429 684/4964/429
f 1085/4171/429 1064/4163/429 2437/4155/429
f 684/4964/614 1070/4965/614 1075/4168/614
f 1085/4171/430 2437/4155/430 2489/4162/430
f 2492/4169/430 684/4964/430 1075/4168/430
f 1075/4168/430 1085/4171/430 2489/4162/430
f 1075/4168/429 1070/4965/429 1056/4170/429
f 1056/4170/429 1064/4163/429 1085/4171/429
f 689/4167/431 2492/4169/431 2494/4172/431
f 2202/4177/432 2204/4966/432 2466/4185/432
f 2442/4175/432 2277/4182/432 2281/4176/432
f 2202/4177/432 2466/4185/432 2442/4175/432
f 2281/4176/432 2495/4967/432 2202/4177/432
f 2496/4180/432 2256/4181/432 2257/4968/432
f 2257/4968/432 2274/4183/432 2448/4178/432
f 2448/4178/432 2452/4184/432 421/4179/432
f 421/4179/432 423/4187/432 2496/4180/432
f 2496/4180/432 2257/4968/432 2448/4178/432
f 2274/4183/432 2257/4968/432 2256/4181/432
f 2256/4181/432 2281/4176/432 2277/4182/432
f 2274/4183/432 2270/4189/432 2452/4184/432
f 2466/4185/432 2276/4188/432 2277/4182/432
f 2274/4183/615 2277/4182/615 2276/4188/615
f 2211/4190/432 2204/4966/432 2202/4177/432
f 2263/4193/433 2447/4969/433 2452/4184/433
f 2280/4194/616 2276/4188/616 2466/4185/616
f 2270/4189/616 2276/4188/616 2280/4194/616
f 2447/4969/433 2263/4193/433 2258/4196/433
f 2258/4196/433 2252/4205/433 2500/4970/433
f 2500/4970/433 419/4204/433 415/4197/433
f 415/4197/433 421/4179/433 2452/4184/433
f 2452/4184/433 2447/4969/433 2258/4196/433
f 2258/4196/433 2500/4970/433 415/4197/433
f 2206/4199/433 2204/4966/433 2211/4190/433
f 2211/4190/433 2210/4201/433 2208/4198/433
f 2280/4194/433 2240/4203/433 2241/4200/433
f 2241/4200/433 2252/4205/433 2258/4196/433
f 2258/4196/433 2263/4193/433 2280/4194/433
f 2439/4195/433 2466/4185/433 2204/4966/433
f 2206/4199/433 2208/4198/433 2499/4202/433
f 2439/4195/433 2204/4966/433 2206/4199/433
f 2240/4203/433 2280/4194/433 2439/4195/433
f 2499/4202/433 2241/4200/433 2240/4203/433
f 2439/4195/433 2206/4199/433 2499/4202/433
f 419/4204/433 2498/4186/433 421/4179/433
f 2502/4208/434 2500/4970/434 2252/4205/434
f 2249/4206/434 2241/4200/434 2499/4202/434
f 2502/4208/434 2252/4205/434 2249/4206/434
f 2249/4206/434 2499/4202/434 2501/4207/434
f 2250/4209/435 2245/4971/435 2281/4210/435
f 2495/4972/435 2281/4210/435 2245/4971/435
f 2250/4209/435 2256/4211/435 2496/4973/435
f 2495/4972/435 2245/4971/435 2250/4209/435
f 2250/4209/435 2496/4973/435 2502/4208/435
f 2501/4207/435 2495/4972/435 2250/4209/435
f 2180/4212/436 2503/4974/436 2183/4213/436
f 2365/4217/436 2368/4975/436 2357/4215/436
f 2357/4215/436 2356/4224/436 2359/4216/436
f 2359/4216/436 2363/4237/436 2365/4217/436
f 1684/4218/436 2504/4976/436 1694/4219/436
f 2183/4213/436 2505/4977/436 316/4221/436
f 308/4223/617 310/4222/617 2359/4216/617
f 2183/4213/618 316/4221/618 308/4223/618
f 2357/4215/436 2180/4212/436 2178/4214/436
f 2178/4214/436 2183/4213/436 308/4223/436
f 308/4223/436 2359/4216/436 2356/4224/436
f 2356/4224/436 2357/4215/436 2178/4214/436
f 2506/4225/436 1684/4218/436 1691/4220/436
f 1691/4220/436 1694/4219/436 2368/4975/436
f 2365/4217/436 2363/4237/436 2506/4225/436
f 1691/4220/436 2368/4975/436 2365/4217/436
f 2507/4228/438 2509/4227/438 2506/4225/438
f 2506/4225/438 2363/4237/438 2364/4229/438
f 2364/4229/438 2367/4236/438 2510/4230/438
f 2510/4230/438 2508/4226/438 2507/4228/438
f 2507/4228/438 2506/4225/438 2364/4229/438
f 1972/4232/438 1980/4243/438 2358/4233/438
f 2359/4216/438 2006/4234/438 1997/4235/438
f 1997/4235/438 1998/4239/438 2367/4236/438
f 2367/4236/438 2364/4229/438 2363/4237/438
f 2363/4237/438 2359/4216/438 1997/4235/438
f 316/4221/438 2505/4977/438 2187/4978/438
f 2176/4238/438 2170/4241/438 1980/4243/438
f 316/4221/438 2187/4978/438 2176/4238/438
f 2359/4216/619 310/4222/619 309/4231/619
f 309/4231/438 316/4221/438 2176/4238/438
f 2176/4238/438 1980/4243/438 1972/4232/438
f 1972/4232/438 2006/4234/438 2359/4216/438
f 2359/4216/438 309/4231/438 2176/4238/438
f 1998/4239/438 1997/4235/438 2006/4234/438
f 2176/4238/438 2187/4978/438 2511/4240/438
f 2511/4240/439 2197/4979/439 2169/4242/439
f 2354/4247/439 2358/4233/439 1980/4243/439
f 1980/4243/439 1981/4249/439 1991/4244/439
f 1991/4244/439 1995/4248/439 2004/4246/439
f 2350/4245/439 2354/4247/439 1980/4243/439
f 1991/4244/439 2004/4246/439 2350/4245/439
f 2354/4247/439 2350/4245/439 2004/4246/439
f 2004/4246/439 1998/4239/439 2358/4233/439
f 2367/4236/439 2004/4246/439 1995/4248/439
f 1995/4248/439 2513/4980/439 2510/4230/439
f 1981/4249/439 1980/4243/439 2170/4241/439
f 2169/4242/439 2197/4979/439 2512/4250/439
f 1981/4249/439 2170/4241/439 2169/4242/439
f 2512/4250/439 1991/4244/439 1981/4249/439
f 2000/4255/440 1995/4248/440 1991/4244/440
f 1991/4244/440 1983/4981/440 1974/4254/440
f 1983/4981/440 1991/4244/440 2512/4250/440
f 2512/4250/440 2196/4261/440 2171/4982/440
f 2171/4982/440 2180/4260/440 2357/4251/440
f 2171/4982/440 2357/4251/440 2349/4253/440
f 1983/4981/440 2512/4250/440 2171/4982/440
f 1983/4981/440 2171/4982/440 2349/4253/440
f 2368/4252/440 1694/4263/440 1695/4259/440
f 1695/4259/440 877/4258/440 867/4257/440
f 867/4257/440 869/4256/440 2513/4980/440
f 1974/4254/440 1983/4981/440 2349/4253/440
f 867/4257/440 2513/4980/440 1995/4248/440
f 867/4257/440 1995/4248/440 2000/4255/440
f 1974/4254/440 2349/4253/440 2368/4252/440
f 1695/4259/440 867/4257/440 2000/4255/440
f 2000/4255/440 1974/4254/440 2368/4252/440
f 2180/4260/440 2171/4982/440 2196/4261/440
f 2041/4270/441 775/4290/441 765/4268/441
f 765/4268/441 1005/4289/441 1013/4269/441
f 701/4266/441 699/4280/441 1010/4271/441
f 1010/4271/441 1017/4298/441 2517/4272/441
f 2517/4272/441 2515/4983/441 2066/4267/441
f 2066/4267/441 701/4266/441 1010/4271/441
f 1770/4275/441 1800/4984/441 1794/4273/441
f 1794/4273/441 1773/4286/441 753/4285/441
f 758/4274/441 765/4268/441 1770/4275/441
f 1794/4273/441 753/4285/441 758/4274/441
f 2074/4276/441 2075/4985/441 2516/4277/441
f 713/4279/441 1017/4298/441 1010/4271/441
f 1000/4282/441 713/4279/441 699/4280/441
f 699/4280/441 1014/4291/441 994/4281/441
f 753/4285/441 751/4287/441 2039/4283/441
f 2039/4283/441 996/4293/441 999/4284/441
f 2514/4986/441 2075/4985/441 2074/4276/441
f 2074/4276/441 2077/4278/441 1794/4273/441
f 2074/4276/441 1794/4273/441 1800/4984/441
f 775/4290/441 2514/4986/441 2074/4276/441
f 1770/4275/441 765/4268/441 775/4290/441
f 2074/4276/442 1800/4984/442 1770/4275/442
f 998/4288/442 1005/4289/442 765/4268/442
f 758/4274/441 753/4285/441 999/4284/441
f 998/4288/620 765/4268/620 758/4274/620
f 999/4284/441 996/4293/441 1013/4269/441
f 996/4293/620 2039/4283/620 2065/4292/620
f 1013/4269/441 996/4293/441 994/4281/441
f 2041/4270/441 1013/4269/441 1014/4291/441
f 1014/4291/441 701/4266/441 696/4265/441
f 2039/4283/444 751/4287/444 738/4295/444
f 738/4295/444 728/4320/444 711/4308/444
f 711/4308/444 714/4296/444 1000/4282/444
f 1000/4282/621 2065/4292/621 2040/4294/621
f 2040/4294/622 2039/4283/622 738/4295/622
f 738/4295/444 711/4308/444 1000/4282/444
f 1017/4298/444 713/4279/444 714/4296/444
f 714/4296/444 1002/4987/444 1011/4297/444
f 1779/4302/444 1773/4286/444 1794/4273/444
f 751/4287/444 1773/4286/444 1779/4302/444
f 1789/4303/444 1794/4273/444 2077/4278/444
f 738/4295/623 751/4287/623 1779/4302/623
f 1789/4303/444 2077/4278/444 2076/4307/444
f 738/4295/444 1779/4302/444 1789/4303/444
f 2309/4306/444 2310/4305/444 738/4295/444
f 2076/4307/444 2314/4304/444 2309/4306/444
f 2309/4306/444 738/4295/444 1789/4303/444
f 1002/4987/444 714/4296/444 711/4308/444
f 711/4308/444 728/4320/444 2520/4309/444
f 2520/4309/444 2519/4988/444 2517/4272/444
f 2517/4272/444 1017/4298/444 1011/4297/444
f 1011/4297/444 1002/4987/444 711/4308/444
f 2520/4309/444 2517/4272/444 1011/4297/444
f 2516/4277/444 2069/4299/444 2072/4301/444
f 2072/4301/444 2076/4307/444 2077/4278/444
f 2312/4312/445 741/4315/445 759/4321/445
f 1776/4313/445 1780/4322/445 720/4324/445
f 2312/4312/445 759/4321/445 1776/4313/445
f 738/4295/445 739/4311/445 2312/4312/445
f 715/4314/445 728/4320/445 738/4295/445
f 1776/4313/445 720/4324/445 715/4314/445
f 715/4314/445 738/4295/445 2312/4312/445
f 741/4315/445 739/4311/445 2310/4305/445
f 760/4316/445 759/4321/445 1792/4317/445
f 720/4324/445 2523/4989/445 2522/4319/445
f 2522/4319/445 2520/4309/445 728/4320/445
f 715/4314/445 720/4324/445 2522/4319/445
f 759/4321/445 760/4316/445 1780/4322/445
f 1792/4317/445 759/4321/445 741/4315/445
f 741/4315/445 2314/4304/445 2076/4307/445
f 2071/4310/445 2072/4301/445 2518/4300/445
f 741/4315/445 2076/4307/445 2071/4310/445
f 2521/4323/445 1795/4318/445 1792/4317/445
f 1792/4317/445 741/4315/445 2071/4310/445
f 2071/4310/445 2518/4300/445 2521/4323/445
f 2515/4326/446 2523/4989/446 720/4324/446
f 720/4324/446 700/4330/446 2066/4325/446
f 1780/4322/446 760/4316/446 749/4327/446
f 700/4330/447 2042/4335/447 2041/4331/447
f 775/4332/447 764/4328/447 1771/4990/447
f 1801/4333/446 1795/4318/446 2521/4323/446
f 775/4332/446 1771/4990/446 1801/4333/446
f 1801/4333/446 2521/4323/446 2514/4334/446
f 749/4327/446 760/4316/446 1795/4318/446
f 1801/4333/446 1771/4990/446 764/4328/446
f 749/4327/446 1795/4318/446 1801/4333/446
f 720/4324/446 1780/4322/446 764/4328/446
f 764/4328/446 775/4332/446 2041/4331/446
f 2042/4335/446 700/4330/446 720/4324/446
f 764/4328/446 2041/4331/446 2042/4335/446
f 2524/4336/448 2525/4991/448 2526/4337/448
f 2526/4337/449 2528/4342/449 2529/4339/449
f 2528/4342/450 2530/4992/450 2235/4344/450
f 2232/4340/450 2230/4343/450 2531/4341/450
f 2528/4342/450 2235/4344/450 2232/4340/450
f 2531/4341/450 2529/4339/450 2528/4342/450
f 2531/4341/451 2230/4343/451 2231/4345/451
f 2231/4345/451 2235/4344/451 2530/4992/451
f 2525/4346/451 2524/4993/451 2531/4341/451
f 2231/4345/451 2530/4992/451 2525/4346/451
f 2535/4352/452 507/4354/452 506/4353/452
f 506/4353/624 515/4355/624 2533/4994/624
f 2533/4994/452 1283/4356/452 1232/4995/452
f 1247/4350/452 1255/4357/452 2507/4349/452
f 506/4353/452 2533/4994/452 1232/4995/452
f 1247/4350/452 2507/4349/452 2508/4348/452
f 2535/4352/452 506/4353/452 1232/4995/452
f 1247/4350/452 2508/4348/452 2534/4351/452
f 2535/4352/624 1232/4995/624 1247/4350/624
f 1247/4350/452 1232/4995/452 1283/4356/452
f 1231/4358/453 1248/4373/453 1256/4359/453
f 1256/4359/453 1272/4996/453 1282/4360/453
f 2266/4361/453 1284/4997/453 1282/4360/453
f 1708/4363/453 1724/4381/453 1719/4364/453
f 1763/4366/453 1728/4370/453 1729/4367/453
f 2255/4368/453 526/4375/453 529/4369/453
f 529/4369/453 1754/4998/453 1763/4366/453
f 1728/4370/453 1763/4366/453 2261/4999/453
f 2261/4999/453 2266/4361/453 2279/4362/453
f 2279/4362/453 2283/4386/453 1729/4367/453
f 1728/4370/453 2261/4999/453 2279/4362/453
f 529/4369/453 1757/4374/453 487/4371/453
f 487/4371/453 489/5000/453 508/4372/453
f 1754/4998/453 529/4369/453 508/4372/453
f 489/5000/453 487/4371/453 2344/4378/453
f 1763/4366/453 1754/4998/453 508/4372/453
f 508/4372/453 489/5000/453 2344/4378/453
f 2344/4378/453 2346/4377/453 2535/4352/453
f 2534/4351/453 2536/5001/453 1724/4381/453
f 2534/4351/453 1724/4381/453 1708/4363/453
f 508/4372/453 2344/4378/453 2535/4352/453
f 2261/4999/453 1763/4366/453 508/4372/453
f 1284/4997/625 2266/4361/625 2261/4999/625
f 1231/4358/453 1284/4997/453 2261/4999/453
f 2261/4999/453 508/4372/453 2535/4352/453
f 2534/4351/453 1708/4363/453 1712/4365/453
f 2283/4386/453 2279/4362/453 1282/4360/453
f 2283/4386/453 1282/4360/453 1272/4996/453
f 2261/4999/453 2535/4352/453 2534/4351/453
f 1248/4373/626 1231/4358/626 2261/4999/626
f 2283/4386/453 1272/4996/453 1256/4359/453
f 1248/4373/453 2261/4999/453 2534/4351/453
f 1719/4364/453 2283/4386/453 1256/4359/453
f 1248/4373/453 2534/4351/453 1712/4365/453
f 1712/4365/453 1719/4364/453 1256/4359/453
f 1762/4379/456 2255/4368/456 1729/4367/456
f 1724/4381/456 1707/5002/456 1713/4382/456
f 528/4383/455 526/4375/455 2255/4368/455
f 2255/4368/456 1762/4379/456 1756/4385/456
f 1727/4380/456 1729/4367/456 2283/4386/456
f 2283/4386/456 2282/4403/456 2253/4387/456
f 2253/4387/456 1762/4379/456 1727/4380/456
f 2538/5003/456 436/4390/456 380/5004/456
f 396/4388/456 402/4391/456 2282/4403/456
f 2538/5003/456 380/5004/456 396/4388/456
f 1724/4381/456 2536/5001/456 2538/5003/456
f 1707/5002/456 1724/4381/456 2538/5003/456
f 396/4388/456 2282/4403/456 2283/4386/456
f 1713/4382/456 1707/5002/456 2538/5003/456
f 2283/4386/456 1719/4364/456 1713/4382/456
f 1713/4382/456 2538/5003/456 396/4388/456
f 525/4389/456 528/4383/456 1756/4385/456
f 1756/4385/456 1762/4379/456 2253/4387/456
f 396/4388/456 380/5004/456 436/4390/456
f 2348/4393/456 492/4384/456 487/4371/456
f 487/4371/455 1757/4374/455 528/4383/455
f 528/4383/456 525/4389/456 2539/4392/456
f 2539/4392/456 2348/4393/456 487/4371/456
f 495/4394/456 2537/4376/456 2344/4378/456
f 391/4395/457 400/5005/457 402/4391/457
f 2269/4404/457 2282/4403/457 402/4391/457
f 2269/4404/457 402/4391/457 400/5005/457
f 525/4389/457 2253/4387/457 2259/4398/457
f 2259/4398/457 2269/4404/457 400/5005/457
f 391/4395/457 436/4390/457 2538/5003/457
f 400/5005/457 391/4395/457 2538/5003/457
f 2538/5003/457 2509/4402/457 2507/4401/457
f 2507/4401/457 1255/5006/457 1257/4405/457
f 2538/5003/457 2507/4401/457 1257/4405/457
f 2259/4398/457 400/5005/457 2538/5003/457
f 516/4399/457 525/4389/457 2259/4398/457
f 1283/4397/457 2533/5007/457 516/4399/457
f 2538/5003/457 1257/4405/457 1276/4396/457
f 1283/4397/457 516/4399/457 2259/4398/457
f 2259/4398/457 2538/5003/457 1276/4396/457
f 2259/4398/457 2253/4387/457 2282/4403/457
f 1257/4405/457 1255/5006/457 1283/4397/457
f 826/4406/459 778/4406/459 777/4406/459
f 1661/4406/459 1657/4406/459 1652/4406/459
f 1214/4406/460 1184/4406/460 282/4406/460
f 1249/4406/460 1233/4406/460 1278/4406/460
f 1394/4406/460 1409/4406/460 1407/4406/460
f 1418/4406/460 343/4406/460 336/4406/460
f 336/4406/460 331/4406/460 2463/4406/460
f 2463/4406/460 2457/4406/460 1436/4406/460
f 1415/4406/460 1418/4406/460 336/4406/460
f 2463/4406/460 1436/4406/460 1415/4406/460
f 336/4406/460 343/4406/460 2441/4406/460
f 423/4406/460 430/4406/460 390/4406/460
f 390/4406/460 399/4406/460 419/4406/460
f 2498/4406/460 423/4406/460 390/4406/460
f 2502/4406/460 2496/4406/460 423/4406/460
f 418/4406/460 419/4406/460 2500/4406/460
f 2502/4406/460 423/4406/460 418/4406/460
f 2015/4406/460 2011/4406/460 2024/4406/460
f 1452/4406/460 1459/4406/460 1463/4406/460
f 2468/4406/460 2470/4406/460 2472/4406/460
f 429/4406/460 387/4406/460 390/4406/460
f 1656/4406/460 1047/4406/460 1049/4406/460
f 1049/4406/460 1053/4406/460 1660/4406/460
f 1675/4406/460 1656/4406/460 1049/4406/460
f 1049/4406/460 1660/4406/460 1667/4406/460
f 2416/4406/460 861/4406/460 857/4406/460
f 857/4406/460 854/4406/460 155/4406/460
f 155/4406/460 162/4406/460 2411/4406/460
f 2411/4406/460 2416/4406/460 857/4406/460
f 490/4406/460 497/4406/460 2346/4406/460
f 2537/4406/460 495/4406/460 490/4406/460
f 2101/4406/460 2107/4406/460 2117/4406/460
f 217/4406/460 207/4406/460 197/4406/460
f 197/4406/460 188/4406/460 173/4406/460
f 173/4406/460 174/4406/460 1111/4406/460
f 1134/4406/460 217/4406/460 197/4406/460
f 173/4406/460 1111/4406/460 1134/4406/460
f 690/4406/460 683/4406/460 673/4406/460
f 673/4406/627 2438/4406/627 2429/4406/627
f 2429/4406/460 2430/4406/460 2491/4406/460
f 2491/4406/460 2493/4406/460 690/4406/460
f 690/4406/460 673/4406/460 2429/4406/460
f 1588/4406/460 1594/4406/460 1608/4406/460
f 1090/4406/460 1063/4406/460 1069/4406/460
f 1069/4406/460 1076/4406/460 1079/4406/460
f 857/4406/460 861/4406/460 2415/4406/460
f 155/4406/460 149/4406/460 122/4406/460
f 122/4406/460 86/4406/460 77/4406/460
f 77/4406/460 162/4406/460 2413/4406/460
f 2413/4406/460 155/4406/460 122/4406/460
f 888/4406/460 886/4406/460 884/4406/460
f 1023/4406/460 1037/4406/460 1032/4406/460
f 2523/4406/460 2515/4406/460 2517/4406/460
f 2517/4406/460 2519/4406/460 2522/4406/460
f 2308/4406/460 1438/4406/460 1439/4406/460
f 2313/4406/460 1444/4406/460 1439/4406/460
f 1439/4406/460 1438/4406/460 2302/4406/460
f 2302/4406/460 2303/4406/460 2313/4406/460
f 1094/4406/460 1093/4406/460 1103/4406/460
f 2419/4406/460 2421/4406/460 2423/4406/460
f 1692/4406/460 1705/4406/460 1698/4406/460
f 654/4406/460 670/4406/460 2436/4406/460
f 2436/4406/460 2434/4406/460 2432/4406/460
f 2432/4406/460 659/4406/460 654/4406/460
f 1079/4406/460 2488/4406/460 2490/4406/460
f 2487/4406/460 2488/4406/460 1079/4406/460
f 2487/4406/460 1079/4406/460 1076/4406/460
f 683/4406/460 690/4406/460 2494/4406/460
f 1090/4406/460 2490/4406/460 673/4406/460
f 1063/4406/460 1090/4406/460 673/4406/460
f 2494/4406/460 2487/4406/460 1076/4406/460
f 1069/4406/460 1063/4406/460 673/4406/460
f 2494/4406/460 1076/4406/460 1069/4406/460
f 1069/4406/460 673/4406/460 683/4406/460
f 1436/4406/460 1435/4406/460 1425/4406/460
f 1425/4406/460 1424/4406/460 390/4406/460
f 1425/4406/460 390/4406/460 387/4406/460
f 2449/4406/460 1436/4406/460 1425/4406/460
f 1422/4406/460 1418/4406/460 2449/4406/460
f 429/4406/460 430/4406/460 1422/4406/460
f 1425/4406/460 387/4406/460 429/4406/460
f 1422/4406/460 2449/4406/460 1425/4406/460
f 379/4406/460 372/4406/460 1053/4406/460
f 1053/4406/460 1047/4406/460 1046/4406/460
f 379/4406/460 1040/4406/460 1055/4406/460
f 922/4406/460 968/4406/460 937/4406/460
f 2063/4406/460 1341/4406/460 1338/4406/460
f 1355/4406/460 1349/4406/460 1348/4406/460
f 1355/4406/460 1348/4406/460 2043/4406/460
f 2063/4406/460 1338/4406/460 1336/4406/460
f 1355/4406/460 2043/4406/460 2063/4406/460
f 1341/4406/460 2063/4406/460 2043/4406/460
f 637/4406/628 647/4406/628 1341/4406/628
f 1348/4406/460 2049/4406/460 636/4406/460
f 637/4406/460 1341/4406/460 1348/4406/460
f 637/4406/460 636/4406/460 2059/4406/460
f 824/4406/460 825/4406/460 837/4406/460
f 837/4406/460 789/4406/460 806/4406/460
f 1627/4406/460 824/4406/460 837/4406/460
f 172/4406/460 174/4406/460 1118/4406/460
f 1118/4406/460 1126/4406/460 217/4406/460
f 278/4406/460 267/4406/460 256/4406/460
f 229/4406/460 282/4406/460 1184/4406/460
f 1214/4406/460 278/4406/460 256/4406/460
f 235/4406/460 229/4406/460 1184/4406/460
f 1184/4406/460 1214/4406/460 256/4406/460
f 1442/4406/460 2308/4406/460 1444/4406/460
f 494/4406/460 466/4406/460 457/4406/460
f 457/4406/460 516/4406/460 2539/4406/460
f 2539/4406/460 2348/4406/460 2328/4406/460
f 2328/4406/460 494/4406/460 457/4406/460
f 278/4406/460 282/4406/460 1190/4406/460
f 495/4406/460 2348/4406/460 497/4406/460
f 2346/4406/460 2343/4406/460 2334/4406/460
f 2334/4406/460 2333/4406/460 2476/4406/460
f 2327/4406/460 494/4406/460 495/4406/460
f 2327/4406/460 495/4406/460 2537/4406/460
f 2346/4406/460 2334/4406/460 2476/4406/460
f 2476/4406/460 2327/4406/460 2537/4406/460
f 804/4406/460 806/4406/460 1621/4406/460
f 1621/4406/460 1623/4406/460 1625/4406/460
f 1625/4406/460 824/4406/460 804/4406/460
f 1627/4406/628 806/4406/628 804/4406/628
f 379/4406/460 330/4406/460 331/4406/460
f 379/4406/460 331/4406/460 2441/4406/460
f 1040/4406/460 379/4406/460 2441/4406/460
f 356/4406/460 366/4406/460 372/4406/460
f 356/4406/460 372/4406/460 1055/4406/460
f 1040/4406/460 2441/4406/460 343/4406/460
f 356/4406/460 1055/4406/460 1040/4406/460
f 2189/4406/460 2186/4406/460 2179/4406/460
f 2179/4406/460 2173/4406/460 2195/4406/460
f 2219/4406/460 2189/4406/460 2179/4406/460
f 1415/4406/460 1436/4406/460 2449/4406/460
f 2191/4406/460 2189/4406/460 2219/4406/460
f 2191/4406/460 2195/4406/460 2214/4406/460
f 2224/4406/460 2221/4406/460 2189/4406/460
f 2191/4406/460 2214/4406/460 2224/4406/460
f 2332/4406/460 2327/4406/460 2476/4406/460
f 2332/4406/460 2333/4406/460 2478/4406/460
f 2480/4406/460 2482/4406/460 2327/4406/460
f 2332/4406/460 2478/4406/460 2480/4406/460
f 2430/4406/460 659/4406/460 647/4406/460
f 2059/4406/460 636/4406/460 619/4406/460
f 2430/4406/460 647/4406/460 2059/4406/460
f 2491/4406/460 2430/4406/460 2059/4406/460
f 619/4406/460 690/4406/460 2493/4406/460
f 2491/4406/460 2059/4406/460 619/4406/460
f 861/4406/460 865/4406/460 875/4406/460
f 875/4406/460 853/4406/460 854/4406/460
f 2415/4406/460 861/4406/460 875/4406/460
f 2438/4406/460 670/4406/460 654/4406/460
f 654/4406/460 659/4406/460 2430/4406/460
f 2378/4406/460 2383/4406/460 2374/4406/460
f 2376/4406/460 2377/4406/460 2378/4406/460
f 174/4406/460 172/4406/460 217/4406/460
f 217/4406/460 1134/4406/460 1111/4406/460
f 418/4406/460 423/4406/460 2498/4406/460
f 497/4406/460 507/4406/460 2535/4406/460
f 494/4406/460 2328/4406/460 2348/4406/460
f 1948/4406/460 1950/4406/460 1952/4406/460
f 516/4406/629 515/4406/629 507/4406/629
f 507/4406/460 497/4406/460 2348/4406/460
f 2348/4406/460 2539/4406/460 516/4406/460
f 2386/4406/459 2393/4406/459 2390/4406/459
f 1850/4406/459 1851/4406/459 1855/4406/459
f 1968/4406/459 1966/4406/459 1961/4406/459
f 2393/4406/459 2386/4406/459 2385/4406/459
f 2337/4406/463 1/4406/463 2329/4406/463
f 2068/4406/463 2073/4406/463 2082/4406/463
f 1499/4406/463 1507/4406/463 1493/4406/463
f 1367/4406/463 1377/4406/463 1385/4406/463
f 986/4406/463 1001/4406/463 1009/4406/463
f 1442/4406/463 1440/4406/463 1443/4406/463
f 1437/4406/463 1438/4406/463 2308/4406/463
f 2307/4406/463 1100/4406/463 1098/4406/463
f 1098/4406/463 1099/4406/463 2302/4406/463
f 2302/4406/463 1438/4406/463 1437/4406/463
f 1437/4406/463 1443/4406/463 2307/4406/463
f 2307/4406/463 1098/4406/463 2302/4406/463
f 1098/4406/463 1100/4406/463 2305/4406/463
f 2305/4406/463 1100/4406/463 1101/4406/463
f 1095/4406/463 1099/4406/463 2305/4406/463
f 2305/4406/463 1101/4406/463 1092/4406/463
f 1738/4406/464 1733/4406/464 1759/4406/464
f 1150/4406/464 1159/4406/464 1167/4406/464
f 1624/4406/464 1622/4406/464 1628/4406/464
f 2524/4406/464 2527/4406/464 2529/4406/464
f 2378/4406/464 2380/4406/464 2382/4406/464
f 2251/4406/464 1416/4406/464 1421/4406/464
f 1423/4406/464 1432/4406/464 2251/4406/464
f 1806/4406/464 1817/4406/464 1828/4406/464
f 319/4406/464 318/4406/464 291/4406/464
f 291/4406/464 296/4406/464 304/4406/464
f 304/4406/464 313/4406/464 1054/4406/464
f 1048/4406/464 319/4406/464 291/4406/464
f 304/4406/464 1054/4406/464 1048/4406/464
f 1842/4406/464 1848/4406/464 1850/4406/464
f 1968/4406/464 1962/4406/464 1957/4406/464
f 2127/4406/464 1959/4406/464 1958/4406/464
f 1968/4406/464 1957/4406/464 2127/4406/464
f 1958/4406/464 1969/4406/464 1968/4406/464
f 2138/4406/464 2134/4406/464 2156/4406/464
f 2156/4406/464 15/4406/464 27/4406/464
f 2152/4406/464 2140/4406/464 2138/4406/464
f 2138/4406/464 2156/4406/464 27/4406/464
f 2412/4406/464 2414/4406/464 2417/4406/464
f 2397/4406/464 2395/4406/464 2400/4406/464
f 1869/4406/464 1863/4406/464 1393/4406/464
f 1393/4406/464 1395/4406/464 1867/4406/464
f 2355/4406/464 2361/4406/464 2366/4406/464
f 311/4406/464 313/4406/464 1039/4406/464
f 1039/4406/464 1041/4406/464 319/4406/464
f 313/4406/464 311/4406/464 319/4406/464
f 319/4406/464 1048/4406/464 1054/4406/464
f 1865/4406/464 1393/4406/464 1391/4406/464
f 1389/4406/464 1409/4406/464 1394/4406/464
f 1394/4406/464 1395/4406/464 1865/4406/464
f 1865/4406/464 1391/4406/464 1389/4406/464
f 1920/4406/464 548/4406/464 534/4406/464
f 33/4406/464 35/4406/464 1939/4406/464
f 1939/4406/464 1942/4406/464 1944/4406/464
f 2210/4406/464 2212/4406/464 2202/4406/464
f 2202/4406/464 2205/4406/464 2208/4406/464
f 761/4406/464 768/4406/464 1375/4406/464
f 1375/4406/464 1383/4406/464 1777/4406/464
f 1777/4406/464 1790/4406/464 761/4406/464
f 2140/4406/464 2144/4406/464 1959/4406/464
f 1959/4406/464 1957/4406/464 2132/4406/464
f 2132/4406/464 2134/4406/464 2150/4406/464
f 2150/4406/464 2140/4406/464 1959/4406/464
f 15/4406/464 2/4406/464 41/4406/464
f 41/4406/464 34/4406/464 35/4406/464
f 1938/4406/464 33/4406/464 19/4406/464
f 41/4406/464 35/4406/464 1938/4406/464
f 2155/4406/464 15/4406/464 41/4406/464
f 19/4406/464 27/4406/464 2155/4406/464
f 2155/4406/464 41/4406/464 1938/4406/464
f 2138/4406/464 2140/4406/464 2150/4406/464
f 892/4406/464 898/4406/464 900/4406/464
f 1434/4406/464 1432/4406/464 2244/4406/464
f 2244/4406/464 2273/4406/464 2260/4406/464
f 2260/4406/464 1416/4406/464 1417/4406/464
f 1417/4406/464 1434/4406/464 2244/4406/464
f 1434/4406/464 1417/4406/464 1416/4406/464
f 1416/4406/464 2251/4406/464 1432/4406/464
f 1638/4406/464 1644/4406/464 1649/4406/464
f 1649/4406/464 1632/4406/464 1634/4406/464
f 1634/4406/464 1639/4406/464 2405/4406/464
f 2405/4406/464 1638/4406/464 1649/4406/464
f 1975/4406/464 2001/4406/464 2002/4406/464
f 2002/4406/464 1987/4406/464 1984/4406/464
f 2033/4406/464 2032/4406/464 2031/4406/464
f 548/4406/464 1933/4406/464 1930/4406/464
f 1911/4406/464 1906/4406/464 1902/4406/464
f 1311/4406/464 1314/4406/464 1327/4406/464
f 1327/4406/464 1302/4406/464 1301/4406/464
f 1301/4406/464 1310/4406/464 1311/4406/464
f 2409/4406/464 2403/4406/464 1638/4406/464
f 1638/4406/464 1639/4406/464 2407/4406/464
f 1067/4406/464 1057/4406/464 1083/4406/464
f 1540/4406/464 1527/4406/464 1515/4406/464
f 1515/4406/464 1547/4406/464 1550/4406/464
f 2161/4406/464 2162/4406/464 2167/4406/464
f 1710/4406/464 1716/4406/464 1723/4406/464
f 2287/4406/464 2293/4406/464 2297/4406/464
f 1383/4406/464 1375/4406/464 768/4406/464
f 768/4406/464 1380/4406/464 1772/4406/464
f 707/4406/464 776/4406/464 1772/4406/464
f 1772/4406/464 1380/4406/464 1371/4406/464
f 1371/4406/464 1364/4406/464 1384/4406/464
f 1384/4406/464 706/4406/464 707/4406/464
f 707/4406/464 1772/4406/464 1371/4406/464
f 1383/4406/464 706/4406/464 721/4406/464
f 726/4406/464 750/4406/464 761/4406/464
f 726/4406/464 761/4406/464 1790/4406/464
f 1777/4406/464 1383/4406/464 721/4406/464
f 726/4406/464 1790/4406/464 1777/4406/464
f 776/4406/464 707/4406/464 706/4406/464
f 761/4406/464 1802/4406/464 1380/4406/464
f 548/4406/464 546/4406/464 558/4406/464
f 558/4406/464 607/4406/464 532/4406/464
f 532/4406/464 534/4406/464 1930/4406/464
f 1933/4406/464 548/4406/464 558/4406/464
f 558/4406/464 532/4406/464 1930/4406/464
f 1539/4406/464 1550/4406/464 2016/4406/464
f 2016/4406/464 2022/4406/464 2008/4406/464
f 2008/4406/464 2012/4406/464 1540/4406/464
f 1539/4406/464 2016/4406/464 2008/4406/464
f 1301/4406/464 1302/4406/464 2440/4406/464
f 1314/4406/464 1311/4406/464 2443/4406/464
f 2443/4406/464 2450/4406/464 2464/4406/464
f 2464/4406/464 1327/4406/464 1314/4406/464
f 2198/4406/464 2201/4406/464 2202/4406/464
f 2205/4406/464 2202/4406/464 2495/4406/464
f 2499/4406/464 2208/4406/464 2205/4406/464
f 2205/4406/464 2495/4406/464 2501/4406/464
f 1864/4406/465 1862/4406/465 1868/4406/465
f 2394/4406/465 200/4406/465 178/4406/465
f 178/4406/465 179/4406/465 228/4406/465
f 228/4406/465 230/4406/465 242/4406/465
f 242/4406/465 262/4406/465 2394/4406/465
f 178/4406/465 228/4406/465 242/4406/465
f 1477/4406/465 1482/4406/465 1486/4406/465
f 2406/4406/465 2404/4406/465 2402/4406/465
f 2167/4406/465 2162/4406/465 2163/4406/465
f 1684/4406/465 1688/4406/465 1695/4406/465
f 1680/4406/465 1685/4406/465 2029/4406/465
f 2536/4406/465 2534/4406/465 2508/4406/465
f 2508/4406/465 2509/4406/465 2538/4406/465
f 1034/4406/465 1018/4406/465 1025/4406/465
f 1025/4406/465 1029/4406/465 1033/4406/465
f 2100/4406/465 2090/4406/465 2113/4406/465
f 392/4406/465 383/4406/465 427/4406/465
f 602/4406/465 598/4406/465 1931/4406/465
f 2453/4406/465 2459/4406/465 2464/4406/465
f 597/4406/465 1932/4406/465 693/4406/465
f 693/4406/465 610/4406/465 620/4406/465
f 620/4406/465 585/4406/465 597/4406/465
f 2521/4406/465 2518/4406/465 2069/4406/465
f 2069/4406/465 2075/4406/465 2514/4406/465
f 566/4406/465 585/4406/465 620/4406/465
f 610/4406/465 693/4406/465 1928/4406/465
f 1928/4406/465 1931/4406/465 2435/4406/465
f 2426/4406/465 2431/4406/465 620/4406/465
f 610/4406/465 1928/4406/465 2435/4406/465
f 2426/4406/465 620/4406/465 610/4406/465
f 883/4406/465 885/4406/465 887/4406/465
f 1392/4406/465 1396/4406/465 1404/4406/465
f 269/4406/465 179/4406/465 178/4406/465
f 178/4406/465 200/4406/465 260/4406/465
f 2034/4406/465 1685/4406/465 1680/4406/465
f 1680/4406/465 1704/4406/465 2031/4406/465
f 2032/4406/465 2034/4406/465 1680/4406/465
f 693/4406/465 692/4406/465 1931/4406/465
f 1947/4406/465 1853/4406/465 1852/4406/465
f 1849/4406/465 1844/4406/465 1947/4406/465
f 845/4406/465 844/4406/465 1987/4406/465
f 1987/4406/465 2002/4406/465 1033/4406/465
f 1031/4406/465 1029/4406/465 845/4406/465
f 1987/4406/465 1033/4406/465 1031/4406/465
f 2029/4406/465 1685/4406/465 1684/4406/465
f 2504/4406/465 1695/4406/465 1693/4406/465
f 2029/4406/465 1684/4406/465 2504/4406/465
f 1697/4406/465 1704/4406/465 2029/4406/465
f 2504/4406/465 1693/4406/465 1697/4406/465
f 869/4406/465 862/4406/465 855/4406/465
f 855/4406/465 844/4406/465 1988/4406/465
f 1988/4406/465 845/4406/465 846/4406/465
f 846/4406/465 877/4406/465 869/4406/465
f 869/4406/465 855/4406/465 1988/4406/465
f 2384/4406/465 2387/4406/465 1465/4406/465
f 1470/4406/465 1476/4406/465 2391/4406/465
f 2384/4406/465 1465/4406/465 1470/4406/465
f 2389/4406/465 1476/4406/465 1470/4406/465
f 877/4406/465 1695/4406/465 1688/4406/465
f 1688/4406/465 1684/4406/465 2506/4406/465
f 2506/4406/465 2509/4406/465 2532/4406/465
f 2532/4406/465 2508/4406/465 2510/4406/465
f 2510/4406/465 2513/4406/465 869/4406/465
f 870/4406/465 877/4406/465 1688/4406/465
f 2510/4406/465 869/4406/465 870/4406/465
f 1688/4406/465 2506/4406/465 2532/4406/465
f 2532/4406/465 2510/4406/465 870/4406/465
f 262/4406/465 199/4406/465 200/4406/465
f 2396/4406/465 1113/4406/465 1106/4406/465
f 1133/4406/465 1132/4406/465 2396/4406/465
f 2396/4406/465 1132/4406/465 1127/4406/465
f 2218/4406/465 1131/4406/465 1121/4406/465
f 2396/4406/465 1127/4406/465 2218/4406/465
f 1114/4406/465 1113/4406/465 2396/4406/465
f 2218/4406/465 1121/4406/465 1114/4406/465
f 2398/4406/465 2222/4406/465 2220/4406/465
f 2220/4406/465 2223/4406/465 2215/4406/465
f 2215/4406/465 2213/4406/465 2398/4406/465
f 2398/4406/465 2213/4406/465 1131/4406/465
f 1131/4406/465 1127/4406/465 2222/4406/465
f 194/4406/465 204/4406/465 260/4406/465
f 269/4406/465 260/4406/465 204/4406/465
f 204/4406/465 210/4406/465 163/4406/465
f 163/4406/465 179/4406/465 269/4406/465
f 2401/4406/465 204/4406/465 194/4406/465
f 194/4406/465 199/4406/465 262/4406/465
f 262/4406/465 1113/4406/465 1114/4406/465
f 1121/4406/465 1131/4406/465 2213/4406/465
f 194/4406/465 262/4406/465 1114/4406/465
f 1114/4406/465 1121/4406/465 2213/4406/465
f 2213/4406/465 2401/4406/465 194/4406/465
f 1877/4406/465 1890/4406/465 1884/4406/465
f 361/4406/465 344/4406/465 345/4406/465
f 2360/4406/465 2353/4406/465 2351/4406/465
f 442/4406/465 459/4406/465 478/4406/465
f 2467/4406/465 2473/4406/465 2471/4406/465
f 954/4406/465 964/4406/465 1503/4406/465
f 2526/4406/465 2525/4406/465 2530/4406/465
f 2225/4406/465 2227/4406/465 2233/4406/465
f 1003/4406/465 992/4406/465 983/4406/465
f 983/4406/465 975/4406/465 1006/4406/465
f 602/4406/465 692/4406/465 1932/4406/465
f 1267/4406/465 1275/4406/465 2315/4406/465
f 2315/4406/465 2317/4406/465 2320/4406/465
f 2320/4406/465 1292/4406/465 1267/4406/465
f 2323/4406/465 2329/4406/465 1/4406/465
f 1/4406/465 2339/4406/465 2340/4406/465
f 2311/4406/465 2084/4406/465 2085/4406/465
f 2085/4406/465 2089/4406/465 2304/4406/465
f 2304/4406/465 2306/4406/465 2311/4406/465
f 602/4406/465 599/4406/465 1934/4406/465
f 1934/4406/465 681/4406/465 675/4406/465
f 1497/4406/465 918/4406/465 924/4406/465
f 924/4406/465 953/4406/465 1574/4406/465
f 1574/4406/465 1503/4406/465 1497/4406/465
f 1556/4406/465 964/4406/465 954/4406/465
f 954/4406/630 952/4406/630 1509/4406/630
f 1559/4406/465 1556/4406/465 954/4406/465
f 952/4406/465 1503/4406/465 1574/4406/465
f 953/4406/465 1560/4406/465 1509/4406/465
f 1560/4406/465 953/4406/465 924/4406/465
f 924/4406/465 918/4406/465 1495/4406/465
f 1494/4406/465 1508/4406/465 1509/4406/465
f 1494/4406/465 1509/4406/465 1560/4406/465
f 924/4406/465 1495/4406/465 1494/4406/465
f 1497/4406/465 1503/4406/465 964/4406/465
f 962/4406/465 917/4406/465 918/4406/465
f 1497/4406/465 964/4406/465 962/4406/465
f 1925/4406/465 598/4406/465 602/4406/465
f 675/4406/465 681/4406/465 1921/4406/465
f 1925/4406/465 602/4406/465 675/4406/465
f 993/4406/465 1003/4406/465 1925/4406/465
f 1921/4406/465 992/4406/465 993/4406/465
f 993/4406/465 1925/4406/465 675/4406/465
f 2301/4406/465 2089/4406/465 2085/4406/465
f 2301/4406/465 2084/4406/465 2078/4406/465
f 2078/4406/465 2070/4406/465 2075/4406/465
f 2516/4406/465 2069/4406/465 2067/4406/465
f 2078/4406/465 2075/4406/465 2516/4406/465
f 2067/4406/465 2089/4406/465 2301/4406/465
f 2301/4406/465 2078/4406/465 2516/4406/465
f 2322/4406/465 1292/4406/465 1291/4406/465
f 1291/4406/465 1234/4406/465 1235/4406/465
f 1235/4406/465 1265/4406/465 1275/4406/465
f 2322/4406/465 1291/4406/465 1235/4406/465
f 1275/4406/465 1267/4406/465 1292/4406/465
f 1934/4406/465 599/4406/465 597/4406/465
f 2433/4406/465 585/4406/465 566/4406/465
f 1934/4406/465 597/4406/465 2433/4406/465
f 650/4406/465 681/4406/465 1934/4406/465
f 567/4406/465 622/4406/465 650/4406/465
f 1934/4406/465 2433/4406/465 566/4406/465
f 566/4406/465 567/4406/465 650/4406/465
f 1931/4406/465 598/4406/465 593/4406/465
f 558/4406/465 567/4406/465 620/4406/465
f 558/4406/465 620/4406/465 2431/4406/465
f 2435/4406/465 1931/4406/465 593/4406/465
f 558/4406/465 2431/4406/465 2426/4406/465
f 2426/4406/465 2435/4406/465 593/4406/465
f 607/4406/465 558/4406/465 2426/4406/465
f 826/4406/465 815/4406/465 791/4406/465
f 64/4406/465 80/4406/465 98/4406/465
f 2389/4406/465 1465/4406/465 1460/4406/465
f 1453/4406/465 1446/4406/465 1476/4406/465
f 2389/4406/465 1460/4406/465 1453/4406/465
f 1853/4406/465 1947/4406/465 1844/4406/465
f 1844/4406/465 1846/4406/465 1951/4406/465
f 1951/4406/465 1858/4406/465 1853/4406/465
f 1951/4406/465 1846/4406/465 1847/4406/465
f 1854/4406/465 1858/4406/465 1951/4406/465
f 1958/4406/465 1964/4406/465 1967/4406/465
f 2337/4406/467 2336/4406/467 2339/4406/467
f 1989/4406/467 2003/4406/467 2005/4406/467
f 2168/4406/467 1986/4406/467 1989/4406/467
f 101/4406/467 100/4406/467 138/4406/467
f 478/4406/467 480/4406/467 498/4406/467
f 2050/4406/467 2044/4406/467 2035/4406/467
f 2035/4406/467 2062/4406/467 2054/4406/467
f 1715/4406/467 340/4406/467 337/4406/467
f 1294/4406/467 1317/4406/467 1304/4406/467
f 1976/4406/467 1979/4406/467 1986/4406/467
f 1986/4406/467 2168/4406/467 2005/4406/467
f 1900/4406/467 1903/4406/467 1908/4406/467
f 2318/4406/467 2316/4406/467 2321/4406/467
f 1517/4406/467 1533/4406/467 1549/4406/467
f 903/4406/467 286/4406/467 283/4406/467
f 283/4406/467 307/4406/467 300/4406/467
f 297/4406/467 292/4406/467 893/4406/467
f 894/4406/467 903/4406/467 283/4406/467
f 300/4406/467 297/4406/467 893/4406/467
f 894/4406/467 283/4406/467 300/4406/467
f 1630/4406/467 1646/4406/467 1640/4406/467
f 1940/4406/467 1937/4406/467 1943/4406/467
f 1158/4406/467 1151/4406/467 1142/4406/467
f 1804/4406/467 1829/4406/467 1830/4406/467
f 2381/4406/467 1821/4406/467 1809/4406/467
f 1804/4406/467 1830/4406/467 2381/4406/467
f 2158/4406/467 2165/4406/467 2164/4406/467
f 1484/4406/467 29/4406/467 37/4406/467
f 37/4406/467 47/4406/467 63/4406/467
f 2139/4406/467 16/4406/467 21/4406/467
f 37/4406/467 63/4406/467 2139/4406/467
f 21/4406/467 1484/4406/467 37/4406/467
f 2157/4406/467 138/4406/467 137/4406/467
f 137/4406/467 150/4406/467 98/4406/467
f 98/4406/467 101/4406/467 2157/4406/467
f 893/4406/467 292/4406/467 286/4406/467
f 286/4406/467 903/4406/467 894/4406/467
f 1174/4406/467 1217/4406/467 1192/4406/467
f 20/4406/467 29/4406/467 1484/4406/467
f 20/4406/467 21/4406/467 1481/4406/467
f 1481/4406/467 1192/4406/467 1196/4406/467
f 1196/4406/467 29/4406/467 20/4406/467
f 1196/4406/467 1192/4406/467 1217/4406/467
f 1217/4406/467 1209/4406/467 1205/4406/467
f 1485/4406/467 1205/4406/467 1209/4406/467
f 1209/4406/467 1217/4406/467 1491/4406/467
f 1711/4406/467 340/4406/467 332/4406/467
f 332/4406/467 321/4406/467 367/4406/467
f 367/4406/467 345/4406/467 337/4406/467
f 1709/4406/467 1711/4406/467 332/4406/467
f 367/4406/467 337/4406/467 1709/4406/467
f 340/4406/467 1711/4406/467 1709/4406/467
f 1830/4406/467 1819/4406/467 1821/4406/467
f 2139/4406/467 63/4406/467 4/4406/467
f 2124/4406/467 2141/4406/467 16/4406/467
f 4/4406/467 63/4406/467 2129/4406/467
f 2124/4406/467 16/4406/467 4/4406/467
f 2154/4406/467 138/4406/467 100/4406/467
f 100/4406/467 101/4406/467 2151/4406/467
f 2151/4406/467 2153/4406/467 2154/4406/467
f 1976/4406/467 2005/4406/467 2177/4406/467
f 2177/4406/467 2187/4406/467 2511/4406/467
f 2197/4406/467 1986/4406/467 1979/4406/467
f 1976/4406/467 2177/4406/467 2511/4406/467
f 2511/4406/467 2197/4406/467 1979/4406/467
f 2373/4406/467 1821/4406/467 1819/4406/467
f 1819/4406/467 1830/4406/467 2379/4406/467
f 2379/4406/467 2375/4406/467 2373/4406/467
f 2503/4406/467 2183/4406/467 2182/4406/467
f 2182/4406/467 2190/4406/467 2196/4406/467
f 2196/4406/467 2197/4406/467 2511/4406/467
f 2511/4406/467 2187/4406/467 2183/4406/467
f 2183/4406/467 2503/4406/467 2196/4406/467
f 2226/4406/467 2236/4406/467 2229/4406/467
f 710/4406/467 703/4406/467 755/4406/467
f 1566/4406/467 2479/4406/467 2292/4406/467
f 1342/4406/467 1352/4406/467 1333/4406/467
f 2489/4406/467 2487/4406/467 2494/4406/467
f 1687/4406/467 1705/4406/467 1692/4406/467
f 2420/4406/467 2418/4406/467 2424/4406/467
f 1741/4406/467 1748/4406/467 1753/4406/467
f 2199/4406/467 2209/4406/467 2203/4406/467
f 1897/4406/467 1876/4406/467 1882/4406/467
f 1765/4406/467 1602/4406/467 1603/4406/467
f 1603/4406/467 1785/4406/467 1778/4406/467
f 1797/4406/467 1602/4406/467 1598/4406/467
f 1598/4406/467 1590/4406/467 1616/4406/467
f 1616/4406/467 1601/4406/467 1603/4406/467
f 1797/4406/467 1598/4406/467 1616/4406/467
f 1582/4406/467 2246/4406/467 600/4406/467
f 586/4406/467 606/4406/467 2262/4406/467
f 1581/4406/467 1582/4406/467 600/4406/467
f 2237/4406/467 1587/4406/467 1581/4406/467
f 2262/4406/467 2265/4406/467 2237/4406/467
f 1581/4406/467 600/4406/467 586/4406/467
f 586/4406/467 2262/4406/467 2237/4406/467
f 2300/4406/467 1566/4406/467 1571/4406/467
f 1571/4406/467 2288/4406/467 2285/4406/467
f 2292/4406/467 2477/4406/467 577/4406/467
f 577/4406/467 601/4406/467 1585/4406/467
f 1569/4406/467 1571/4406/467 2292/4406/467
f 577/4406/467 1585/4406/467 1569/4406/467
f 2475/4406/467 577/4406/467 573/4406/467
f 573/4406/467 535/4406/467 531/4406/467
f 531/4406/467 606/4406/467 600/4406/467
f 600/4406/467 601/4406/467 2475/4406/467
f 2475/4406/467 573/4406/467 531/4406/467
f 2479/4406/467 1566/4406/467 1572/4406/467
f 2298/4406/467 2290/4406/467 2292/4406/467
f 2479/4406/467 1572/4406/467 2298/4406/467
f 2481/4406/467 2300/4406/467 2285/4406/467
f 2288/4406/467 1571/4406/467 1569/4406/467
f 1585/4406/467 2481/4406/467 2285/4406/467
f 2288/4406/467 1569/4406/467 1585/4406/467
f 2481/4406/467 1585/4406/467 1582/4406/467
f 1582/4406/467 1587/4406/467 1557/4406/467
f 1557/4406/467 1558/4406/467 1572/4406/467
f 1572/4406/467 2300/4406/467 2481/4406/467
f 2481/4406/467 1582/4406/467 1557/4406/467
