# Blender 4.3.2
# www.blender.org
o obstacles
v -58.446453 -12.500000 -330.000000
v -37.163658 28.499998 -140.659485
v -42.188988 -4.240048 -141.321411
v -43.456821 -12.499998 -141.488419
v -41.551033 -0.083790 -141.237396
v -41.534081 0.026681 -141.235153
v -40.758507 5.079549 -141.132996
v -40.178112 8.860821 -141.056549
v -39.304787 13.473753 -142.218048
v -38.657799 17.852627 -141.938690
v -41.032909 0.694648 -144.248062
v -40.301178 4.875885 -144.846390
v -41.792168 -3.643861 -143.627228
v -40.591103 4.759173 -142.783691
v -36.960392 28.499998 -142.202637
v -43.342026 -12.499998 -142.359924
v -38.167667 17.498207 -146.079880
v -38.814651 13.119329 -146.359222
v -36.118919 28.499998 -148.590973
v -42.412083 -12.499998 -149.419907
v -42.523899 -12.499998 -148.571014
v -42.371094 -12.232943 -149.414505
v -36.961220 23.012417 -148.701904
v -40.831112 -2.199962 -149.211655
v -40.193161 1.956300 -149.127625
v -37.553692 19.152464 -148.779953
v -36.196869 28.499998 -147.999207
v -41.319012 -12.484024 -149.275925
v -41.319012 -12.499998 -149.275925
v -37.018646 -2.021911 -148.709473
v -37.018635 2.104550 -148.709473
v -36.961212 20.087502 -148.701904
v -33.441406 28.499998 -148.238281
v -28.092941 28.499998 -147.533783
v -30.611727 28.499998 -147.865555
v -31.087957 8.987452 -147.928284
v -34.386105 -12.499998 -148.362717
v -33.441383 -6.345146 -148.238281
v -32.085007 5.733774 -144.216095
v -32.232315 2.447952 -146.993103
v -29.137680 28.499998 -139.602295
v -31.055552 16.005051 -139.854919
v -30.385941 20.367565 -139.766724
v -30.053396 20.127100 -142.576416
v -30.700382 15.748224 -142.855774
v -32.818378 1.324078 -143.876160
v -35.430843 -12.499998 -140.431229
v -33.404507 0.701601 -140.164322
v -32.738663 5.039575 -140.076614
v -35.050301 14.852138 -140.381104
v -35.050308 19.021397 -140.381104
v -39.513828 -4.115113 -140.969040
v -39.183838 -0.762799 -140.925568
v -37.652672 3.282537 -140.723892
v -39.183846 3.406462 -140.925568
v -38.267956 3.638535 -140.804932
v -40.178108 -4.146136 -141.056549
v -40.178108 -0.019673 -141.056549
v -39.513817 0.011349 -140.969040
v -40.178108 1.164110 -141.056549
v -40.178112 4.743737 -141.056549
v -39.183842 1.998138 -140.925568
v -40.178104 -12.499998 -141.056549
v -58.446442 -6.719952 -149.938049
v -50.196903 -3.296287 -153.004211
v -48.601582 -2.634208 -153.597168
v -33.651882 3.570112 -159.153656
v -38.422138 1.590393 -157.380661
v -45.080223 -1.001999 -156.166229
v -25.147493 7.099544 -162.314575
v -24.812849 7.461960 -164.088303
v -22.011147 8.401169 -163.480286
v -22.159466 8.767140 -166.579666
v -20.624304 9.076773 -164.733948
v -16.270414 10.783648 -165.613998
v -16.298859 10.853828 -166.208359
v -15.553583 11.081141 -165.880432
v -20.774078 8.914568 -163.940079
v -22.060545 8.523058 -164.512558
v -58.446442 -5.563248 -158.472748
v -55.342690 -4.531477 -157.735046
v -50.572247 -2.320301 -161.215363
v -37.540630 2.817227 -164.061157
v -37.488018 3.134769 -166.262573
v -42.002651 1.261139 -164.584564
v -15.553585 12.237844 -174.415146
v -30.526157 6.024032 -168.850159
v -35.296413 4.044314 -167.077148
v -56.807632 -8.336744 -159.081863
v -52.182449 -6.343847 -160.800949
v -50.714825 -2.690652 -161.346436
v -41.650578 -0.925706 -164.715424
v -42.002647 -1.289360 -164.584564
v -41.650578 -1.809300 -164.715424
v -35.296413 2.613582 -167.077148
v -37.763058 1.197983 -166.160339
v -30.526171 3.424615 -168.850143
v -58.446442 -12.500000 -158.472748
v -52.182449 -10.648886 -160.800949
v -54.477280 -12.500000 -159.947998
v -56.807632 -12.500000 -159.081863
v -48.396912 -9.976566 -162.207947
v -50.297291 -10.765249 -161.501617
v -48.396904 -6.577522 -162.207962
v -41.650581 -7.176752 -164.715424
v -40.155567 -4.017156 -165.271088
v -40.155571 -2.979074 -165.271088
v -50.714813 -10.938526 -161.346436
v -50.714813 -10.739477 -161.346436
v -50.714821 -6.434441 -161.346436
v -37.763058 -2.099219 -166.160339
v -38.813404 -5.999287 -165.769958
v -37.763062 -5.563381 -166.160339
v -33.988251 -0.711019 -167.563354
v -32.950615 -3.566153 -167.949036
v -24.765102 -0.169060 -170.991409
v -33.988255 -3.996787 -167.563354
v -33.988251 -2.033750 -167.563354
v -34.705345 -0.974733 -167.296829
v -20.636204 2.262268 -172.526031
v -20.636202 1.544488 -172.526031
v -15.553581 3.653841 -174.415146
v -24.765102 2.734246 -170.991425
v -40.155563 -6.556301 -165.271088
v -51.237926 -11.437092 -159.075195
v -50.691330 -11.373133 -158.076523
v -50.451347 -10.875284 -161.104218
v -48.721355 -10.460018 -159.513733
v -38.850567 -6.223606 -164.214813
v -41.514080 -7.343918 -163.114746
v -33.056095 -4.202836 -163.535065
v -37.445698 -5.952028 -162.438843
v -19.417440 1.825232 -171.318451
v -41.357170 -7.536068 -161.274811
v -37.584484 -5.782070 -164.066284
v -36.287300 -5.329691 -163.914108
v -51.690140 -12.500000 -152.449219
v -53.122459 -12.500000 -156.302872
v -48.300884 -11.093416 -153.708939
v -47.176498 -10.626780 -154.126862
v -44.824657 -9.558561 -155.681091
v -45.132698 -9.778576 -154.886490
v -41.009182 -8.067265 -156.419113
v -45.462780 -9.633230 -156.847015
v -19.835413 0.966506 -166.106903
v -17.278641 1.781218 -165.239258
v -16.501726 2.103647 -165.528030
v -17.294865 1.821248 -165.578278
v -15.553581 2.497140 -165.880432
v -58.446442 -12.500000 -149.938049
v -48.300888 -9.583012 -153.708939
v -47.176498 -9.652416 -154.126846
v -47.176498 -8.694448 -154.126846
v -41.009182 -6.426392 -156.419113
v -15.553583 7.605013 -165.880432
v -38.422138 -0.008582 -157.380661
v -50.196903 -4.112565 -153.004227
v -25.147495 5.396204 -162.314575
v -33.651894 0.802452 -159.153656
v -20.774080 8.152211 -163.940079
v -21.504234 7.692087 -163.668701
v -15.553583 9.780924 -165.880432
v -58.446449 17.144341 -180.217834
v -55.767338 17.401562 -179.404343
v -42.897438 18.534704 -179.336639
v -47.769199 18.126730 -178.576874
v -49.090546 18.042603 -177.376999
v -42.561253 18.669481 -175.394440
v -41.460655 18.775150 -175.060242
v -23.689257 20.471256 -170.043671
v -38.554127 19.020599 -175.436783
v -15.553587 21.262493 -167.193787
v -15.553587 21.124855 -172.350342
v -15.553587 21.218737 -168.833160
v -19.012779 20.796080 -173.275513
v -16.460939 21.175379 -167.469299
v -19.703693 20.833092 -169.613449
v -58.446449 16.921179 -188.578491
v -58.446449 16.942371 -187.784515
v -51.945141 17.644913 -182.875183
v -57.130234 17.047550 -188.178833
v -48.707882 17.856182 -185.621460
v -45.770168 18.163710 -183.774963
v -44.744728 18.236685 -184.418091
v -38.930527 18.869701 -179.850555
v -22.713846 20.419003 -175.213654
v -18.728279 20.780838 -174.783447
v -15.553589 21.039333 -175.554443
v -34.964531 15.172088 -181.448425
v -55.091568 9.756022 -187.559814
v -55.091572 9.209593 -187.559814
v -52.430908 9.465044 -186.751938
v -57.130230 11.035838 -188.178848
v -58.446449 8.887491 -188.578506
v -57.130230 12.427042 -188.178848
v -34.964527 11.141994 -181.448425
v -15.553585 13.005644 -175.554443
v -51.276321 10.782682 -186.401352
v -58.446449 11.067165 -188.578506
v -58.446449 11.578591 -188.578506
v -55.256630 9.263950 -184.979706
v -36.668911 11.088772 -177.829224
v -52.948006 9.428245 -186.427628
v -58.446449 8.930032 -186.984680
v -34.444080 11.195083 -181.173523
v -38.443909 11.031096 -174.144241
v -15.553585 13.228802 -167.193787
v -42.173531 10.673015 -175.276703
v -38.580181 10.976465 -175.742233
v -58.446449 9.110649 -180.217834
v -55.542618 9.956139 -179.336121
v -42.561256 10.960638 -175.394440
v -23.756989 13.979738 -169.684692
v -17.857698 17.922354 -167.893402
v -17.857704 16.668140 -167.893417
v -19.910604 13.482405 -168.516754
v -15.553585 17.288166 -167.193787
v -49.012863 15.468689 -177.353409
v -38.443901 16.537249 -174.144226
v -23.756985 20.053165 -169.684677
v -19.910604 17.672344 -168.516754
v -17.857697 18.700668 -167.893402
v -19.910604 19.555843 -168.516754
v -17.857683 20.799524 -167.893402
v -45.983311 18.716133 -192.110504
v -47.402847 18.761282 -191.093048
v -45.393238 18.703943 -191.695099
v -58.446449 19.076385 -187.784515
v -15.553589 17.852537 -200.634689
v -58.446449 19.010876 -196.135803
v -47.144012 18.688387 -199.521881
v -46.966568 18.691647 -198.514191
v -19.856855 17.909811 -207.696777
v -55.061726 18.914301 -197.149841
v -15.553589 17.787027 -208.985977
v -17.805588 17.851284 -208.311310
v -18.222775 17.872358 -207.017136
v -45.265312 14.941137 -200.084717
v -22.453144 17.514248 -206.918961
v -22.453136 13.387781 -206.918961
v -17.805603 14.095875 -208.311310
v -58.446449 11.007888 -196.135834
v -55.061775 15.129427 -197.149826
v -47.710472 10.701561 -199.352188
v -47.710468 11.970845 -199.352188
v -52.070038 10.825952 -198.046112
v -52.070030 12.525537 -198.046112
v -45.265324 10.636095 -200.084732
v -45.252468 10.631428 -200.088577
v -37.553745 10.411762 -202.395020
v -37.553738 12.141268 -202.395020
v -33.316719 10.290869 -203.664383
v -33.316711 13.853134 -203.664368
v -24.702053 11.779598 -206.245224
v -24.702061 10.045069 -206.245224
v -15.553587 9.784039 -208.985992
v -45.254211 10.631523 -200.082153
v -33.084412 10.302891 -201.356171
v -17.361010 9.862708 -204.989655
v -58.446449 11.069569 -188.272186
v -54.290855 10.922380 -193.165543
v -58.446449 11.054549 -190.187012
v -47.073891 10.733968 -193.095764
v -50.169518 10.837231 -190.264191
v -34.129257 10.360524 -197.496277
v -43.979252 10.632866 -195.655167
v -15.553587 9.849545 -200.634689
v -18.240145 9.916348 -201.085754
v -58.446449 11.073394 -187.784515
v -57.960518 11.059528 -187.930099
v -25.433010 10.887971 -197.674942
v -20.785477 11.596065 -199.067276
v -20.785461 13.715755 -199.067291
v -18.416712 10.361161 -199.776932
v -18.416716 12.792888 -199.776932
v -18.416719 14.717393 -199.776932
v -20.785461 14.704631 -199.067291
v -15.553587 11.338307 -200.634689
v -55.480301 15.144541 -188.673141
v -25.433018 15.014439 -197.674927
v -20.785461 15.722527 -199.067291
v -15.553589 15.694540 -200.634689
v -38.388275 -12.499998 -210.057114
v -18.914244 22.345306 -214.800354
v -20.548359 19.112169 -212.827896
v -38.699451 -12.499998 -212.816681
v -20.802303 18.515232 -212.040131
v -20.570621 18.923832 -212.066254
v -15.553593 27.772036 -212.631973
v -37.352844 -9.711376 -215.075226
v -15.553593 28.500000 -216.338989
v -39.093315 -12.499998 -216.309540
v -17.691212 25.060406 -217.780365
v -20.949337 19.836868 -220.074249
v -18.675320 23.847404 -220.330673
v -16.037249 28.500000 -220.628143
v -39.284695 -12.499998 -218.006744
v -21.075310 24.556992 -220.060043
v -21.075298 19.874111 -220.060043
v -48.437424 -12.500000 -216.974670
v -41.248482 0.178669 -217.785294
v -41.184402 -0.465757 -217.792526
v -41.184402 0.291683 -217.792526
v -25.189980 28.500000 -219.596069
v -43.279373 -4.026998 -214.379074
v -38.248104 4.996294 -215.710144
v -47.541016 -12.499998 -209.025040
v -45.632603 -9.134254 -209.240234
v -45.650589 -9.165976 -209.238205
v -45.641819 -9.147038 -209.256882
v -24.293570 28.500000 -211.646454
v -24.539717 28.065886 -211.618683
v -24.344168 28.500000 -212.095169
v -40.301060 0.744936 -212.266907
v -24.539713 25.448120 -211.618698
v -45.618427 -9.186142 -209.241837
v -20.802303 18.899136 -212.040131
v -15.553593 28.500000 -212.631973
v -20.010418 28.500000 -212.129425
v -20.010422 24.108982 -212.129425
v -45.153770 -12.499998 -227.170029
v -34.023029 -4.271518 -230.668793
v -32.161873 -3.024602 -227.845947
v -30.344917 -1.699438 -227.940475
v -29.077454 -0.775037 -228.006424
v -28.567347 -0.403000 -228.032959
v -28.652128 -0.447345 -228.490707
v -28.660477 -0.451712 -228.535782
v -26.937832 0.873432 -230.442642
v -15.553589 9.088343 -228.710022
v -15.553589 9.162100 -230.659180
v -45.569405 -12.499998 -235.159225
v -30.061163 -1.219101 -235.179855
v -19.752600 6.158004 -231.983383
v -20.353876 5.890478 -236.471100
v -15.553589 9.391479 -236.720840
v -52.450130 -12.500000 -234.801239
v -30.562328 0.533904 -235.939987
v -23.838051 7.618386 -236.289825
v -47.981617 -12.500000 -235.033722
v -23.838047 5.878560 -236.289825
v -23.330547 7.963213 -236.316223
v -15.553589 9.888993 -236.720840
v -58.446445 -11.994587 -234.489273
v -58.446445 -12.500000 -234.489273
v -52.450134 -7.621286 -234.801239
v -47.981621 -4.362260 -235.033722
v -35.140579 5.003113 -235.701797
v -30.562332 8.342173 -235.939987
v -28.242594 5.397237 -236.060669
v -28.242592 9.524241 -236.060669
v -23.352798 7.978705 -236.315063
v -23.838051 8.012073 -236.289825
v -23.838055 10.005563 -236.289825
v -19.523487 12.653345 -236.514297
v -15.553593 19.288519 -236.720840
v -51.225227 -6.811560 -232.654846
v -47.877502 -4.293432 -234.851273
v -36.397663 4.034592 -234.270447
v -29.312468 9.179540 -234.044281
v -58.446445 -12.297737 -226.478455
v -17.568289 17.515987 -228.605194
v -33.274334 6.127117 -229.533234
v -16.992443 17.987934 -230.008316
v -16.156668 18.545527 -228.678650
v -15.553591 18.985369 -228.710022
v -58.446445 -12.500000 -226.478455
v -32.161877 2.235919 -227.845947
v -24.096100 11.801493 -228.265579
v -17.568281 14.231558 -228.605194
v -19.691563 12.282814 -228.494736
v -15.553591 18.387920 -228.710022
v -19.691563 11.927545 -228.494736
v -16.950588 14.070130 -228.637344
v -30.344915 0.639642 -227.940475
v -30.344915 0.462234 -227.940475
v -19.691555 8.155811 -228.494736
v -24.096104 7.674489 -228.265579
v -15.553589 13.705040 -228.710022
v -40.636715 9.427942 -244.725861
v -47.138058 12.069665 -245.579605
v -51.685158 13.917309 -246.176712
v -58.446457 16.664660 -247.064590
v -27.400925 4.049780 -242.987762
v -32.267296 6.027157 -243.626801
v -33.495953 6.639097 -245.936584
v -15.553585 -0.764205 -241.432007
v -16.325726 -0.409471 -242.314789
v -16.742191 -0.281233 -241.588089
v -15.553585 -0.740069 -241.892136
v -38.655537 8.622921 -244.465698
v -58.446457 17.087896 -255.133270
v -57.021797 16.365061 -252.201920
v -56.901295 16.460045 -254.930359
v -47.225784 12.528547 -253.659805
v -35.457432 7.746656 -252.114410
v -42.087711 10.430346 -252.786362
v -31.219526 5.951660 -250.166428
v -15.553587 -0.340968 -249.500687
v -30.470806 5.720417 -251.459579
v -47.052917 14.835522 -253.637100
v -34.183701 8.871344 -251.947144
v -41.928814 10.414291 -252.964218
v -29.278687 7.937842 -251.303024
v -47.013016 14.801097 -253.631866
v -47.006268 14.873190 -253.630981
v -46.812675 16.941067 -253.605560
v -58.446457 25.712734 -255.133270
v -37.045757 14.357349 -252.322983
v -42.169857 18.778580 -252.995865
v -35.041332 16.202417 -252.059769
v -36.609913 14.683132 -252.265747
v -29.349836 9.829872 -251.312378
v -29.278688 13.860853 -251.303024
v -16.921515 8.839705 -249.680313
v -22.933773 11.282694 -250.469833
v -26.397001 12.689924 -250.924622
v -15.553589 8.283869 -249.500687
v -15.553589 7.761434 -249.500687
v -29.278688 9.898785 -251.303024
v -16.834415 8.648678 -246.701828
v -24.748962 11.930430 -248.995499
v -15.553589 8.145889 -246.870224
v -27.366327 12.864414 -246.869614
v -18.632944 9.111877 -241.836380
v -27.277275 12.624371 -242.971527
v -58.446457 25.289494 -247.064590
v -17.341181 8.650139 -242.870636
v -15.553589 7.860629 -241.432007
v -15.553589 7.884765 -241.892136
v -17.982830 8.847713 -241.751007
v -48.621811 19.430468 -245.774445
v -29.082182 10.876186 -243.208542
v -43.497711 15.009237 -245.101562
v -53.504868 15.487410 -246.415680
v -40.130661 9.874780 -244.659409
v -27.400932 8.048830 -242.987762
v -32.267296 7.313876 -243.626801
v -21.822105 6.022927 -242.255173
v -52.349751 -3.081543 -257.363861
v -52.226749 -2.919037 -258.603149
v -58.446449 -5.196733 -255.433716
v -46.271774 -0.972846 -259.288086
v -41.415859 0.711866 -260.825409
v -37.541832 2.055923 -262.051880
v -38.546547 1.927663 -263.940674
v -51.805702 -2.892790 -257.536102
v -52.106495 -2.997148 -257.440887
v -51.943169 -2.901360 -257.884491
v -32.747055 3.927716 -265.656281
v -33.181957 3.568540 -263.432159
v -34.463276 3.153540 -263.322418
v -34.350975 3.162961 -263.062073
v -27.168707 5.654780 -265.335907
v -31.413586 4.182060 -263.992004
v -29.473572 5.215154 -268.212524
v -15.553591 9.684533 -269.013123
v -51.325340 -2.539006 -259.562622
v -58.446449 -4.359008 -263.825073
v -55.166466 -3.637082 -260.696167
v -53.429779 -2.618522 -265.413300
v -49.895447 -1.392318 -266.532227
v -49.104057 -1.236234 -265.595978
v -45.158356 0.234109 -267.861023
v -47.842804 -1.070778 -263.269470
v -15.553593 10.522260 -277.404449
v -53.429779 -4.933559 -265.413300
v -50.898037 -5.353161 -266.214813
v -50.898022 -2.441209 -266.214813
v -46.923779 -2.507076 -267.473022
v -48.609478 -2.479137 -266.939331
v -46.923782 -3.941901 -267.473022
v -45.236168 -3.729039 -268.007294
v -45.236168 -2.622036 -268.007294
v -45.236160 0.191378 -268.007294
v -48.609474 -1.605452 -266.939331
v -41.362137 0.381341 -269.233765
v -58.446449 -12.500000 -263.825073
v -50.898041 -6.443590 -266.214813
v -57.624237 -12.500000 -264.085388
v -46.923790 -6.509455 -267.473022
v -48.609489 -5.732456 -266.939331
v -45.236168 -3.935627 -268.007294
v -37.535690 -4.761541 -270.445190
v -37.535690 -5.530472 -270.445190
v -41.362129 -3.745663 -269.233765
v -19.478846 1.588473 -276.161774
v -34.324047 -4.416223 -271.461945
v -18.599152 1.039380 -276.440277
v -15.553589 2.096008 -277.404480
v -16.061455 1.919809 -277.243683
v -16.061451 3.419456 -277.243683
v -16.061445 4.484140 -277.243683
v -15.553591 4.521623 -277.404480
v -15.553591 3.691561 -277.404480
v -31.762428 -3.586550 -271.681366
v -15.553589 2.023804 -276.681213
v -55.209618 -12.500000 -256.458466
v -34.404755 -5.267803 -263.186768
v -33.467583 -4.781912 -265.093628
v -33.791130 -5.069059 -263.239319
v -32.347927 -4.568353 -263.696228
v -30.194098 -3.494473 -267.649872
v -28.802227 -3.338206 -264.818756
v -29.824402 -3.423959 -267.188446
v -15.638218 1.228922 -268.986328
v -15.553589 1.260106 -269.031403
v -22.066658 -1.001365 -266.951172
v -15.553589 1.258283 -269.013123
v -28.103050 -3.095634 -265.040100
v -58.446449 -12.500000 -255.433731
v -46.218895 -6.906866 -259.304840
v -34.350975 -5.129255 -263.062073
v -42.244648 -6.972731 -260.563049
v -15.553589 1.274264 -269.013123
v -15.553589 2.839186 -269.013123
v -52.106495 -3.121860 -257.440887
v -51.805702 -3.695228 -257.536102
v -42.244633 -2.970352 -260.563049
v -46.218880 -2.904485 -259.304840
v -46.271774 -3.966928 -259.288086
v -37.541824 -1.647552 -262.051880
v -28.802223 4.039453 -264.818756
v -31.459316 3.753760 -263.977539
v -21.895992 6.798030 -267.005188
v -28.711615 3.146325 -264.847443
v -41.415859 -1.837516 -260.825409
v -27.359180 3.870936 -265.275604
v -27.516224 2.400178 -265.225891
v -41.212292 8.858977 -284.305664
v -26.584030 -12.499998 -273.006989
v -57.092102 28.499996 -290.448364
v -53.762344 25.713032 -291.459717
v -55.811382 28.499996 -292.688568
v -22.613510 -12.499996 -279.952118
v -26.986309 -7.825550 -280.375916
v -26.305756 -7.537962 -282.062958
v -31.052317 -3.392163 -280.920044
v -29.788149 -2.857953 -284.053833
v -38.686268 8.072735 -287.366333
v -42.229980 13.521112 -290.576874
v -39.096283 9.651311 -289.375275
v -41.975780 13.521084 -291.021454
v -45.787083 18.643120 -293.200378
v -44.775566 14.748756 -288.244293
v -53.121582 28.499996 -297.393463
v -51.730133 25.647223 -294.900726
v -53.827545 28.499996 -296.158630
v -38.506470 8.858657 -289.038086
v -38.890415 8.858703 -288.366577
v -41.781395 11.466083 -287.812592
v -39.403217 8.858763 -287.469696
v -50.672485 21.659172 -295.993347
v -48.562260 22.129589 -294.786926
v -41.975773 8.509151 -291.021454
v -38.506470 8.509329 -289.038086
v -39.096283 8.509300 -289.375275
v -58.446465 28.499996 -300.437683
v -55.265640 26.316931 -298.619232
v -55.991840 23.217888 -299.034393
v -49.988735 16.042080 -295.602448
v -50.672478 16.469191 -295.993347
v -51.003971 13.361184 -296.182861
v -55.613098 19.555420 -298.817871
v -56.553814 20.819656 -299.355682
v -58.446461 23.363195 -300.437714
v -58.446461 23.937160 -300.437714
v -41.725285 0.891500 -290.878265
v -45.787083 10.810916 -293.200378
v -33.966248 -6.172886 -286.442444
v -39.096279 -2.641635 -289.375275
v -33.000973 -10.833158 -285.890594
v -31.760677 -12.499998 -285.181519
v -32.057339 -12.101315 -285.351135
v -50.672474 13.264047 -295.993347
v -35.965199 -7.601093 -286.287292
v -33.000805 -12.499998 -283.012329
v -45.421932 4.944337 -291.411255
v -51.234756 13.444341 -295.922791
v -57.830673 20.760347 -297.019806
v -57.159233 20.738598 -298.156708
v -54.653374 17.330278 -296.653870
v -55.393349 17.354246 -295.400909
v -56.739197 20.167290 -297.904816
v -58.446461 22.343925 -298.677460
v -35.731197 -12.499998 -278.236389
v -35.154728 -12.325708 -279.545715
v -36.242672 -11.812620 -278.528809
v -38.359108 -8.612703 -280.352905
v -37.679985 -8.094423 -282.435883
v -43.769283 -1.418395 -283.313843
v -45.804153 1.228578 -284.325714
v -58.446457 18.027187 -291.222626
v -56.685577 17.396091 -293.212830
v -45.745007 0.957627 -283.961243
v -45.946636 1.228595 -284.076508
v -58.446461 21.094936 -296.520508
v -58.446457 19.791122 -294.268860
v -58.446461 20.780291 -295.977142
v -35.080730 -12.499998 -279.374176
v -34.793949 -12.499998 -279.875793
v -58.446457 20.224777 -295.017761
v -45.946640 6.453002 -284.076538
v -42.477329 0.957795 -282.093140
v -34.216393 -9.908386 -277.370392
v -34.216393 -12.499998 -277.370392
v -58.446461 28.499996 -291.222626
v -42.477341 6.453187 -282.093140
v -57.485477 23.843729 -295.138367
v -58.446461 24.151863 -295.017761
v -56.240349 23.352936 -297.605652
v -53.053711 22.422701 -295.694519
v -43.872093 19.478653 -296.846741
v -37.339546 17.326038 -299.130127
v -35.929993 16.932051 -297.843384
v -38.241074 17.673090 -297.553375
v -31.316988 15.311457 -301.993073
v -21.698383 12.243017 -302.803131
v -15.553595 10.398442 -300.400452
v -58.446461 24.019054 -298.370361
v -41.709045 18.556107 -302.898315
v -58.446461 23.832468 -303.080505
v -38.790333 17.635290 -302.884460
v -38.190220 17.337387 -305.622498
v -33.226532 15.745802 -306.245392
v -25.762873 13.487055 -303.788086
v -30.457380 14.884734 -305.915100
v -25.197952 13.171470 -307.252899
v -21.053446 11.882730 -306.758728
v -23.810923 12.726724 -307.426971
v -17.409185 10.674033 -308.230316
v -17.338741 10.661459 -307.986389
v -15.975309 10.214267 -308.410278
v -18.384541 10.991115 -307.998413
v -18.370964 10.982424 -308.109619
v -15.553595 10.127249 -307.246368
v -15.553595 10.079045 -308.463196
v -33.226536 12.012103 -306.245392
v -29.705162 11.684170 -306.687286
v -27.624016 10.469490 -306.948456
v -23.810940 8.529284 -307.426971
v -23.979038 8.342065 -307.405884
v -18.664480 10.827954 -308.072815
v -18.664467 7.635172 -308.072815
v -18.664476 6.241310 -308.072815
v -15.975290 7.656552 -308.410278
v -15.553595 7.878479 -308.463196
v -36.361774 8.590811 -305.851959
v -35.468925 8.069690 -305.963989
v -58.446457 15.437342 -303.080505
v -20.471416 3.260800 -307.846039
v -26.737425 5.269970 -307.059723
v -31.050758 6.653023 -306.518433
v -15.553593 1.683920 -308.463196
v -15.975260 3.607602 -308.410278
v -16.627628 2.028306 -308.328400
v -19.461603 5.705421 -307.972778
v -15.975260 3.670584 -308.410278
v -15.553593 3.424475 -308.463196
v -31.278011 6.779976 -305.124634
v -27.353493 5.524457 -305.544861
v -19.963037 3.241769 -304.275330
v -19.880161 3.200628 -304.653473
v -20.250534 3.221375 -307.081146
v -27.213520 5.535938 -304.139648
v -26.991451 5.411881 -305.501678
v -27.638889 5.666132 -304.242737
v -16.750454 2.178555 -305.514374
v -16.595579 2.022585 -308.217407
v -15.553591 1.802564 -305.468231
v -16.758148 2.195721 -305.142365
v -15.576000 1.809877 -305.462158
v -15.553591 1.802843 -305.461182
v -56.535568 15.144025 -295.257568
v -58.446457 15.756743 -295.017761
v -55.557327 14.758429 -297.195984
v -28.213112 5.951186 -301.622833
v -28.115112 5.902537 -302.069946
v -37.797077 9.062650 -299.450684
v -20.739769 3.627355 -300.731445
v -58.446457 15.601814 -298.928711
v -16.802187 2.293964 -303.013306
v -15.553591 2.003322 -300.400452
v -16.859625 2.422096 -300.236542
v -47.481846 14.606947 -296.393738
v -53.053711 21.881504 -295.694519
v -40.825294 17.700361 -297.229065
v -38.241070 15.611579 -297.553375
v -15.815538 7.877459 -300.367584
v -15.553593 8.161570 -300.400452
v -54.650768 18.791161 -295.494110
v -58.446461 21.006554 -295.017761
v -58.446461 21.984200 -295.017761
v -33.335770 1.854067 -314.893738
v -32.649158 -2.370261 -314.973206
v -33.273655 0.872266 -315.754272
v -36.763168 22.940868 -314.497009
v -33.112629 -0.589906 -316.443848
v -33.175072 -0.780177 -317.254059
v -33.379219 1.258416 -316.116760
v -33.252048 0.510113 -316.082947
v -32.435875 -5.178553 -317.126892
v -31.002695 -12.499998 -315.163788
v -32.731102 -2.555358 -315.944580
v -33.440311 1.617916 -316.132996
v -37.682720 28.499998 -314.530548
v -37.666733 28.499998 -314.392426
v -36.593826 18.393616 -319.504974
v -33.518623 -1.827070 -321.711914
v -31.922541 -12.499998 -323.110718
v -33.690693 -1.621583 -322.906067
v -32.841866 -6.415726 -322.394958
v -32.966915 -4.269197 -320.420746
v -33.382843 -2.747713 -321.848969
v -34.263531 1.902755 -322.839783
v -34.835526 5.421919 -322.773560
v -34.744617 5.399858 -322.019562
v -35.798660 11.347540 -322.662079
v -35.689384 11.321021 -321.755707
v -34.461224 5.216458 -319.832184
v -38.586582 28.499998 -322.339355
v -36.489773 12.180747 -322.582092
v -36.489773 3.180829 -322.582092
v -36.489773 5.107130 -322.582092
v -36.489773 11.216027 -322.582092
v -46.639198 28.499998 -321.407318
v -40.503998 13.391525 -322.117432
v -39.080132 2.075144 -322.282257
v -39.975159 -12.499998 -322.178650
v -40.405655 4.361972 -322.128845
v -40.503998 4.391635 -322.117432
v -42.646553 3.935548 -321.869446
v -43.609688 9.861169 -321.757965
v -40.503998 10.452155 -322.117432
v -40.391724 -7.020304 -317.979675
v -43.351410 9.798492 -319.615784
v -41.100933 -2.847031 -318.168091
v -42.437595 3.438499 -320.771484
v -42.464615 3.891396 -320.360413
v -42.406647 3.877329 -319.879639
v -42.497894 4.449198 -319.854156
v -40.741215 -2.398624 -314.422180
v -40.065681 -6.283817 -314.114777
v -40.711761 -2.308867 -314.040009
v -40.752296 -2.059484 -314.035309
v -41.172760 0.527387 -313.986633
v -40.799385 -1.769775 -314.029846
v -43.911270 17.375874 -313.669647
v -42.096298 6.209392 -313.879730
v -45.719360 28.499998 -313.460358
v -41.250027 -0.905698 -316.693542
v -41.549290 0.463098 -317.331146
v -41.284687 -0.324769 -316.166290
v -44.564934 19.322189 -316.547241
v -39.055321 -12.499998 -314.231720
v -40.781502 -2.125461 -314.381531
v -40.861034 -1.586208 -314.301270
v -41.429920 2.109552 -313.956879
v -42.683113 7.553748 -317.036438
v -42.744335 8.579958 -316.105011
v -43.387798 28.499998 -313.730225
v -41.172760 2.065331 -313.986633
v -40.626148 1.911545 -314.049896
v -40.476196 5.098132 -314.067261
v -40.618198 2.080501 -314.050842
v -39.755768 20.407669 -314.150635
v -40.777393 20.715822 -314.032410
v -40.777393 28.499998 -314.032379
v -34.818489 -3.966908 -314.722137
v -35.377102 -3.809745 -314.657471
v -34.818481 0.277581 -314.722137
v -35.800018 0.553733 -314.608521
v -34.818489 -3.514977 -314.722137
v -36.763168 19.505020 -314.497009
v -35.826797 1.909013 -314.605408
v -39.374962 28.499998 -314.194702
v -53.251801 -5.925865 -130.000000
v -58.446442 -7.327700 -130.000000
v -41.257565 -1.993628 -135.559677
v -40.607822 -1.566158 -137.575287
v -40.501617 -1.496287 -137.904724
v -40.702003 -1.552137 -137.890564
v -46.193871 -3.611966 -133.271545
v -40.076729 -1.377865 -137.934814
v -35.490837 -0.103042 -138.232727
v -18.716518 5.396318 -146.008102
v -18.939842 5.323102 -145.904587
v -40.157967 -1.633132 -136.069366
v -15.553579 6.433268 -147.474213
v -40.114731 -1.241752 -139.104919
v -58.446442 -7.077925 -131.996796
v -45.857231 -2.988977 -137.525696
v -44.798363 -2.693854 -137.600647
v -45.867039 -2.953846 -137.827728
v -44.524567 -2.513724 -138.449997
v -41.313717 -1.461067 -139.938324
v -39.588261 -0.895387 -140.738113
v -24.859707 3.933279 -147.565216
v -25.011595 3.736495 -146.319717
v -40.626652 -1.235817 -140.256790
v -40.159176 -1.082558 -140.473480
v -40.145985 -1.129799 -140.067352
v -39.842979 -1.062966 -139.947937
v -15.553581 6.984236 -151.878876
v -15.597589 6.969808 -151.858490
v -15.553581 6.980222 -151.846786
v -18.147205 6.133932 -150.676666
v -45.867039 -0.788790 -137.827728
v -44.524567 -1.001426 -138.449997
v -42.580734 -0.627203 -139.351013
v -40.159176 -0.188005 -140.473480
v -40.159176 -0.161011 -140.473480
v -39.588257 -0.051099 -140.738113
v -40.146000 -0.158474 -140.479584
v -58.446442 -2.908662 -131.996811
v -45.542282 1.321888 -137.978256
v -40.159176 3.086706 -140.473480
v -38.447884 3.647743 -141.266724
v -45.254547 1.132521 -138.111633
v -45.153557 1.449329 -138.158447
v -24.205526 8.317013 -147.868469
v -17.493025 10.517665 -150.979889
v -15.597605 10.307537 -151.858490
v -15.553581 10.240217 -151.878876
v -15.553583 11.153500 -151.878876
v -58.446442 -3.158440 -130.000000
v -40.095619 2.859051 -138.516418
v -45.136749 1.261513 -136.620728
v -38.400299 3.658238 -141.247955
v -24.360291 8.116499 -146.599365
v -17.645155 10.320562 -149.732391
v -41.802971 1.996822 -135.306854
v -53.251789 -1.756602 -130.000000
v -37.255249 3.487765 -137.414856
v -18.330351 9.692178 -146.187103
v -18.062340 9.780044 -146.311325
v -15.553581 10.602524 -147.474213
v -46.193874 -2.401803 -133.271545
v -42.681503 0.027689 -134.899628
v -34.652920 1.775086 -138.621124
v -41.257565 -1.451476 -135.559677
v -57.923714 15.633218 -209.471832
v -54.909477 14.552342 -206.485229
v -58.446449 15.386123 -207.566040
v -58.446449 15.413721 -207.719971
v -58.446449 15.820667 -209.989792
v -49.425774 12.585938 -201.051773
v -50.689693 12.867311 -201.345551
v -51.388298 13.289680 -202.996307
v -26.931816 4.519816 -178.763962
v -27.654552 4.444917 -177.616776
v -29.202515 5.334067 -181.013855
v -15.553579 0.439688 -167.489990
v -15.553579 0.042815 -165.276367
v -58.446449 14.812059 -204.364105
v -16.130207 0.158298 -165.338531
v -15.553579 -0.568919 -161.864304
v -15.792343 -0.483301 -162.100891
v -32.021851 3.642163 -178.181656
v -29.113903 3.256935 -175.300354
v -15.553579 -0.833636 -161.864304
v -58.446449 10.688216 -204.364105
v -32.021847 1.212604 -178.181656
v -29.113903 0.169842 -175.300354
v -15.553577 -4.692762 -161.864319
v -58.269577 11.220589 -207.511993
v -57.856121 11.485143 -209.404877
v -57.739296 11.443251 -209.289108
v -58.446449 11.538967 -209.109283
v -58.446449 11.696830 -209.989792
v -54.909473 10.428503 -206.485229
v -29.839760 1.438740 -181.645264
v -28.174747 0.841682 -179.995499
v -27.327425 0.354980 -178.136017
v -15.553577 -3.684150 -167.489990
v -26.931814 0.677026 -178.763962
v -58.446449 12.755262 -209.989792
v -49.425774 12.347421 -201.051773
v -29.839764 5.418486 -181.645264
v -52.170410 17.781425 -201.689728
v -50.848236 17.237574 -201.382401
v -50.836143 17.281128 -201.914612
v -58.446453 20.362961 -203.148529
v -15.553583 2.719757 -193.178589
v -58.446453 20.735107 -207.251282
v -15.553583 3.091904 -197.281342
v -58.446449 16.430075 -207.251282
v -15.553581 -1.213131 -197.281342
v -58.446449 16.057913 -203.148529
v -15.553581 -1.585292 -193.178589
v -52.170403 16.694000 -201.689728
v -42.947556 28.499998 -219.042938
v -40.451874 -12.499998 -217.273026
v -42.763618 -12.499998 -214.013306
v -43.582409 18.179216 -216.816376
v -43.276031 9.672327 -216.151001
v -44.558205 16.982136 -215.286011
v -45.259300 28.499998 -215.783218
v -44.055077 8.716609 -214.929199
v -41.990517 28.499998 -213.465057
v -41.497017 20.392639 -213.115067
v -40.993893 12.127108 -212.758255
v -39.494835 -12.499998 -211.695145
v -37.183098 -12.499998 -214.954849
v -39.345917 23.031561 -216.488693
v -39.678783 28.499998 -216.724762
v -38.842793 14.766034 -216.131882
v -39.877121 13.613675 -216.865417
v -40.670883 21.555401 -217.428345
v -49.588310 -2.570882 -264.280670
v -52.346931 -2.297754 -268.354492
v -46.361473 -2.890367 -259.515411
v -46.898785 -2.811049 -260.877075
v -47.206070 -2.806745 -260.762665
v -43.908653 -3.133217 -255.893173
v -43.884483 -3.051356 -257.690369
v -58.446449 -1.693849 -277.362061
v -58.446453 -1.625495 -278.849060
v -23.700359 -5.134014 -226.050308
v -26.016228 -4.904724 -229.470306
v -42.407288 -3.281865 -253.676010
v -15.553581 -5.940617 -214.019455
v -57.412056 -1.468646 -282.961731
v -58.446453 -1.366232 -284.489288
v -51.534286 -2.221586 -270.561798
v -47.888489 -2.411561 -268.897675
v -48.617744 -2.339358 -269.974609
v -39.942314 -3.360078 -253.643646
v -40.267231 -3.166132 -257.642883
v -20.564734 -5.116850 -228.546967
v -20.017433 -5.188818 -227.351913
v -15.553581 -5.612997 -221.146683
v -22.121944 -4.962673 -230.846603
v -39.895908 -3.202896 -257.094513
v -19.806076 -5.325758 -227.426605
v -50.647114 -2.883879 -272.971497
v -15.553581 -9.615379 -221.146667
v -22.121956 -8.965054 -230.846603
v -19.806086 -9.194344 -227.426605
v -39.895908 -7.205276 -257.094513
v -40.294308 -7.165833 -257.682831
v -47.888504 -6.270689 -268.897675
v -49.045284 -6.037319 -270.605957
v -49.045284 -6.299408 -270.605957
v -48.278481 -6.375328 -269.473572
v -50.647114 -6.140814 -272.971497
v -51.541180 -6.052294 -274.291809
v -57.412060 -5.222340 -282.961700
v -55.676941 -5.285917 -280.399353
v -55.676941 -5.642817 -280.399353
v -51.541176 -4.186336 -274.291809
v -58.446449 -5.154106 -284.489258
v -58.446449 -4.220456 -284.489258
v -58.446449 -5.368610 -284.489258
v -57.412060 -4.618396 -282.961700
v -50.647114 -4.849382 -272.971497
v -51.143703 -6.187359 -271.622650
v -49.186768 -6.306379 -270.358521
v -21.092426 -9.175203 -226.971985
v -22.763105 -8.955511 -230.620010
v -52.548458 -6.101921 -272.530090
v -58.446449 -5.696230 -277.362030
v -51.682602 -6.237869 -270.158936
v -58.446449 -5.550037 -280.542389
v -43.908653 -7.135599 -255.893158
v -43.883949 -7.051933 -257.729980
v -39.941780 -7.360655 -253.683243
v -15.553579 -9.942999 -214.019440
v -42.434364 -7.281567 -253.715973
v -23.700367 -7.485508 -226.050308
v -26.016237 -6.847795 -229.470306
v -52.346931 -5.741930 -268.354492
v -46.361465 -3.801583 -259.515381
v -49.588318 -5.001736 -264.280670
v -58.446457 8.048754 -290.874512
v -36.667866 -3.026436 -312.855560
v -35.316772 -3.713514 -314.219208
v -19.681330 -11.664694 -330.000000
v -40.889339 -2.323298 -314.272705
v -41.060093 -2.236464 -314.100342
v -42.089073 -1.713190 -313.061829
v -41.048950 -2.218694 -314.019409
v -58.446457 6.605122 -296.552368
v -37.878113 -3.854613 -317.311920
v -35.661453 -4.263296 -316.723022
v -25.306885 -10.247532 -330.000000
v -40.663322 -2.166590 -313.432434
v -40.803688 -2.263912 -313.954285
v -40.883301 -2.166021 -314.278809
v -42.089069 2.531307 -313.061798
v -57.450539 10.343162 -297.557556
v -58.446457 9.520620 -296.552368
v -58.446457 10.849622 -296.552368
v -37.878105 -1.279044 -317.311920
v -37.878105 -0.968625 -317.311920
v -38.096073 -1.055472 -317.091919
v -40.729477 1.839905 -314.434052
v -41.105053 2.030900 -314.054962
v -40.736652 1.653022 -314.426819
v -36.270947 -2.927539 -318.934021
v -25.306883 -6.003033 -330.000000
v -31.890913 -2.654819 -323.354767
v -58.446457 11.187307 -295.224243
v -40.473343 2.017493 -313.481812
v -40.674259 1.878189 -314.228760
v -58.446457 12.293249 -290.874512
v -35.694016 0.722820 -313.838440
v -33.424732 -0.431190 -316.128845
v -19.681320 -7.420206 -330.000000
v -31.733803 -1.291088 -317.835480
v -21.032806 -6.732927 -328.635956
v -36.107403 0.063417 -316.841522
v -36.006931 0.223682 -316.111633
v -34.955948 -0.148878 -316.535614
v -36.667866 0.334793 -312.855560
v -33.424740 -2.959641 -316.128845
v -26.119654 -7.049646 -323.501831
v -58.446453 16.464451 -212.016708
v -53.479057 15.126563 -210.226776
v -47.315231 13.557871 -210.112885
v -47.314514 13.550517 -209.947601
v -46.691715 13.395059 -210.006241
v -15.553585 5.264285 -204.680511
v -57.360924 16.162857 -211.412979
v -58.446449 16.288528 -207.962463
v -54.388908 15.229024 -207.268478
v -15.553585 5.088362 -200.626251
v -58.423378 16.282501 -207.958511
v -58.446449 16.705971 -207.962463
v -54.617016 19.415058 -207.307480
v -58.446453 20.415001 -207.962448
v -15.553585 9.214835 -200.626251
v -58.446453 20.445446 -208.664139
v -58.446453 20.590919 -212.016708
v -57.580399 20.347916 -211.480042
v -53.698532 19.311623 -210.293839
v -15.553587 9.390755 -204.680511
v -46.881290 14.052879 -210.038666
v -26.436546 28.499998 -206.996887
v -15.553589 10.990054 -233.514175
v -22.739571 28.500000 -205.479599
v -17.767134 20.499681 -217.595398
v -15.961073 17.593853 -221.996017
v -17.413284 17.615702 -222.553360
v -18.874525 20.516346 -218.020386
v -15.553591 16.938238 -222.988892
v -15.553591 17.869251 -222.988892
v -19.829021 28.500000 -212.571411
v -15.553593 21.621120 -222.988876
v -15.717543 21.884907 -222.589386
v -17.216261 21.907459 -223.164581
v -15.755020 19.006817 -227.697556
v -15.553591 19.003784 -227.620239
v -23.526009 28.500000 -214.088699
v -15.553591 15.672918 -233.514206
v -17.236525 0.066172 -302.689606
v -42.782810 28.499998 -307.385254
v -24.522968 8.329298 -305.207245
v -24.927530 8.776196 -305.255493
v -24.823421 8.442590 -303.560425
v -27.228811 11.318301 -305.529999
v -27.471088 11.409657 -304.202057
v -15.553591 -1.578710 -304.137390
v -17.162859 0.198965 -304.329346
v -19.217020 2.468091 -304.574371
v -25.157925 8.817448 -303.641510
v -43.256123 28.499998 -303.417145
v -25.377214 8.856705 -302.105194
v -15.553591 -2.101548 -300.112823
v -17.342699 -0.125214 -300.326233
v -27.264038 9.936867 -301.509644
v -48.625778 28.499996 -304.057617
v -28.997276 6.817411 -301.716370
v -37.201138 15.879791 -302.694916
v -18.274237 -5.027773 -300.437347
v -15.553589 -8.033133 -300.112823
v -36.958035 15.836266 -304.397949
v -27.361797 5.355615 -304.175598
v -15.553589 -7.510284 -304.137390
v -22.986908 0.584182 -304.125488
v -29.822966 8.252357 -305.839417
v -30.009464 8.322682 -304.817200
v -48.152458 28.499996 -308.025726
v -32.550209 11.265002 -306.164734
v -18.094397 -4.703587 -304.440460
v -22.860798 0.561611 -305.008972
v -27.117125 5.263353 -305.516663
v -31.686947 12.818694 -306.061768
v -20.920895 -0.598559 -304.777588
v -15.553589 -7.198164 -304.137390
v -27.883793 10.544201 -305.608124
v -31.824074 12.305367 -330.000000
v -15.553600 22.476906 -324.528961
v -15.553600 21.680672 -328.745056
v -19.285666 19.347561 -330.000000
v -15.553598 17.035549 -328.745056
v -19.139940 14.793535 -329.950989
v -19.285700 14.702414 -330.000000
v -19.285700 14.769191 -330.000000
v -27.697807 9.977758 -330.000000
v -31.824083 7.660238 -330.000000
v -29.951881 8.830651 -329.370453
v -15.553598 17.831783 -324.528961
v -21.351730 14.207063 -326.478607
v -29.951902 12.770655 -329.370483
v -58.446449 8.207396 -193.851242
v -57.208477 8.574575 -193.197357
v -47.864883 11.345866 -188.262207
v -22.963043 18.880722 -173.892838
v -20.726711 19.394997 -173.928207
v -15.553587 20.929337 -171.195831
v -19.056114 19.890493 -173.045807
v -58.446449 8.370203 -192.522064
v -58.446449 8.760972 -189.331818
v -23.529713 19.117210 -170.889282
v -19.805716 20.203321 -169.072708
v -20.082144 20.139751 -169.068329
v -15.553587 21.482914 -166.676422
v -52.074238 10.650957 -185.966110
v -19.831516 20.044056 -168.935959
v -58.446449 4.629594 -189.331818
v -55.820648 5.408402 -187.944916
v -22.944769 15.159327 -170.580322
v -19.831516 16.082710 -168.935944
v -23.529716 15.382673 -170.889282
v -15.553585 17.351538 -166.676422
v -58.446449 4.441781 -190.865158
v -53.218491 5.837990 -189.364319
v -58.010994 4.549254 -190.812164
v -19.511028 15.948967 -170.634644
v -58.446449 4.615301 -189.448517
v -58.446449 4.296406 -192.052017
v -58.446449 4.076025 -193.851242
v -15.553587 16.797968 -171.195831
v -58.052727 7.393167 -193.643280
v -48.917290 9.873178 -188.818069
v -19.056114 18.757128 -173.045822
v -25.161980 9.148556 -188.858154
v -25.195995 9.198737 -189.016266
v -24.456434 12.979786 -189.054352
v -25.323990 8.268807 -188.813095
v -29.148695 -12.499998 -187.749451
v -28.252371 -5.442841 -189.561066
v -25.237507 8.738434 -188.837143
v -21.598289 28.500000 -189.849197
v -25.256775 8.757157 -188.919785
v -29.834719 -11.984463 -190.584091
v -26.145695 9.620942 -192.732452
v -25.364622 13.862300 -192.949677
v -22.668999 28.500000 -193.699310
v -30.219402 -12.499998 -191.599579
v -30.157364 -12.163111 -191.616821
v -28.995564 -5.854343 -191.939926
v -31.048700 -12.294994 -191.368958
v -31.048714 -6.158133 -191.368942
v -27.112965 9.478661 -192.463470
v -27.112972 13.605129 -192.463455
v -34.139229 -12.499998 -190.509476
v -26.588825 28.499998 -192.609222
v -31.255520 -2.104417 -187.556427
v -31.160412 -2.138650 -187.190002
v -32.462936 -7.984268 -187.703354
v -32.250969 -8.060564 -186.886719
v -28.485394 12.387156 -187.933914
v -28.581734 11.864006 -187.907120
v -28.522205 12.422927 -188.091797
v -25.518112 28.500000 -188.759109
v -33.068516 -12.499998 -186.659363
v -30.272808 -2.348803 -187.436844
v -30.272779 -8.528925 -187.436844
v -28.581730 8.246516 -187.907120
v -25.323992 9.094542 -188.813095
v -25.323990 8.725713 -188.813095
v -51.851349 -12.500000 -146.706512
v -41.514076 -4.084964 -163.114746
v -41.509529 -4.103486 -163.061432
v -40.651737 -3.404064 -164.426102
v -40.656895 -3.387178 -164.475342
v -34.945282 -0.189376 -169.587128
v -37.981510 -1.209285 -168.721954
v -37.265003 -0.626015 -169.859253
v -37.584404 -2.827036 -164.065369
v -26.389221 8.227394 -187.122269
v -15.553589 17.048119 -204.321548
v -22.799007 11.149999 -192.820969
v -25.138672 7.944178 -185.562988
v -37.584480 -2.826719 -164.066284
v -48.470177 -12.500000 -144.576355
v -36.287292 -2.582549 -163.914124
v -15.553587 14.295681 -196.824493
v -34.627045 -1.231028 -166.549408
v -45.704857 -12.499998 -148.965729
v -45.704857 -11.749399 -148.965729
v -43.267063 -10.858376 -152.835205
v -37.418400 -6.567072 -162.118729
v -43.267063 -12.499998 -152.835205
v -38.048599 -8.372568 -161.118408
v -37.418400 -7.859556 -162.118713
v -43.118855 -12.499998 -153.070465
v -32.866867 -4.154392 -169.343323
v -32.866871 -3.442906 -169.343323
v -36.287300 -6.938786 -163.914108
v -15.553585 9.939448 -196.824493
v -41.273495 -9.421307 -160.293579
v -43.541580 -12.499998 -153.336777
v -37.584484 -7.182953 -164.066284
v -37.816029 -6.239672 -166.781464
v -38.167603 -7.292711 -164.134689
v -46.500023 -12.499998 -155.200607
v -45.462784 -11.655636 -156.847015
v -41.514080 -8.441202 -163.114746
v -38.428463 -6.438835 -166.624817
v -38.553108 -6.030830 -167.814651
v -15.553587 12.691882 -204.321533
v -37.264999 -4.982248 -169.859253
v -39.470654 -6.777756 -166.358246
v -47.900574 -12.500000 -152.977539
v -37.981510 -2.511436 -168.721954
v -39.009682 -5.457096 -167.089935
v -45.462780 -9.026049 -156.847015
v -47.900574 -9.917072 -152.977539
v -22.799025 9.906903 -192.820938
v -57.189945 -12.438293 -298.988861
v -57.302299 -12.500000 -299.200073
v -53.564350 -10.447119 -292.173035
v -49.253574 -8.079641 -284.069092
v -47.662548 -7.205851 -281.078094
v -48.652863 -7.749731 -282.939819
v -45.145912 -5.823713 -276.346985
v -46.041893 -5.821072 -275.858795
v -33.010136 0.841250 -253.532654
v -32.297340 1.232718 -252.192657
v -15.553589 10.428382 -220.715668
v -58.446449 -12.500000 -298.591492
v -58.446449 -11.190710 -292.841644
v -58.108673 -12.446281 -298.535248
v -53.907906 -8.698143 -284.309509
v -51.719193 -7.496103 -280.194885
v -54.771179 -10.457613 -291.577148
v -49.513981 -6.285002 -276.049255
v -49.911259 -6.582056 -277.142487
v -50.006706 -6.555605 -276.975555
v -50.107639 -7.281948 -280.111664
v -47.788101 -5.337147 -272.804749
v -46.997345 -4.902866 -271.318176
v -49.198547 -6.441889 -276.906036
v -35.055077 1.655824 -248.867630
v -35.737312 1.281139 -250.150177
v -15.553589 12.366035 -212.206299
v -51.719196 -6.704369 -280.194885
v -16.174030 16.152292 -213.372681
v -15.553589 16.493038 -212.206299
v -16.174034 15.464596 -213.372696
v -16.912891 15.746510 -214.761688
v -33.451775 5.244704 -245.853546
v -37.552086 4.411469 -253.561813
v -34.075603 6.320754 -247.026291
v -46.997341 -2.808948 -271.318176
v -47.788101 -3.646486 -272.804749
v -48.169357 -3.237786 -273.521484
v -49.290916 -2.035493 -275.629944
v -49.513985 -3.729787 -276.049286
v -53.907906 -5.846056 -284.309509
v -50.006706 -2.428605 -276.975555
v -58.446449 -7.063711 -292.841644
v -15.691154 15.869681 -214.870651
v -58.446449 -9.001358 -301.350983
v -56.665539 -7.459379 -295.526581
v -55.622246 -7.450306 -296.041687
v -48.017155 -2.979969 -280.455231
v -47.184254 -2.816162 -280.178894
v -34.824917 3.971581 -256.944275
v -46.669933 -1.520024 -274.760376
v -45.443214 -1.859984 -276.905884
v -58.446449 -8.520544 -299.239441
v -31.348431 5.880866 -250.408768
v -25.661671 9.146357 -239.093063
v -15.553589 14.555387 -220.715652
v -25.157066 9.281161 -238.769470
v -25.611876 9.031380 -239.624481
v -24.738091 8.679279 -237.981827
v -34.118690 2.753405 -255.616638
v -30.711578 4.782349 -249.211533
v -33.802876 2.208652 -255.022934
v -45.145908 -4.191086 -276.346985
v -45.443207 -4.682524 -276.905884
v -45.709335 -4.397242 -277.406189
v -45.443207 -4.299867 -276.905884
v -47.662556 -5.111923 -281.078094
v -49.253578 -7.514162 -284.069092
v -58.446449 -12.500000 -301.351013
v -58.446449 -10.608505 -301.350983
v -55.306442 28.499996 -274.422302
v -51.502323 -12.500000 -243.600998
v -51.407547 22.166634 -270.069946
v -50.427406 1.008438 -254.043182
v -48.738056 0.453542 -253.828201
v -50.711758 21.725697 -269.819305
v -47.536186 -12.499998 -244.090515
v -48.007751 -7.417572 -247.911179
v -51.340302 28.499996 -274.911804
v -51.646347 28.499996 -274.874023
v -48.007740 -10.696663 -247.911148
v -48.150272 -12.500000 -249.065948
v -48.622776 -7.407457 -252.894211
v -51.296448 21.408861 -274.556580
v -49.956985 6.972383 -263.704102
v -51.944973 28.398523 -279.810974
v -51.954388 28.499996 -279.887238
v -51.757717 28.499996 -278.293793
v -52.105095 28.499996 -279.868652
v -50.045475 -6.940159 -253.075256
v -55.510361 24.079321 -276.074524
v -55.920528 28.499996 -279.397736
v -52.645912 -2.719170 -255.975723
v -53.027466 -2.680851 -255.957870
v -52.116409 -12.500000 -248.576447
v -53.353718 0.835445 -258.601227
v -51.649948 0.664331 -258.680908
v -51.943165 -0.331792 -257.884491
v -52.246422 0.724236 -258.653015
v -53.867012 6.367655 -262.759979
v -54.047794 8.316066 -264.224701
v -52.933319 -2.504616 -255.195084
v -53.867016 7.349260 -262.760010
v -55.355534 24.163221 -274.820068
v -55.789436 28.499996 -278.335571
v -52.933319 1.622399 -255.195053
v -15.553602 28.500000 -318.830688
v -15.553600 26.578308 -318.830688
v -16.198320 28.500000 -320.761719
v -15.553602 28.500000 -320.976990
v -23.465599 -12.499996 -310.266479
v -19.007973 -1.343826 -311.329620
v -16.510109 4.130318 -310.852264
v -15.553595 7.716413 -312.726257
v -22.279217 -12.499996 -306.450439
v -15.553593 4.685025 -308.541382
v -15.955124 3.659051 -308.416534
v -18.186184 -2.041656 -307.722931
v -15.553595 7.867171 -308.541382
v -26.403336 -12.499998 -305.168274
v -21.555130 -0.112074 -306.675537
v -17.799717 6.745331 -307.843079
v -19.324070 5.588635 -307.369171
v -17.799711 9.483611 -307.843079
v -16.900568 11.781061 -308.122620
v -15.553595 12.453815 -308.541382
v -15.553596 15.222786 -308.541382
v -19.561022 5.718765 -308.310974
v -19.537224 5.769634 -308.304657
v -27.589722 -12.499998 -308.984375
v -19.875648 6.057008 -309.789948
v -22.373512 0.582865 -310.267303
v -15.553598 18.254183 -312.726257
v -18.669638 10.292212 -311.757538
v -20.900818 4.591197 -311.063873
v -20.322361 5.078024 -309.875305
v -17.886545 10.683331 -312.000977
v -17.886553 6.096694 -312.000977
v -36.238937 -11.796364 -330.000000
v -36.521137 5.053596 -321.654541
v -36.525616 5.320881 -321.522156
v -36.913815 28.499998 -310.041992
v -40.685238 15.213269 -316.757690
v -39.598400 21.287140 -313.709229
v -40.237450 -11.523682 -330.000000
v -40.503212 4.344602 -322.140747
v -40.562248 7.869816 -320.394775
v -40.798874 21.998350 -313.397186
v -40.907761 28.499998 -310.177032
v -40.562252 10.352729 -320.394775
v -40.658012 20.092453 -317.562836
v -40.658012 22.587561 -317.562836
v -40.757030 28.499998 -314.634521
v -40.456139 10.533844 -323.532806
v -40.237450 -2.523802 -330.000000
v -40.357002 4.614734 -326.464417
v -40.357002 4.594143 -326.464417
v -40.798874 28.499998 -313.397186
v -40.332199 4.599072 -326.471344
v -40.547688 22.522202 -317.591492
v -39.478039 28.499998 -314.591248
v -36.763088 28.499998 -314.499451
v -36.238937 -2.796446 -330.000000
v -36.374599 5.303712 -325.988159
v -36.474068 11.242838 -323.046600
v -36.525612 11.154853 -321.522156
v -42.337818 28.499998 -198.978775
v -58.446457 27.824253 -201.599823
v -41.695992 28.499998 -202.923126
v -58.446457 27.797329 -205.648621
v -34.777943 28.499998 -201.797485
v -15.553593 28.500000 -198.669479
v -31.067749 28.499998 -201.193802
v -58.446453 23.797676 -205.648621
v -43.301922 24.952728 -203.184433
v -33.049507 24.863056 -201.516251
v -31.067745 25.687771 -201.193802
v -43.301922 24.432976 -203.184433
v -15.553591 25.596996 -198.669479
v -44.600349 24.381369 -202.965591
v -32.920341 24.872555 -200.881561
v -58.446453 23.824600 -201.599823
v -43.838646 24.437386 -199.222992
v -43.290421 24.460382 -199.133789
v -15.553591 25.623919 -194.620697
v -43.290421 24.665529 -199.133789
v -15.553593 28.500000 -194.620697
v -15.553593 23.808495 -220.175430
v -15.773577 28.500000 -220.042053
v -15.553595 28.500000 -219.679245
v -15.553595 28.500000 -220.175430
v -15.876345 9.990889 -237.513046
v -15.553589 7.111343 -237.336380
v -17.706417 28.500000 -239.095413
v -17.950962 28.500000 -238.648651
v -15.553589 9.691264 -238.022949
v -17.531376 24.756584 -238.418991
v -17.461386 24.683338 -238.527359
v -16.032150 28.500000 -242.154083
v -15.553595 24.230469 -241.892136
v -19.566076 28.500000 -244.088486
v -15.553583 -7.298290 -241.892136
v -15.553581 -12.499996 -240.507858
v -17.913605 10.657515 -242.359085
v -19.198273 20.208815 -242.553970
v -19.670500 27.564362 -243.648727
v -16.889362 -12.499996 -238.067566
v -18.867441 5.147854 -239.150330
v -19.667496 12.285697 -239.588257
v -20.564529 28.500000 -242.264450
v -20.735939 21.818043 -240.173111
v -21.484894 28.500000 -240.583069
v -15.553581 -12.499996 -237.336380
v -15.553589 6.461123 -237.336380
v -16.098141 11.544717 -330.000000
v -15.553596 11.473205 -330.000000
v -15.553596 11.129244 -328.805756
v -16.098120 7.353055 -330.000000
v -15.553595 6.937599 -328.805786
v -15.553595 7.281546 -330.000000
v -16.098125 9.247868 -330.000000
v -15.553596 9.286759 -328.805786
v -58.398830 7.054073 -152.442719
v -58.446445 7.272161 -150.482758
v -58.362732 7.299282 -150.446594
v -50.210381 9.940516 -146.926697
v -46.117161 11.222988 -145.529724
v -46.104965 11.270604 -145.154114
v -40.228786 13.174391 -142.617004
v -15.553585 21.168762 -131.963104
v -58.446445 6.758943 -154.835556
v -50.257996 9.617030 -149.560013
v -46.647808 10.581512 -149.741302
v -43.314430 11.661474 -148.302078
v -44.177158 11.524000 -147.469910
v -40.336304 12.754656 -145.927917
v -15.553585 20.655544 -136.315903
v -58.446445 10.928205 -154.835541
v -46.647808 14.750776 -149.741302
v -40.776093 16.653118 -147.206116
v -15.553587 24.824806 -136.315903
v -55.115852 12.058226 -152.965286
v -58.446445 11.009664 -154.144669
v -42.295784 16.410954 -145.740234
v -40.354568 16.852604 -146.490448
v -41.607494 16.520634 -146.404144
v -42.919624 16.172976 -146.313782
v -58.446445 11.441422 -150.482758
v -46.135429 15.320933 -146.092255
v -46.104965 15.439864 -145.154114
v -55.044395 12.543631 -149.013855
v -40.228790 17.343651 -142.617004
v -15.553585 25.338024 -131.963104
v -58.446445 7.344360 -150.482758
v -58.446442 -1.116546 -172.245911
v -52.680225 -5.928455 -161.710434
v -51.917446 -5.814524 -162.452087
v -49.869736 -8.273806 -156.575378
v -44.805397 -12.499998 -147.322327
v -58.446445 1.808817 -180.569489
v -47.758301 -7.958433 -158.628342
v -41.299866 -12.499998 -149.240936
v -46.458694 -12.499998 -158.666626
v -58.446442 -2.496222 -180.569473
v -49.141212 -11.550617 -159.899750
v -58.446442 -5.421587 -172.245895
v -53.614716 -9.453663 -163.417847
v -53.300362 -9.406710 -163.723480
v -49.964222 -12.500000 -156.748016
v -50.804226 -11.799015 -158.282791
v -49.701904 1.416861 -330.000000
v -58.446453 -0.573335 -295.232544
v -58.446453 -1.455374 -278.849060
v -45.581207 1.472664 -330.000000
v -58.446449 -5.457760 -278.849060
v -58.026012 -4.444013 -280.520691
v -45.581211 -2.529724 -330.000000
v -57.032471 -4.726215 -284.470917
v -57.032471 -5.135948 -284.470917
v -58.026016 -5.362070 -280.520691
v -58.446449 -5.366594 -280.542389
v -53.552917 -4.122128 -302.426910
v -55.576080 -3.922439 -306.644867
v -57.131584 -4.276460 -300.460327
v -49.701904 -2.585519 -330.000000
v -58.446453 -4.575715 -295.232544
v -58.446449 -5.151161 -284.543945
v -55.576080 -0.920041 -306.644867
v -43.883224 -12.499998 -257.783905
v -43.886410 11.419655 -257.547150
v -43.887184 17.219353 -257.489716
v -43.590187 14.485657 -257.512817
v -43.888683 28.499998 -257.378052
v -40.921509 16.863605 -257.453369
v -39.887360 -12.499998 -257.730194
v -39.890564 11.576693 -257.491852
v -39.948730 11.622429 -257.492188
v -39.890572 11.625423 -257.491364
v -39.891174 16.155336 -257.446533
v -39.891312 17.175095 -257.436432
v -40.612171 16.650961 -257.451324
v -39.891342 17.425123 -257.433960
v -39.891422 18.012678 -257.428131
v -40.443634 17.396683 -257.441681
v -39.892818 28.499998 -257.324341
v -39.907490 16.350792 -256.233337
v -39.917122 18.550970 -255.517273
v -39.896729 17.463896 -257.033600
v -39.897243 17.410549 -256.995239
v -39.895794 17.414129 -257.103027
v -39.941097 -12.499998 -253.734116
v -39.944286 11.440311 -253.497131
v -39.945065 17.306902 -253.439056
v -39.930103 17.329388 -254.551819
v -39.932178 25.369179 -254.397476
v -39.946178 25.666298 -253.356308
v -39.946556 28.499998 -253.328262
v -39.932178 28.499998 -254.397461
v -39.921234 10.211452 -255.211212
v -39.928127 11.532662 -254.698761
v -41.764683 18.737642 -253.449371
v -41.425362 10.363424 -253.527710
v -43.940910 17.155315 -253.494293
v -43.940269 12.340868 -253.541962
v -43.942421 28.499998 -253.382004
v -42.669662 27.666645 -253.373138
v -43.936962 -12.499998 -253.787842
v -42.690941 28.499998 -253.365173
v -43.933983 16.786053 -254.009369
v -43.934093 17.103479 -254.001328
v -43.932117 11.306754 -254.148254
v -43.932587 12.682932 -254.113373
v -43.891407 14.516091 -257.175659
v -58.446449 -8.537825 -280.542389
v -47.391239 -12.499998 -279.971313
v -47.185089 -12.499998 -283.962250
v -58.446449 -8.463940 -284.543945
v -58.446449 -4.219446 -284.543945
v -46.611603 -10.023487 -283.932617
v -46.611603 -8.461042 -283.932617
v -40.584648 -10.621096 -283.621307
v -42.432629 -9.958782 -283.716766
v -42.432632 -10.343626 -283.716736
v -43.157814 -12.499998 -283.754211
v -43.866631 -9.444838 -283.790833
v -43.866631 -10.233772 -283.790833
v -35.342159 -12.499998 -283.350494
v -37.893547 -11.585583 -283.482300
v -37.893547 -12.499998 -283.482269
v -43.866631 -12.499998 -283.790833
v -48.057343 -8.016773 -280.005737
v -58.446449 -4.293327 -280.542419
v -43.308823 -9.689531 -281.336884
v -43.355892 -9.673599 -281.288391
v -41.034752 -10.524389 -280.145233
v -43.252579 -9.719877 -280.782166
v -44.766129 -9.196341 -279.835724
v -37.450329 -11.784105 -281.310638
v -35.548306 -12.499998 -279.359589
v -35.537609 -12.499998 -279.566589
v -35.782146 -12.416189 -279.371674
v -40.924824 -10.548006 -280.994171
v -35.521408 -12.499998 -279.880219
v -48.057343 -8.944208 -280.005737
v -35.967342 -12.499998 -279.381226
v -15.553596 19.715824 -301.313995
v -24.728777 8.557688 -303.537506
v -42.044216 -12.499998 -307.733704
v -38.212833 -7.840570 -306.805237
v -34.037060 -2.762318 -305.793274
v -28.560177 3.898240 -304.466003
v -15.553596 18.571217 -305.425903
v -27.798988 3.679331 -308.393433
v -23.967594 8.338773 -307.464935
v -37.755234 -8.179558 -309.911285
v -41.103027 -12.499998 -311.617523
v -38.789597 -8.441334 -311.056885
v -28.088123 3.854344 -308.463501
v -46.190460 -12.499998 -312.850403
v -44.488789 -12.499998 -312.438019
v -45.076309 -12.499998 -312.580383
v -43.399574 -9.105942 -312.174072
v -38.789600 -3.499654 -311.056885
v -25.819626 9.459793 -307.913757
v -44.488777 -10.430546 -312.438019
v -15.553598 24.758156 -305.425903
v -45.001507 -11.054089 -312.562256
v -37.839348 -2.115164 -310.004456
v -27.542318 10.445993 -307.369995
v -44.932156 -10.907755 -312.322754
v -31.553745 5.838329 -307.369598
v -15.553598 25.902775 -301.313995
v -28.125565 10.613734 -304.360657
v -47.131664 -12.499998 -308.966583
v -43.984486 -8.672644 -308.203888
v -38.307304 -1.768502 -306.828094
v -31.956961 5.954289 -305.289154
v -34.037056 -1.152880 -305.793274
v -15.553579 1.981121 -151.846786
v -29.757458 28.499998 -155.620117
v -15.553579 3.896735 -155.981628
v -28.731430 28.499998 -159.482376
v -15.553583 12.140981 -155.981628
v -24.315701 28.500000 -158.309326
v -15.553581 10.225346 -151.846786
v -25.341740 28.500000 -154.447052
v -37.756836 -7.573288 -166.087326
v -37.538158 -12.499998 -163.523041
v -38.086716 -0.141160 -169.955658
v -39.357975 28.499998 -184.863007
v -42.137978 1.424310 -170.430908
v -43.339756 28.499998 -184.523453
v -42.061333 -0.302526 -169.532104
v -41.519939 -12.499998 -163.183472
v -43.214733 27.860840 -183.057388
v -43.216579 28.499998 -183.079041
v -43.274868 28.499998 -183.762558
v -41.136845 -12.499998 -158.691162
v -41.635750 -1.259811 -164.541534
v -41.635750 -1.863700 -164.541534
v -42.137978 10.055300 -170.430908
v -42.956657 28.499998 -180.031128
v -41.277298 9.722720 -170.329941
v -37.155060 -12.499998 -159.030716
v -37.584480 -2.825285 -164.066284
v -37.887276 3.996619 -167.617004
v -38.974880 28.499998 -180.370697
v -38.086716 4.728201 -169.955658
v -37.584484 -8.205521 -164.066284
v -43.049770 -7.081409 -130.000000
v -40.114731 -4.619209 -139.104950
v -40.263809 -3.506383 -143.695740
v -40.661976 -5.078295 -137.407303
v -15.553589 15.985085 -215.297409
v -47.248478 -7.412979 -130.000000
v -44.922256 -5.461517 -137.216293
v -42.871243 -3.740926 -143.578857
v -15.553591 19.175795 -228.322418
v -47.248482 -3.286510 -130.000000
v -43.630585 -0.251466 -141.223267
v -44.730328 -1.174036 -137.811707
v -43.347229 -0.013756 -142.102295
v -43.402573 -0.481922 -141.930603
v -42.679314 0.546555 -144.174255
v -15.553593 23.302269 -228.322433
v -40.282837 0.762116 -144.281693
v -41.791454 -0.909683 -137.943451
v -43.049763 -2.954947 -130.000000
v -40.964516 -1.205640 -136.468750
v -40.470036 -0.790822 -138.002701
v -40.159595 -0.157860 -140.486481
v -40.114731 -0.492756 -139.104919
v -15.553591 20.111530 -215.297348
v -39.738228 -0.176908 -140.272888
v -39.977753 -2.202981 -139.529846
v -40.509209 -1.665829 -137.881195
v -40.114731 -2.064534 -139.104919
v -58.446449 14.163861 -218.008987
v -31.869059 -3.055731 -227.401825
v -30.548130 -3.408724 -225.398346
v -58.377979 14.119497 -218.033188
v -58.446449 14.437141 -216.666443
v -58.446449 14.368291 -217.004684
v -26.243740 -6.700396 -229.389893
v -17.292410 -12.499996 -232.553436
v -58.446449 15.026608 -213.770538
v -24.650852 -7.126064 -226.973938
v -15.960808 -12.499996 -228.785583
v -56.518745 13.777640 -214.451813
v -15.553579 -12.499996 -228.929504
v -58.446453 19.709484 -213.770538
v -57.427078 17.677526 -214.130798
v -58.446453 17.977875 -213.770538
v -15.553581 -8.080963 -228.929504
v -58.446453 18.846731 -218.008987
v -15.553581 -8.943718 -233.167953
v -26.100384 -2.055834 -229.172470
v -26.243740 -2.017525 -229.389893
v -29.209036 -0.096298 -228.341919
v -58.377975 18.356270 -218.033188
v -31.869059 1.211684 -227.401825
v -58.446453 18.344696 -218.008987
v -15.553581 -12.499996 -233.167953
v -52.951221 28.499996 -235.679260
v -51.991875 8.873011 -233.998230
v -51.834335 5.650002 -233.722168
v -50.947182 -12.500000 -232.167633
v -49.480412 28.499996 -237.660004
v -47.476372 -12.499998 -234.148392
v -48.271790 3.773153 -235.542175
v -48.573101 9.937646 -236.070160
v -49.739967 15.639938 -238.114838
v -49.466721 -12.500000 -237.636032
v -51.470764 28.499996 -241.147644
v -50.951767 17.882053 -240.238235
v -50.744686 13.645468 -239.875366
v -50.063469 6.749040 -238.681686
v -52.937531 -12.500000 -235.655304
v -54.169487 12.704232 -237.814026
v -54.503746 19.542755 -238.399734
v -54.941566 28.499996 -239.166916
v -52.771088 7.205898 -235.363632
v -52.547722 15.923626 -234.972214
v -31.646526 -12.499998 -261.445343
v -30.304123 3.726853 -262.493622
v -30.345263 3.229549 -262.461487
v -30.483799 3.445347 -262.675690
v -30.842810 -2.784749 -262.072968
v -29.372431 14.989032 -263.221161
v -29.630735 11.866672 -263.019470
v -28.254704 28.499998 -264.093994
v -30.152369 5.561226 -262.612122
v -31.355593 9.346003 -264.798431
v -32.929668 1.720317 -265.513672
v -31.711885 16.440735 -266.464630
v -30.714254 28.499998 -267.243683
v -32.179882 10.783645 -266.099182
v -30.891869 17.639084 -265.618896
v -34.106079 -12.499998 -264.595032
v -33.620110 -6.625662 -264.974518
v -30.066431 0.782635 -267.749542
v -30.066431 -1.951259 -267.749542
v -29.091385 9.834993 -268.510956
v -28.506516 16.904823 -268.967682
v -27.547276 28.499998 -269.716736
v -30.939102 -12.499998 -267.068085
v -30.536671 -7.635456 -267.382355
v -29.392353 -6.052910 -266.186829
v -28.654541 9.073095 -267.821594
v -28.190817 17.366177 -268.642090
v -28.479548 -12.499998 -263.918427
v -27.277637 2.028536 -264.856964
v -26.425362 12.330763 -265.522522
v -27.090382 4.292069 -265.003204
v -27.908203 3.010765 -265.831970
v -26.283930 14.040380 -265.632965
v -25.087723 28.500000 -266.567047
v -28.430412 4.997303 -263.956787
v -28.430414 -3.574786 -263.956787
v -28.430412 4.056393 -263.956787
v -28.430412 2.479861 -263.956787
v -40.972614 -8.978376 -313.352020
v -41.132515 -12.499998 -313.310486
v -41.019230 -9.005610 -313.526276
v -40.882942 -7.003433 -313.375336
v -41.039883 -6.800055 -314.017029
v -40.793583 -2.069855 -313.951599
v -40.441532 2.718064 -313.490082
v -40.358765 4.540930 -313.511597
v -39.270897 28.499998 -313.794373
v -41.425873 -0.834292 -316.614441
v -41.922009 -7.745615 -317.234253
v -41.708843 -3.050940 -317.289673
v -41.240147 7.271593 -317.411499
v -40.276264 28.499998 -317.662048
v -42.137882 -12.499998 -317.178162
v -41.575878 -0.122530 -317.324249
v -41.066406 7.898605 -316.860046
v -43.902382 -9.735279 -316.719482
v -43.902382 -8.749317 -316.719482
v -43.902378 -3.649598 -316.719482
v -43.902378 -4.162675 -316.719482
v -46.009827 -12.499998 -316.171661
v -45.891605 -9.896284 -316.202393
v -45.614265 -3.788153 -316.274475
v -45.671993 -5.059557 -316.259491
v -45.350948 2.011075 -316.342926
v -44.148212 28.499998 -316.655579
v -45.885155 -9.754238 -316.204071
v -45.078018 8.022049 -316.413879
v -45.372742 -4.738789 -315.168091
v -45.062500 0.642423 -314.978058
v -44.703033 9.375320 -315.223663
v -45.619041 -9.468988 -315.233521
v -45.004452 -12.499998 -312.303955
v -44.858833 -9.292919 -312.341827
v -44.581493 -3.184786 -312.413910
v -44.279396 3.468531 -312.492432
v -44.133827 6.674522 -312.530273
v -43.142838 28.499998 -312.787872
v -40.882938 -2.885437 -313.375336
v -29.030502 -12.499998 -141.733429
v -26.707470 -7.668217 -145.591553
v -22.388624 28.500000 -176.937408
v -24.967438 12.581097 -163.268906
v -24.176836 17.461452 -167.459351
v -25.103558 -12.499996 -140.992538
v -23.085529 -0.042815 -151.688690
v -23.466190 10.338659 -160.991699
v -25.034496 -0.283206 -151.842651
v -24.272163 -7.367838 -145.399170
v -21.177952 17.820414 -167.212738
v -20.383884 16.634306 -166.008240
v -21.362980 10.590411 -160.818726
v -18.461678 28.500000 -176.196518
v -20.194817 16.416649 -167.010345
v -24.119677 -12.499996 -146.207397
v -23.180717 -6.703846 -151.184174
v -24.345501 -12.499996 -145.010468
v -21.410196 7.403021 -160.568466
v -20.976353 6.903583 -162.867966
v -20.271267 11.256055 -166.605148
v -18.206419 24.002256 -177.549469
v -17.733652 26.920631 -180.055283
v -18.206417 26.713036 -177.549469
v -17.477798 28.500000 -181.411377
v -28.046627 -12.499998 -146.948303
v -27.274815 -12.499998 -146.802673
v -26.041714 -7.056721 -151.410187
v -23.621727 10.855021 -166.880676
v -20.222618 22.384041 -176.490936
v -21.399685 26.515247 -180.386475
v -22.435150 22.139381 -176.690826
v -21.775082 26.213955 -180.189392
v -21.404747 28.500000 -182.152267
v -24.261181 11.768061 -167.012299
v -22.720257 22.014187 -175.179657
v -21.775082 26.459660 -180.189392
v -22.720255 26.044622 -175.179672
v -50.381546 28.499996 -132.389893
v -57.171928 21.105309 -159.755753
v -58.446449 20.970387 -159.969543
v -57.578072 20.663017 -161.392548
v -58.446449 20.724218 -160.936646
v -58.446449 19.717358 -164.892197
v -54.260155 28.499996 -131.427460
v -58.446449 23.941143 -148.298615
v -53.905952 28.499996 -130.000000
v -53.905945 24.754341 -130.000000
v -58.446449 19.809761 -148.298645
v -58.446449 17.741720 -156.423126
v -58.446449 15.585970 -164.892212
v -49.788532 25.014393 -130.000000
v -56.587200 17.610682 -157.399261
v -57.089073 17.064140 -159.421860
v -58.446449 16.920450 -159.649567
v -57.578072 17.127483 -161.392548
v -49.788536 28.499996 -130.000000
v -56.587204 21.029568 -157.399261
v -58.446449 18.288521 -200.631958
v -35.240688 28.499998 -204.543091
v -58.446449 17.996262 -196.579376
v -34.576519 28.499998 -200.602432
v -58.446449 13.640033 -196.579361
v -24.676910 28.500000 -202.270920
v -58.446449 13.932285 -200.631958
v -25.341061 28.500000 -206.211578
v -51.943172 -3.243783 -257.884491
v -52.026806 -3.287629 -258.096436
v -51.853477 -3.310741 -258.128113
v -46.994198 -7.632103 -274.193237
v -43.345470 -9.662170 -281.237305
v -41.178429 -11.279919 -287.123383
v -39.544083 -12.499998 -291.562561
v -58.446449 1.611069 -240.220474
v -58.446449 -1.188495 -251.787140
v -49.270523 -6.465662 -270.212036
v -49.678196 -7.734205 -275.603241
v -44.438190 -10.860651 -286.591278
v -43.294212 -12.499998 -292.943237
v -51.275303 -6.541925 -271.265198
v -58.446449 2.938511 -251.787155
v -50.075890 -3.310312 -274.523041
v -48.478783 -4.502592 -278.861084
v -37.765919 -12.499998 -307.959045
v -53.769821 -0.074431 -262.513672
v -44.678650 -6.997374 -287.769440
v -58.446449 5.738084 -240.220428
v -51.943161 0.883224 -257.884491
v -45.284702 -4.381089 -277.183105
v -47.561024 -3.214645 -273.201904
v -43.502335 -5.707211 -282.005890
v -43.034370 -5.767401 -282.082275
v -40.701546 -7.508911 -288.418640
v -34.015770 -12.499998 -306.578369
v -49.984161 -0.579217 -263.205475
v -43.345470 -8.227442 -281.237305
v -52.443588 -12.500000 -264.662415
v -39.043930 13.819008 -289.118744
v -30.884357 28.499998 -302.368988
v -55.912792 -12.500000 -266.645966
v -44.429569 9.189900 -286.549011
v -44.456768 9.286352 -286.682281
v -34.353561 28.499998 -304.352539
v -40.101357 17.569199 -294.299774
v -53.023117 -12.500000 -271.699921
v -40.101353 12.073808 -294.299774
v -44.456764 3.790959 -286.682251
v -31.463886 28.499998 -309.406494
v -43.990631 2.137810 -284.398376
v -49.553909 -12.500000 -269.716370
v -27.994678 28.499998 -307.422943
v -40.097069 5.484431 -286.256165
v -38.890411 7.779170 -288.366577
v -38.890419 11.352613 -288.366577
v -53.097229 24.725750 -293.355469
v -52.202164 24.304256 -295.183838
v -50.727444 28.499996 -294.299408
v -58.446457 6.538522 -298.928680
v -54.212448 18.584755 -296.389435
v -52.782780 28.499996 -290.872253
v -55.440102 19.162857 -293.881744
v -58.446457 12.386189 -294.268890
v -56.986855 20.048336 -293.393524
v -55.604050 26.160847 -292.564209
v -58.446461 22.924002 -294.268890
v -57.001213 27.035900 -293.402130
v -56.486610 28.499996 -293.093506
v -58.446457 20.962507 -294.268860
v -58.446461 21.050323 -295.761963
v -54.431259 28.499996 -296.520691
v -58.446457 17.076294 -298.928711
v -57.248024 20.485975 -298.209961
v -55.237740 26.205467 -297.004333
v -32.433376 -12.499998 -147.200180
v -31.881893 28.499998 -146.632217
v -29.014885 28.499998 -149.416107
v -29.566366 -12.499998 -149.984070
v -32.350777 -12.499998 -152.851624
v -31.799297 28.499998 -152.283661
v -35.217789 -12.499998 -150.067719
v -34.666309 28.499998 -149.499756
v -58.446449 21.029325 -160.936646
v -15.553591 27.380945 -183.455719
v -58.446449 20.754250 -156.423141
v -15.553591 27.105869 -178.942230
v -58.446449 16.723816 -156.423126
v -15.553589 23.075436 -178.942230
v -58.446449 16.998894 -160.936646
v -15.553589 23.350513 -183.455734
v -47.467995 18.624594 -166.700424
v -47.573864 18.523184 -165.238144
v -49.763912 18.284613 -165.495056
v -49.763893 21.951435 -165.495056
v -44.246338 28.499998 -141.905090
v -58.446449 28.499996 -164.163727
v -46.093483 28.499998 -144.800491
v -44.139832 27.259895 -141.738159
v -36.651360 27.836388 -130.000000
v -36.651360 28.499998 -130.000000
v -46.093483 27.109493 -144.800491
v -58.446449 26.158512 -164.163727
v -45.991905 27.220940 -141.672653
v -41.391560 27.730833 -130.000000
v -58.446449 26.417875 -156.733475
v -41.391560 28.499998 -130.000000
v -58.446449 28.499996 -156.733475
v -53.460098 6.424147 -208.655853
v -52.051472 -12.095366 -209.790543
v -52.538677 -2.805094 -209.939423
v -53.051067 6.965444 -210.095993
v -53.146950 8.793800 -210.125290
v -54.180389 28.499996 -210.441086
v -52.030251 -12.500000 -209.784058
v -52.614189 -1.365173 -209.962494
v -53.231499 -11.862949 -205.972473
v -53.198090 -12.500000 -205.962265
v -53.115433 -5.715128 -207.505920
v -53.871880 0.348191 -206.168167
v -53.175583 -2.108110 -207.985901
v -54.070435 4.134295 -206.228836
v -55.348228 28.499996 -206.619293
v -54.000336 -12.029045 -206.207413
v -54.000336 -12.500000 -206.207413
v -58.446457 28.499996 -207.566040
v -58.446449 14.593347 -207.566040
v -57.025612 -12.500000 -207.131866
v -57.112453 -6.673273 -207.158401
v -56.489124 7.048694 -206.967926
v -57.318901 -6.907398 -207.221497
v -57.411118 -5.148943 -207.249664
v -57.635574 1.582297 -207.778198
v -58.040321 9.641666 -207.965958
v -56.226852 -5.462210 -211.066437
v -56.624374 2.117964 -211.187897
v -56.917290 0.640040 -209.951996
v -56.663727 2.868403 -211.199921
v -57.232647 13.716852 -211.373779
v -58.007912 28.499996 -211.610672
v -58.446457 28.499996 -210.175522
v -55.857773 -12.500000 -210.953644
v -57.119972 2.264629 -209.593567
v -53.924492 -12.500000 -210.362885
v -53.190895 -2.019202 -210.138718
v -20.967819 15.711495 -257.226929
v -36.205605 28.499998 -251.525085
v -24.181660 18.217930 -256.717041
v -17.523382 12.820710 -258.515778
v -15.553591 11.167538 -259.252869
v -37.606098 28.499998 -255.267868
v -18.978073 12.866193 -262.238281
v -25.400173 18.256023 -259.835205
v -15.553591 9.992153 -263.519684
v -43.662621 28.499998 -253.001572
v -31.026831 17.895254 -257.729767
v -24.604725 12.505421 -260.132843
v -15.553589 4.909141 -263.519714
v -30.302223 17.872601 -255.875549
v -25.100815 14.097174 -255.680389
v -42.262100 28.499998 -249.258789
v -23.370750 12.466843 -256.975189
v -15.553589 6.084546 -259.252869
v -24.893789 13.923425 -255.757843
v -24.962919 13.930169 -255.918121
v -20.635487 12.621168 -257.351257
v -24.893789 14.108260 -255.757843
v -58.446453 17.940502 -217.004608
v -56.707260 28.499996 -243.128052
v -58.446457 28.499996 -243.243835
v -58.446457 28.499996 -253.951279
v -55.997551 28.499996 -253.788254
v -58.446449 13.631525 -217.004700
v -57.662781 -12.500000 -322.567871
v -56.602875 -11.861780 -322.144867
v -46.507069 -5.997961 -319.604279
v -56.596786 -11.878691 -322.284698
v -39.206631 -1.735454 -317.613037
v -39.174591 -1.724275 -317.656342
v -34.280151 1.280971 -315.301361
v -33.628006 1.508519 -316.182831
v -15.553595 12.043077 -311.381226
v -58.446453 -12.500000 -319.618073
v -58.446453 -12.358717 -318.641235
v -51.859451 -8.519524 -316.891327
v -42.808460 -3.244213 -314.486847
v -42.766064 -3.362020 -315.460968
v -15.553595 12.641113 -307.246368
v -58.446453 -12.500000 -318.641235
v -51.859447 -10.661312 -316.891357
v -41.595615 -3.065802 -314.164673
v -22.276081 7.431199 -309.032257
v -50.819427 -12.500000 -316.615051
v -46.248661 -9.835958 -315.400787
v -19.506119 5.750764 -308.296387
v -23.910986 3.183415 -309.466583
v -41.595627 -7.123966 -314.164673
v -15.553595 8.054469 -307.246368
v -19.200323 5.670402 -310.003113
v -46.086006 -10.287910 -319.137939
v -49.793377 -12.500000 -320.477295
v -15.553595 7.456444 -311.381195
v -46.507061 -10.394472 -319.604248
v -39.134224 -1.764856 -317.645630
v -32.806324 0.682499 -315.964539
v -58.446457 9.781387 -316.369568
v -52.460159 14.493744 -330.000000
v -58.446457 8.456060 -311.796661
v -58.446457 6.901135 -306.431519
v -55.044769 9.578912 -314.176941
v -56.985455 9.345908 -314.225342
v -48.095497 15.049309 -330.000000
v -57.833382 7.383740 -307.827454
v -58.446457 7.310133 -307.842743
v -54.540306 8.353012 -315.325592
v -57.064880 5.516194 -309.577301
v -58.446457 2.709481 -306.431549
v -53.956993 7.691046 -316.653748
v -53.956997 6.243539 -316.653748
v -50.976349 8.589878 -323.440491
v -48.095505 10.857649 -330.000000
v -52.429615 8.304087 -323.092682
v -58.446457 5.308694 -315.399902
v -58.446457 5.589728 -316.369568
v -52.460159 10.302085 -330.000000
v -55.922161 7.576830 -322.117249
v -55.922161 7.610079 -322.117249
v -58.446457 6.848863 -316.369568
v -58.446453 16.519617 -228.369995
v -38.211990 11.629488 -254.934708
v -34.279610 14.077866 -255.419037
v -32.750881 13.923407 -257.130066
v -34.484795 12.426740 -257.490662
v -36.230888 14.275018 -253.235031
v -35.390949 13.385924 -255.282150
v -29.943682 12.292883 -262.126038
v -28.082451 13.451721 -262.355286
v -15.553593 12.185840 -276.378357
v -58.446453 12.083189 -234.476654
v -15.553593 7.749411 -282.484985
v -42.082947 11.411086 -254.402496
v -37.461887 11.868699 -261.092377
v -58.446457 15.986694 -240.884750
v -47.064835 14.836726 -253.623764
v -40.867676 14.210582 -260.559998
v -15.553593 11.652916 -288.893097
v -39.255177 15.214558 -260.758606
v -38.576221 14.495868 -262.413361
v -40.713844 16.758585 -257.203522
v -39.960388 17.408947 -257.046844
v -43.373344 17.135118 -254.078415
v -58.446457 20.423122 -234.778091
v -38.771435 18.435213 -256.799591
v -35.105053 17.798506 -261.269745
v -34.511105 18.004761 -261.568024
v -15.553595 16.089346 -282.786438
v -39.078171 17.377455 -254.668961
v -34.457111 17.835064 -261.358826
v -34.429825 17.816299 -261.363098
v -37.304779 15.034542 -253.101791
v -38.346489 17.449909 -255.728195
v -37.993603 16.631685 -254.838486
v -45.814827 -12.499998 -136.220108
v -45.877239 1.499725 -138.141876
v -45.893559 5.159952 -138.644318
v -45.997608 28.499998 -141.848236
v -44.539085 7.615100 -139.025665
v -40.027145 -12.499998 -136.408051
v -40.074303 -1.922294 -137.860077
v -40.105164 5.000394 -138.810364
v -40.209927 28.499998 -142.036163
v -40.132042 -2.125446 -139.638000
v -40.269726 28.499998 -143.877548
v -40.225883 4.575640 -142.527664
v -40.269726 21.673740 -143.877563
v -40.359543 17.967613 -146.643509
v -40.406494 28.499998 -148.089294
v -40.223717 -12.499998 -142.461182
v -40.756401 28.499998 -148.077942
v -46.011402 -12.499998 -142.273254
v -46.075672 1.916615 -144.252228
v -46.101639 7.741443 -145.051819
v -46.194183 28.499998 -147.901352
v -42.774471 15.167548 -146.180328
v -43.657421 6.300076 -144.933121
v -44.133907 24.583855 -147.430115
v -46.060791 0.853899 -143.793961
v -45.937782 8.317980 -140.006134
v -42.626278 28.499998 -146.044067
v -58.410400 -12.500000 -160.555389
v -38.707088 28.499998 -150.306976
v -54.491211 -12.500000 -164.818298
v -49.506706 -12.500000 -160.235748
v -33.722580 28.499998 -145.724442
v -37.641762 28.499998 -141.461517
v -53.425888 -12.500000 -155.972824
v -27.755726 -12.499998 -162.913300
v -53.947224 28.499996 -165.985794
v -27.081043 -12.499998 -168.664581
v -53.272549 28.499996 -171.737091
v -58.446453 28.499996 -172.344040
v -58.446449 25.507805 -172.344040
v -34.166412 -12.499998 -169.495758
v -34.841099 -12.499998 -163.744461
v -58.446449 24.451653 -166.513580
v -58.446449 28.499996 -166.513580
v -55.841476 -12.500000 -207.397736
v -47.379749 -10.335531 -201.927139
v -49.843174 -11.185013 -205.400589
v -45.676651 -9.899887 -200.826065
v -23.736416 -4.287682 -186.641464
v -15.553579 -2.194552 -181.351166
v -23.133911 -4.133564 -186.251938
v -23.029444 -4.150114 -186.555435
v -45.954369 -10.775127 -207.901154
v -52.697548 -12.500000 -212.260681
v -42.700146 -9.942713 -205.797256
v -15.553579 -2.998752 -188.246704
v -41.210999 -9.429193 -203.697540
v -28.451130 -12.434752 -196.585129
v -28.706202 -12.499998 -196.750031
v -41.162750 -12.499998 -204.803314
v -25.731464 -9.856003 -194.826828
v -25.539402 -11.689945 -194.702667
v -15.553577 -9.135620 -188.246719
v -44.925156 -12.499998 -207.235748
v -27.323612 -11.933378 -194.030167
v -15.553577 -8.832277 -185.645721
v -31.850138 -12.499998 -191.887085
v -15.553577 -8.331417 -181.351181
v -23.217064 -10.291700 -186.305710
v -23.127014 -10.305965 -186.567322
v -23.736404 -10.154421 -186.641464
v -15.553579 -6.137306 -181.351166
v -44.125179 -12.499998 -199.823029
v -46.078514 -12.499998 -201.085876
v -39.670525 28.499998 -239.234436
v -27.949022 -12.499998 -221.456238
v -23.114498 -12.499996 -224.643723
v -34.835999 28.499998 -242.421921
v -35.149582 28.499998 -242.897537
v -26.836063 -12.499998 -230.288284
v -35.517818 23.140877 -243.456055
v -38.557564 28.499998 -248.066498
v -37.505955 24.821632 -246.471512
v -43.392086 28.499998 -244.879013
v -42.248905 28.499998 -245.632736
v -31.670586 -12.499998 -227.100800
v -42.370266 28.499998 -243.329208
v -41.741093 27.968098 -242.374924
v -41.704544 28.499998 -242.319489
v -58.446449 4.539058 -186.891739
v -15.553577 -6.183193 -179.812286
v -58.446449 4.483595 -185.031708
v -56.494865 4.172216 -190.627670
v -55.329987 3.857080 -189.632462
v -58.446449 4.657544 -190.865158
v -15.553579 -6.009245 -185.645721
v -58.446445 -1.522574 -190.865173
v -15.553577 -12.189362 -185.645737
v -58.446449 2.324106 -190.865158
v -58.446445 -1.696529 -185.031708
v -15.553576 -12.363316 -179.812286
v -58.446457 15.791330 -274.365417
v -43.099693 -12.499998 -235.472961
v -58.446461 25.721277 -290.141724
v -37.713158 -12.499998 -237.598465
v -41.642971 -12.499998 -247.557571
v -52.684509 12.707870 -275.539520
v -52.493355 7.502386 -275.055084
v -54.466721 11.140234 -280.056091
v -58.446457 18.476770 -290.141724
v -58.446457 8.546818 -274.365417
v -57.876213 8.654654 -274.761749
v -47.029514 -12.499998 -245.432068
v -40.539547 -12.499998 -277.408997
v -30.711008 12.820029 -254.623566
v -29.068060 17.052547 -250.814728
v -28.679390 18.053831 -249.913681
v -27.946075 17.516466 -250.803543
v -27.154612 15.330903 -253.477676
v -28.470676 12.179101 -256.274017
v -24.624474 28.500000 -240.513199
v -26.549501 23.540794 -244.975983
v -35.222385 -12.499998 -279.702576
v -25.570862 12.364003 -257.327515
v -25.296898 13.069782 -256.692383
v -22.863386 19.338932 -251.050781
v -22.409855 20.507305 -249.999359
v -19.307312 28.500000 -242.806747
v -23.118504 13.771851 -251.642212
v -27.030979 7.664460 -260.712494
v -25.304230 12.357754 -256.709381
v -28.778984 3.157693 -264.764862
v -20.373806 18.718739 -245.279205
v -20.453737 16.974522 -245.464508
v -22.058407 12.840611 -249.184601
v -25.342316 4.380692 -256.797668
v -15.979862 28.500000 -235.092743
v -27.091118 -0.124525 -260.851898
v -31.894936 -12.499998 -271.988556
v -24.675594 14.758457 -246.008698
v -22.946693 13.202862 -248.414795
v -37.212097 -12.499998 -269.695007
v -31.741772 1.592506 -257.013184
v -28.645409 9.569281 -249.834900
v -28.402653 9.350861 -250.172745
v -29.992971 6.097723 -252.958954
v -25.319078 15.229995 -245.227829
v -26.278893 15.665835 -244.348633
v -25.945591 15.901151 -244.241241
v -21.297024 28.500000 -232.799194
v -25.233692 15.260612 -245.231995
v -26.542213 16.202875 -244.959076
v -26.564793 16.196260 -245.011429
v -26.564150 16.210255 -245.009933
v -29.210300 9.759305 -251.144485
v -31.868118 1.838197 -257.306091
v -26.591007 16.219290 -245.072205
v -26.240658 23.269491 -244.259979
v -31.156639 8.360586 -255.656677
v -32.904644 3.853819 -259.709076
v -45.631481 28.499998 -292.437958
v -43.079536 -12.499998 -279.934326
v -43.109501 -12.018538 -280.081146
v -39.957714 28.499998 -293.595947
v -37.405769 -12.499998 -281.092316
v -37.663887 -8.353035 -282.356995
v -38.662376 -12.499998 -287.249298
v -38.427040 -9.360023 -286.096222
v -38.351868 -12.499998 -285.727905
v -41.214325 28.499998 -299.752960
v -43.645401 19.314804 -296.338928
v -46.314201 19.279676 -295.783081
v -46.418224 20.950937 -296.292755
v -46.888100 28.499998 -298.594971
v -44.336151 -12.499998 -286.091309
v -46.259258 20.811176 -295.513855
v -43.474384 -12.499998 -281.868958
v -58.446457 6.798941 -315.399902
v -15.553598 15.457138 -330.000000
v -15.553598 15.322224 -327.379425
v -58.446457 7.108473 -321.412231
v -27.697872 13.218555 -330.000000
v -58.446457 0.999570 -321.412231
v -27.697823 7.109662 -330.000000
v -15.553596 9.348242 -330.000000
v -44.024708 3.555803 -319.427734
v -43.218342 3.755535 -320.420166
v -58.446457 0.690042 -315.399902
v -41.078541 4.141238 -320.250580
v -15.553596 9.213327 -327.379425
v -47.713322 5.580799 -318.397552
v -58.446453 -4.640699 -299.239471
v -53.480747 -12.500000 -288.886841
v -58.446457 3.622950 -312.629089
v -48.259567 -12.500000 -291.391205
v -52.853558 -12.500000 -300.968872
v -58.446457 -3.648036 -312.629089
v -58.074734 -12.500000 -298.464478
v -58.446449 -11.911676 -299.239441
v -58.446457 -6.242670 -324.186707
v -20.046785 3.475530 -281.657593
v -21.714424 3.053483 -283.504578
v -21.741974 2.561084 -287.391235
v -15.553591 3.982193 -281.689606
v -15.553591 4.612669 -276.681213
v -58.446457 -6.974468 -330.000000
v -55.893402 -6.684290 -330.000000
v -17.449421 3.045123 -287.421814
v -15.553591 3.524920 -285.322113
v -15.553589 -0.150515 -285.322113
v -15.553589 -2.560759 -285.322113
v -16.979336 -1.374582 -286.901184
v -54.826664 -12.500000 -328.818542
v -55.893402 -12.500000 -330.000000
v -19.512970 -3.184807 -286.704529
v -58.446453 -12.500000 -325.550232
v -58.446453 -12.328354 -324.186707
v -24.571135 -3.755181 -286.668488
v -19.472704 -2.464869 -281.021790
v -15.553589 -1.473019 -276.681213
v -17.392771 1.236488 -278.718170
v -19.419792 -2.419442 -280.963196
v -15.553589 -1.224059 -276.681213
v -24.995699 0.236370 -287.138702
v -15.553591 4.252197 -276.681213
v -53.106018 6.834732 -208.730286
v -56.218872 3.225095 -208.075989
v -58.446449 0.642015 -207.607773
v -34.422493 28.499998 -212.657394
v -58.446445 -8.220158 -206.878006
v -54.094971 -3.174225 -207.792648
v -26.780005 28.499998 -213.534012
v -48.911320 2.836700 -208.882202
v -49.363029 4.197697 -208.942474
v -54.425026 -3.526018 -208.348495
v -51.292515 0.298635 -212.892487
v -58.446445 -7.919167 -212.962311
v -27.039568 28.499998 -219.563751
v -58.446449 0.942996 -213.692078
v -53.818314 4.520745 -214.517548
v -54.778015 5.196883 -214.463150
v -54.247063 5.812570 -214.574753
v -34.682053 28.499998 -218.687149
v -57.589668 1.763987 -210.384598
v -51.854622 8.362632 -210.545532
v -58.446457 28.499996 -235.192871
v -58.446457 24.506268 -232.782639
v -50.908501 28.499996 -229.964966
v -58.446457 28.499996 -227.603134
v -21.389286 -12.499996 -144.748856
v -15.553587 26.744949 -147.254547
v -20.814476 -12.499996 -150.528442
v -15.553587 24.222775 -150.864517
v -15.553587 22.879351 -152.787308
v -15.553589 28.500000 -153.220139
v -26.851124 -12.499998 -151.062637
v -20.754452 28.500000 -153.680389
v -27.425953 -12.499998 -145.283051
v -21.329277 28.500000 -147.900803
v -15.553589 28.500000 -147.389679
v -58.446449 14.603898 -148.774506
v -31.663347 1.144717 -130.000000
v -30.761787 0.607212 -130.000000
v -58.446449 13.731932 -155.299973
v -22.354313 -4.405272 -130.000000
v -58.446445 7.078001 -152.476089
v -26.382767 -9.034801 -130.000000
v -58.446445 7.949968 -145.950592
v -35.691841 -3.484791 -130.000000
v -33.655010 -4.699139 -130.000000
v -58.446449 12.361835 -189.049835
v -41.244404 28.499998 -186.865234
v -58.446449 7.023797 -193.693283
v -35.554459 28.499998 -190.786072
v -58.446445 0.933363 -190.028244
v -29.062521 28.499998 -186.296570
v -34.752472 28.499998 -182.375748
v -58.446449 6.271411 -185.384811
v -58.446445 6.274906 -168.473358
v -48.047611 28.499996 -178.703339
v -58.446442 -4.693394 -168.072998
v -42.915680 28.499998 -183.351593
v -58.446445 3.749881 -176.479446
v -46.866184 28.499998 -187.871674
v -58.446449 14.718174 -176.879791
v -51.998112 28.499996 -183.223419
v -28.863564 28.499998 -162.937866
v -15.553583 9.495419 -160.197998
v -28.657469 28.499998 -168.752396
v -15.553583 9.789692 -166.054947
v -35.979504 28.499998 -169.424530
v -15.553579 -0.665037 -165.219833
v -15.553579 -0.959317 -159.362869
v -36.185600 28.499998 -163.610001
v -27.757881 -12.499998 -193.812866
v -15.553583 3.423730 -199.919495
v -20.623178 -12.499996 -196.399185
v -15.553579 -5.885368 -198.935837
v -22.203377 -12.499996 -202.239838
v -15.553581 -3.823586 -205.567169
v -29.338066 -12.499998 -199.653534
v -15.553585 5.485494 -206.550827
v -58.446461 27.788057 -291.667023
v -16.438370 3.785360 -305.707672
v -16.467268 3.755974 -304.917603
v -15.553593 3.232917 -305.205994
v -15.553593 3.258326 -305.638031
v -58.446465 28.137877 -297.615204
v -15.553593 3.582735 -311.154175
v -58.446461 21.233765 -298.881012
v -15.553591 -3.321377 -312.419983
v -58.446457 20.883924 -292.932800
v -15.553591 -3.671213 -306.471771
v -17.021969 0.780613 -305.346222
v -15.553591 1.825829 -305.463959
v -26.623163 16.243814 -245.056473
v -50.858135 28.499996 -274.215485
v -15.553589 10.645676 -231.737793
v -26.582005 16.223000 -245.006958
v -53.194744 28.499996 -284.808624
v -32.221149 17.893167 -259.573639
v -29.294584 16.413136 -256.052429
v -31.267208 17.818157 -255.742874
v -22.024288 12.736381 -247.304977
v -20.902203 12.168917 -245.954910
v -15.553589 9.464000 -239.519562
v -58.446461 28.499996 -289.196442
v -34.413433 17.837528 -261.364838
v -21.096455 11.954623 -245.961411
v -58.446461 24.544704 -286.320831
v -37.437931 13.920207 -261.043793
v -32.750023 11.937656 -255.685669
v -33.481014 11.919104 -256.282928
v -15.553587 2.852792 -234.713013
v -33.313007 11.905892 -255.608261
v -58.446461 25.726374 -278.539032
v -42.312107 17.391878 -260.278870
v -41.902390 17.359659 -258.633545
v -38.687019 15.733572 -254.764877
v -15.553587 4.034466 -226.931229
v -58.446461 28.499996 -280.555542
v -37.342182 17.475401 -254.907639
v -26.589130 16.215139 -245.007202
v -58.446457 16.284679 -252.006042
v -15.553593 18.704731 -257.903320
v -58.446453 10.487844 -252.152710
v -15.553591 12.907893 -258.049957
v -58.446457 10.684731 -258.207245
v -15.553593 13.104784 -264.104523
v -58.446457 16.481565 -258.060577
v -15.553595 18.901615 -263.957825
v -33.528778 -12.499998 -279.868103
v -15.553589 0.342874 -281.263275
v -32.550732 -12.499998 -285.692596
v -15.553589 -0.355919 -287.011841
v -42.821823 -12.499998 -285.755127
v -15.553593 6.982544 -287.871582
v -43.799862 -12.499998 -279.930603
v -15.553593 7.681330 -282.122986
v -15.553602 28.500000 -323.856445
v -15.553602 27.880323 -323.456360
v -15.746872 28.500000 -323.862915
v -15.553602 28.500000 -322.223419
v -15.553587 -12.499996 -303.723083
v -15.553589 -8.253222 -304.239136
v -19.601406 -12.499996 -303.748627
v -15.553589 -7.244160 -304.361755
v -15.553595 8.340765 -306.255676
v -19.773365 -12.499996 -297.916260
v -15.553595 9.226121 -300.529816
v -15.553587 -12.499996 -297.889618
v -32.983849 28.499998 -243.088531
v -15.553591 14.979832 -246.116592
v -42.426823 28.499998 -242.255798
v -15.553589 7.655176 -246.924347
v -42.106091 28.499998 -248.343597
v -15.553589 7.903955 -252.956436
v -32.663120 28.499998 -249.176315
v -15.553593 15.228611 -252.148682
v -39.373947 -12.499998 -202.515594
v -58.446453 19.381506 -214.786652
v -43.635975 -12.499998 -207.966339
v -58.446449 12.257113 -217.495255
v -58.128624 9.408448 -215.613159
v -58.446449 9.338842 -215.382660
v -58.446449 9.657253 -215.613159
v -58.446449 3.196174 -210.935852
v -49.056511 -12.500000 -204.894455
v -44.794487 -12.499998 -199.443726
v -58.446449 10.320549 -208.227249
v -58.446457 11.094115 -304.427185
v -15.553591 -6.323271 -323.727814
v -58.446457 6.077208 -308.955627
v -15.553589 -11.340178 -328.256287
v -58.446457 9.939173 -313.567932
v -15.553589 -9.880123 -330.000000
v -21.928581 -4.889538 -330.000000
v -58.446457 14.956076 -309.039490
v -15.553591 -4.300222 -330.000000
v -15.553593 -2.461311 -328.340118
v -22.710686 28.500000 -279.300995
v -58.446453 0.600704 -273.947266
v -58.446453 0.386543 -279.760193
v -22.436367 28.500000 -285.155029
v -58.446457 7.995288 -280.489227
v -32.182289 28.499998 -284.423981
v -58.446457 8.209459 -274.676300
v -32.456619 28.499998 -278.569946
v -58.446449 9.462075 -215.223679
v -15.553589 2.224730 -267.786957
v -58.446449 4.660365 -221.418167
v -15.553587 -2.576979 -273.981445
v -58.446449 8.163507 -228.408722
v -15.553589 0.926162 -280.972015
v -58.446449 12.965216 -222.214218
v -15.553591 5.727872 -274.777527
vn -0.9798 0.1530 -0.1291
vn 0.1306 -0.0000 -0.9914
vn 0.9798 -0.1530 0.1291
vn -0.1306 -0.0000 0.9914
vn -0.1306 -0.0001 0.9914
vn -0.3398 0.9320 0.1263
vn -0.3484 -0.0000 -0.9373
vn 0.3398 -0.9320 -0.1263
vn 0.3484 -0.0000 0.9373
vn -0.0875 0.9958 -0.0266
vn 0.2905 -0.0000 -0.9569
vn 0.0875 -0.9958 0.0266
vn -0.2905 -0.0000 0.9569
vn 0.0262 0.9996 -0.0078
vn -0.2870 -0.0000 -0.9579
vn -0.2870 -0.0008 -0.9579
vn -0.0262 -0.9996 0.0078
vn 0.2870 -0.0000 0.9579
vn 0.8631 -0.4956 -0.0973
vn -0.1121 -0.0000 -0.9937
vn -0.1120 -0.0000 -0.9937
vn -0.8631 0.4956 0.0973
vn -0.8631 0.4956 0.0974
vn 0.1121 -0.0000 0.9937
vn 0.1121 0.0001 0.9937
vn 0.5879 -0.8083 -0.0306
vn 0.5880 -0.8083 -0.0306
vn -0.0520 -0.0000 -0.9986
vn -0.5879 0.8083 0.0306
vn 0.0520 -0.0000 0.9986
vn -0.3705 -0.9276 -0.0487
vn 0.1302 -0.0000 -0.9915
vn 0.3705 0.9276 0.0487
vn -0.1302 -0.0000 0.9915
vn -0.2994 0.9494 0.0948
vn -0.3018 -0.0000 -0.9534
vn 0.2994 -0.9494 -0.0948
vn 0.3018 -0.0000 0.9534
vn 0.6592 0.6508 0.3768
vn 0.4963 -0.0000 -0.8681
vn -0.6592 -0.6508 -0.3768
vn -0.6591 -0.6508 -0.3768
vn -0.4963 -0.0000 0.8681
vn 0.3008 0.9529 -0.0377
vn 0.3008 0.9529 -0.0378
vn -0.1245 -0.0000 -0.9922
vn -0.3008 -0.9529 0.0377
vn -0.3008 -0.9529 0.0378
vn -0.3012 -0.9528 0.0376
vn 0.1245 -0.0000 0.9922
vn 0.9803 0.1615 -0.1135
vn -0.1150 -0.0000 -0.9934
vn -0.1150 -0.0001 -0.9934
vn -0.9803 -0.1615 0.1135
vn 0.1150 -0.0000 0.9934
vn 0.2587 -0.9585 -0.1199
vn 0.2586 -0.9585 -0.1198
vn 0.2586 -0.9585 -0.1199
vn -0.4205 -0.0000 -0.9073
vn -0.4206 -0.0000 -0.9073
vn -0.4204 -0.0000 -0.9074
vn -0.2587 0.9585 0.1199
vn -0.2586 0.9585 0.1199
vn 0.4205 -0.0000 0.9073
vn 0.1753 0.9691 0.1737
vn 0.1754 0.9691 0.1737
vn -0.7038 -0.0000 0.7104
vn -0.7038 -0.0000 0.7103
vn -0.1753 -0.9691 -0.1737
vn 0.7038 -0.0000 -0.7104
vn 0.3622 0.9283 0.0842
vn 0.3623 0.9283 0.0842
vn 0.2264 -0.0000 -0.9740
vn -0.3623 -0.9283 -0.0842
vn -0.3621 -0.9284 -0.0839
vn -0.2264 -0.0000 0.9740
vn -0.8134 -0.0744 -0.5769
vn -0.5785 -0.0000 0.8157
vn 0.8134 0.0744 0.5769
vn 0.5785 -0.0000 -0.8157
vn 0.0311 0.9985 0.0459
vn 0.8280 -0.0000 -0.5607
vn -0.0311 -0.9985 -0.0459
vn -0.8280 -0.0000 0.5607
vn -0.2372 -0.9415 0.2394
vn -0.7104 -0.0000 -0.7038
vn -0.7103 -0.0000 -0.7038
vn -0.7104 -0.0001 -0.7038
vn 0.2372 0.9415 -0.2394
vn 0.7104 -0.0000 0.7038
vn -0.2457 -0.9684 -0.0420
vn -0.1687 -0.0000 0.9857
vn -0.1686 -0.0000 0.9857
vn 0.2457 0.9684 0.0420
vn 0.1686 -0.0000 -0.9857
vn -0.1979 -0.8534 0.4823
vn 0.9251 -0.0000 0.3797
vn 0.1979 0.8534 -0.4823
vn -0.9251 -0.0000 -0.3797
vn 0.7338 0.6737 0.0875
vn -0.1184 -0.0000 0.9930
vn -0.7338 -0.6737 -0.0875
vn 0.1184 -0.0000 -0.9930
vn -0.4832 0.8603 -0.1625
vn 0.3187 -0.0000 -0.9479
vn 0.3187 -0.0000 -0.9478
vn 0.4832 -0.8603 0.1625
vn -0.3187 -0.0000 0.9478
vn -0.2243 0.9673 -0.1185
vn -0.4670 -0.0000 0.8842
vn 0.2243 -0.9673 0.1185
vn 0.4670 -0.0000 -0.8842
vn 0.9463 -0.1877 -0.2632
vn -0.2679 -0.0000 -0.9634
vn -0.9463 0.1877 0.2632
vn 0.2679 -0.0000 0.9634
vn -0.2122 0.9174 0.3368
vn 0.8461 -0.0000 0.5330
vn 0.2122 -0.9174 -0.3368
vn -0.8461 -0.0000 -0.5330
vn 0.1173 -0.9683 0.2205
vn -0.8829 -0.0000 0.4696
vn -0.8828 -0.0000 0.4697
vn -0.1173 0.9683 -0.2205
vn 0.8829 -0.0000 -0.4696
vn 0.0976 0.6038 0.7911
vn 0.9925 -0.0000 -0.1225
vn -0.0976 -0.6038 -0.7911
vn -0.9925 -0.0000 0.1225
vn -0.9485 -0.0000 0.3167
vn -0.2174 -0.7272 -0.6511
vn 0.8836 -0.3792 -0.2747
vn 0.2969 -0.0000 0.9549
vn 0.2967 -0.0000 0.9550
vn -0.8836 0.3792 0.2747
vn -0.8836 0.3793 0.2747
vn -0.2969 -0.0000 -0.9549
vn -0.0303 -0.4440 0.8955
vn -0.0303 -0.4442 0.8954
vn -0.9994 -0.0000 -0.0338
vn 0.0303 0.4439 -0.8956
vn 0.0303 0.4440 -0.8955
vn 0.0304 0.4440 -0.8955
vn 0.9994 -0.0000 0.0338
vn -0.0408 0.9991 -0.0066
vn 0.1606 -0.0000 -0.9870
vn 0.0408 -0.9991 0.0066
vn -0.1606 -0.0000 0.9870
vn -0.8538 -0.0548 0.5177
vn -0.5185 -0.0000 -0.8551
vn 0.8701 0.1267 0.4763
vn 0.4802 -0.0000 -0.8772
vn -0.8701 -0.1267 -0.4763
vn -0.4802 -0.0000 0.8772
vn 0.1252 0.9534 0.2746
vn -0.1252 -0.9534 -0.2746
vn -0.9099 -0.0000 0.4149
vn 0.2617 -0.9585 0.1130
vn 0.3964 -0.0000 -0.9181
vn -0.2617 0.9585 -0.1130
vn -0.3964 -0.0000 0.9181
vn 0.1786 0.9283 0.3262
vn 0.8772 -0.0000 -0.4801
vn 0.8772 -0.0000 -0.4800
vn -0.1786 -0.9283 -0.3262
vn -0.1809 -0.9271 -0.3283
vn -0.8772 -0.0000 0.4801
vn -0.0135 0.9985 0.0538
vn 0.9698 -0.0000 0.2439
vn 0.0135 -0.9985 -0.0538
vn -0.9698 -0.0000 -0.2439
vn 0.0134 0.0099 -0.9999
vn 0.0135 0.0098 -0.9999
vn 0.9999 -0.0000 0.0134
vn -0.0134 -0.0099 0.9999
vn -0.9999 -0.0000 -0.0134
vn -0.3365 -0.9415 -0.0174
vn 0.0516 -0.0000 -0.9987
vn 0.3365 0.9415 0.0174
vn -0.0516 -0.0000 0.9987
vn -0.0516 -0.0001 0.9987
vn 0.7419 -0.6459 0.1798
vn 0.7420 -0.6459 0.1798
vn 0.2355 -0.0000 -0.9719
vn -0.7419 0.6459 -0.1798
vn -0.2355 -0.0000 0.9719
vn -0.2355 -0.0001 0.9719
vn -0.2355 0.0001 0.9719
vn -0.8453 -0.4847 -0.2246
vn 0.2567 -0.0000 -0.9665
vn 0.8453 0.4848 0.2246
vn 0.8454 0.4846 0.2246
vn -0.2567 -0.0000 0.9665
vn -0.0753 -0.4630 -0.8831
vn -0.0753 -0.4630 -0.8832
vn -0.9964 -0.0000 0.0850
vn 0.0753 0.4630 0.8831
vn 0.9964 -0.0000 -0.0850
vn 0.9964 -0.0000 -0.0846
vn 0.0765 -0.9684 -0.2372
vn -0.9518 -0.0000 -0.3068
vn -0.0765 0.9684 0.2372
vn -0.0765 0.9684 0.2374
vn -0.0766 0.9684 0.2373
vn 0.9518 -0.0000 0.3068
vn -0.4915 -0.8534 0.1737
vn 0.3332 -0.0000 0.9429
vn 0.3332 -0.0000 0.9428
vn 0.4915 0.8534 -0.1737
vn -0.3332 -0.0000 -0.9428
vn -0.3332 -0.0000 -0.9429
vn 0.4933 0.0981 0.8643
vn 0.8685 -0.0000 -0.4957
vn -0.4933 -0.0981 -0.8643
vn -0.8685 -0.0000 0.4957
vn -0.7839 0.1044 0.6121
vn -0.6155 -0.0000 -0.7882
vn 0.7839 -0.1044 -0.6121
vn 0.6155 -0.0000 0.7882
vn 0.9668 -0.0469 -0.2513
vn -0.2515 -0.0000 -0.9678
vn -0.2516 -0.0000 -0.9678
vn -0.9668 0.0469 0.2513
vn 0.2516 -0.0000 0.9678
vn -0.1396 0.6580 0.7400
vn -0.1396 0.6580 0.7399
vn 0.9827 -0.0000 0.1854
vn 0.1396 -0.6580 -0.7400
vn -0.9827 -0.0000 -0.1854
vn -0.0611 0.9673 -0.2462
vn -0.9706 -0.0000 0.2408
vn 0.0611 -0.9673 0.2462
vn 0.9706 -0.0000 -0.2408
vn -0.3925 0.9174 0.0662
vn 0.1662 -0.0000 0.9861
vn 0.3925 -0.9174 -0.0662
vn -0.1662 -0.0000 -0.9861
vn -0.0863 -0.9683 0.2344
vn -0.0863 -0.9683 0.2343
vn -0.0864 -0.9683 0.2344
vn -0.9384 -0.0000 -0.3455
vn 0.0863 0.9683 -0.2344
vn 0.9384 -0.0000 0.3455
vn -0.3407 0.7272 0.5959
vn -0.8681 -0.0000 -0.4964
vn 0.3407 -0.7272 -0.5959
vn 0.8681 -0.0000 0.4964
vn 0.7935 -0.3792 0.4759
vn -0.5143 -0.0000 0.8576
vn -0.7935 0.3792 -0.4759
vn -0.7935 0.3793 -0.4759
vn 0.5143 -0.0000 -0.8576
vn 0.6965 -0.0193 0.7173
vn 0.7174 -0.0000 -0.6966
vn -0.6965 0.0193 -0.7173
vn -0.7174 -0.0000 0.6966
vn -0.1151 0.9915 0.0604
vn 0.4648 -0.0000 0.8854
vn 0.1151 -0.9915 -0.0604
vn -0.4648 -0.0000 -0.8854
vn 0.8431 -0.0000 -0.5378
vn 0.0223 -0.9991 0.0349
vn 0.0222 -0.9991 0.0349
vn -0.8431 -0.0000 0.5378
vn 0.9549 0.0548 0.2918
vn -0.2922 -0.0000 0.9563
vn -0.9549 -0.0548 -0.2918
vn 0.2922 -0.0000 -0.9563
vn 0.5788 0.7862 -0.2166
vn -0.3505 -0.0000 -0.9366
vn -0.5788 -0.7862 0.2166
vn 0.3505 -0.0000 0.9366
vn -0.0248 0.9274 0.3732
vn 0.0248 -0.9274 -0.3732
vn 0.9978 -0.0000 0.0664
vn -0.4743 0.8713 -0.1260
vn -0.4744 0.8713 -0.1260
vn -0.2568 -0.0000 0.9665
vn -0.2568 0.0001 0.9665
vn -0.2567 0.0002 0.9665
vn -0.2568 -0.0002 0.9665
vn 0.4743 -0.8713 0.1260
vn 0.2568 -0.0000 -0.9665
vn 0.2568 -0.0001 -0.9665
vn 0.2568 -0.0004 -0.9665
vn 0.2566 0.0015 -0.9665
vn -0.1213 0.9534 0.2763
vn -0.1214 0.9534 0.2763
vn 0.9156 -0.0000 0.4021
vn 0.1214 -0.9534 -0.2763
vn -0.9156 -0.0000 -0.4021
vn 0.4992 -0.7010 0.5093
vn -0.5558 -0.7100 -0.4325
vn -0.5557 -0.7100 -0.4324
vn -0.4992 0.7010 -0.5093
vn 0.5558 0.7100 0.4325
vn 0.0322 0.1361 0.9902
vn 0.0321 0.1361 0.9902
vn 0.9995 -0.0000 -0.0325
vn -0.0322 -0.1361 -0.9902
vn -0.0321 -0.1361 -0.9902
vn -0.9995 -0.0000 0.0325
vn -0.6523 0.4634 -0.5997
vn 0.6768 -0.0000 -0.7362
vn 0.6524 -0.4634 0.5998
vn 0.6524 -0.4634 0.5997
vn 0.6523 -0.4634 0.5997
vn -0.6768 -0.0000 0.7362
vn 0.8353 0.5410 0.0980
vn 0.8352 0.5411 0.0981
vn 0.1165 -0.0000 -0.9932
vn -0.8353 -0.5410 -0.0980
vn -0.8354 -0.5409 -0.0980
vn -0.1165 -0.0000 0.9932
vn -0.1764 0.9777 -0.1140
vn 0.5429 -0.0000 -0.8398
vn 0.1764 -0.9777 0.1140
vn -0.5429 -0.0000 0.8398
vn 0.4885 0.4609 0.7409
vn 0.8349 -0.0000 -0.5504
vn -0.4885 -0.4609 -0.7409
vn -0.8349 -0.0000 0.5504
vn -0.8349 -0.0000 0.5505
vn 0.2379 0.9709 0.0290
vn 0.2379 0.9709 0.0289
vn 0.1208 -0.0000 -0.9927
vn -0.2379 -0.9709 -0.0290
vn -0.2379 -0.9709 -0.0289
vn -0.1208 -0.0000 0.9927
vn 0.2057 0.8282 0.5213
vn 0.9302 -0.0000 -0.3671
vn -0.2057 -0.8282 -0.5213
vn -0.9302 -0.0000 0.3670
vn -0.9302 -0.0000 0.3671
vn -0.2829 0.6999 -0.6558
vn -0.2829 0.7000 -0.6558
vn 0.9182 -0.0000 -0.3961
vn 0.2829 -0.6999 0.6558
vn 0.2829 -0.7000 0.6558
vn -0.9182 -0.0000 0.3961
vn -0.9182 -0.0000 0.3962
vn 0.1909 0.2972 0.9355
vn 0.1909 0.2974 0.9355
vn 0.9798 -0.0000 -0.2000
vn -0.1909 -0.2972 -0.9355
vn -0.9798 -0.0000 0.2000
vn -0.1810 0.9822 0.0506
vn -0.1811 0.9822 0.0506
vn -0.2690 -0.0000 -0.9631
vn 0.1810 -0.9822 -0.0506
vn 0.1812 -0.9822 -0.0506
vn 0.2690 -0.0000 0.9631
vn 0.2443 0.8252 0.5093
vn 0.9016 -0.0000 -0.4325
vn -0.2443 -0.8252 -0.5093
vn -0.9016 -0.0000 0.4325
vn -0.1121 0.9859 -0.1241
vn 0.7422 -0.0000 -0.6702
vn 0.1121 -0.9859 0.1241
vn -0.7422 -0.0000 0.6702
vn 0.1136 0.0815 0.9902
vn 0.7540 -0.6561 -0.0325
vn -0.1136 -0.0815 -0.9902
vn -0.7540 0.6561 0.0325
vn 0.5106 -0.4443 -0.7362
vn 0.1879 -0.7778 0.5997
vn 0.9853 -0.1403 0.0980
vn 0.9853 -0.1403 0.0979
vn 0.0879 -0.0765 -0.9932
vn -0.9853 0.1403 -0.0980
vn -0.0879 0.0765 0.9932
vn 0.5087 0.8533 -0.1140
vn 0.5088 0.8533 -0.1140
vn 0.4096 -0.3565 -0.8397
vn 0.4095 -0.3566 -0.8397
vn 0.4096 -0.3564 -0.8398
vn 0.4098 -0.3564 -0.8397
vn 0.4099 -0.3562 -0.8397
vn -0.5087 -0.8533 0.1140
vn -0.5088 -0.8533 0.1140
vn -0.4096 0.3562 0.8398
vn -0.4096 0.3564 0.8398
vn -0.4613 0.5823 -0.6694
vn 0.5098 -0.4436 -0.7371
vn 0.4613 -0.5823 0.6694
vn -0.5098 0.4436 0.7371
vn 0.6711 0.0270 0.7409
vn 0.6298 -0.5480 -0.5504
vn -0.6711 -0.0270 -0.7409
vn -0.6298 0.5480 0.5504
vn 0.8168 0.5762 0.0289
vn 0.8168 0.5762 0.0290
vn 0.0911 -0.0793 -0.9927
vn -0.8168 -0.5762 -0.0290
vn -0.8168 -0.5762 -0.0289
vn -0.0911 0.0793 0.9927
vn 0.3391 0.0989 0.9355
vn 0.7391 -0.6432 -0.2000
vn -0.3391 -0.0989 -0.9355
vn -0.7391 0.6432 0.2000
vn 0.5082 0.8598 0.0506
vn -0.2029 0.1766 -0.9631
vn -0.5082 -0.8598 -0.0506
vn 0.2029 -0.1766 0.9631
vn 0.2030 -0.1765 0.9631
vn 0.2030 -0.1766 0.9631
vn 0.5627 0.8173 -0.1241
vn 0.5599 -0.4872 -0.6702
vn -0.5627 -0.8173 0.1241
vn -0.5599 0.4872 0.6702
vn 0.1376 -0.0251 0.9902
vn 0.1376 -0.0250 0.9902
vn 0.1375 -0.0251 0.9902
vn 0.0519 -0.9981 -0.0325
vn -0.1376 0.0251 -0.9902
vn -0.1376 0.0250 -0.9902
vn -0.0519 0.9981 0.0325
vn -0.0518 0.9981 0.0325
vn 0.5836 -0.8061 0.0980
vn 0.0060 -0.1164 -0.9932
vn -0.5836 0.8061 -0.0980
vn -0.0060 0.1164 0.9932
vn 0.0282 -0.5422 -0.8398
vn -0.9672 -0.2269 0.1140
vn 0.0063 -0.1206 -0.9927
vn 0.0063 -0.1204 -0.9927
vn 0.0061 -0.1207 -0.9927
vn -0.9819 0.1872 -0.0290
vn -0.9819 0.1872 -0.0289
vn -0.0063 0.1206 0.9927
vn 0.0873 -0.1092 0.9902
vn -0.6161 -0.7870 -0.0325
vn -0.0873 0.1092 -0.9902
vn 0.6161 0.7870 0.0325
vn 0.7670 0.2280 -0.5997
vn 0.7670 0.2279 -0.5998
vn -0.4172 -0.5329 -0.7362
vn -0.7670 -0.2280 0.5997
vn 0.4172 0.5329 0.7362
vn 0.0618 -0.6688 0.7409
vn 0.0618 -0.6687 0.7409
vn -0.5145 -0.6576 -0.5503
vn -0.5146 -0.6574 -0.5504
vn -0.0618 0.6688 -0.7409
vn 0.5146 0.6574 0.5504
vn 0.5146 0.6574 0.5505
vn 0.6178 -0.7858 0.0290
vn -0.0745 -0.0951 -0.9927
vn -0.6178 0.7858 -0.0290
vn 0.0745 0.0951 0.9927
vn 0.5254 -0.6725 0.5213
vn -0.5734 -0.7325 -0.3671
vn -0.5734 -0.7325 -0.3670
vn -0.5253 0.6725 -0.5213
vn -0.5254 0.6725 -0.5213
vn 0.5734 0.7325 0.3671
vn 0.5734 0.7325 0.3670
vn -0.0000 -0.0000 1.0000
vn 1.0000 -0.0000 -0.0000
vn 1.0000 -0.0000 0.0001
vn 1.0000 -0.0000 -0.0002
vn -0.0000 -0.0000 -1.0000
vn -0.0000 1.0000 -0.0000
vn -1.0000 -0.0000 -0.0000
vn -1.0000 -0.0000 -0.0001
vn -0.0000 -1.0000 -0.0000
vn 0.1308 -0.0000 -0.9914
vn -0.1306 0.0001 0.9914
vn -0.1305 -0.0000 0.9914
vn -0.3484 -0.0000 -0.9374
vn 0.3399 -0.9320 -0.1263
vn 0.3484 -0.0000 0.9374
vn -0.8630 0.4956 0.0974
vn 0.1121 -0.0001 0.9937
vn 0.1120 -0.0000 0.9937
vn -0.0123 -0.0651 -0.9978
vn 0.1302 0.0001 -0.9915
vn -0.3018 -0.0001 -0.9534
vn -0.0994 -0.0000 -0.9950
vn -0.8945 -0.0000 -0.4470
vn -0.3018 0.0002 -0.9534
vn 0.2994 -0.9494 -0.0947
vn 0.3018 0.0002 0.9534
vn 0.6591 0.6508 0.3768
vn 0.4963 -0.0001 -0.8682
vn 0.3004 0.9531 -0.0376
vn -0.1245 -0.0001 -0.9922
vn -0.3009 -0.9529 0.0377
vn -0.3001 -0.9531 0.0378
vn 0.9803 0.1614 -0.1135
vn 0.1150 0.0001 0.9934
vn 0.1150 -0.0001 0.9934
vn -0.4204 -0.0000 -0.9073
vn -0.4203 -0.0000 -0.9074
vn -0.4203 -0.0003 -0.9074
vn 0.3748 -0.8994 -0.2249
vn 0.7039 -0.0000 -0.7103
vn 0.7038 -0.0000 -0.7103
vn -0.3621 -0.9283 -0.0842
vn -0.3621 -0.9284 -0.0842
vn 0.8280 0.0002 -0.5607
vn -0.7104 0.0001 -0.7038
vn 0.2371 0.9415 -0.2393
vn -0.0468 -0.0000 -0.9989
vn 0.9947 -0.0995 0.0249
vn 0.3187 0.0001 -0.9479
vn -0.3187 0.0002 0.9478
vn -0.7201 -0.0000 0.6939
vn 0.9463 -0.1877 -0.2631
vn -0.9463 0.1878 0.2632
vn -0.2122 0.9173 0.3369
vn -0.2104 0.9192 0.3328
vn -0.2111 0.9186 0.3340
vn -0.2123 0.9173 0.3369
vn -0.8461 -0.0000 -0.5331
vn -0.6370 -0.0000 -0.7709
vn 0.0046 -0.0000 -1.0000
vn -0.8889 -0.4444 0.1111
vn 0.6667 0.6667 0.3333
vn 0.8836 -0.3793 -0.2747
vn 0.2968 0.0001 0.9550
vn -0.0303 -0.4446 0.8952
vn -0.0303 -0.4441 0.8955
vn 0.2615 -0.9586 0.1130
vn 0.8773 -0.0000 -0.4800
vn -0.1786 -0.9283 -0.3263
vn -0.1785 -0.9283 -0.3262
vn 0.0135 0.0099 -0.9999
vn 0.9999 -0.0000 0.0135
vn 0.3366 0.9415 0.0174
vn 0.7419 -0.6460 0.1798
vn 0.8453 0.4847 0.2246
vn -0.2569 -0.0000 0.9665
vn -0.2569 -0.0000 0.9664
vn -0.9964 -0.0000 0.0849
vn 0.0744 0.4691 0.8800
vn 0.0753 0.4630 0.8832
vn 0.0753 0.4629 0.8832
vn 0.0765 -0.9684 -0.2373
vn -0.0764 0.9685 0.2371
vn -0.0767 0.9684 0.2372
vn 0.3131 -0.0000 0.9497
vn 0.8685 -0.0000 -0.4956
vn -0.8685 -0.0000 0.4956
vn 0.7838 -0.1044 -0.6121
vn 0.9668 -0.0468 -0.2513
vn -0.2515 0.0002 -0.9679
vn -0.2516 -0.0001 -0.9678
vn -0.2515 -0.0000 -0.9679
vn 0.7071 0.7071 -0.0000
vn 0.8681 0.0001 0.4964
vn -0.2923 -0.0000 0.9563
vn -0.9549 -0.0547 -0.2918
vn -0.4744 0.8712 -0.1260
vn -0.4747 0.8711 -0.1260
vn 0.4744 -0.8713 0.1260
vn -0.9156 -0.0000 -0.4022
vn 0.5557 0.7100 0.4324
vn 0.5558 0.7099 0.4325
vn 0.0322 0.1360 0.9902
vn 0.0321 0.1360 0.9902
vn 0.9995 -0.0000 -0.0324
vn -0.9995 -0.0000 0.0324
vn -0.6523 0.4634 -0.5998
vn -0.6524 0.4634 -0.5997
vn 0.8353 0.5409 0.0980
vn 0.1165 0.0001 -0.9932
vn -0.1166 -0.0000 0.9932
vn 0.9302 -0.0000 -0.3670
vn -0.0000 -0.8000 -0.6000
vn -0.9182 -0.0000 0.3960
vn -0.9798 0.0001 0.2000
vn -0.9798 -0.0001 0.2000
vn -0.1810 0.9822 0.0505
vn -0.2690 0.0002 -0.9631
vn 0.1812 -0.9821 -0.0506
vn 0.1811 -0.9822 -0.0506
vn 0.1809 -0.9822 -0.0505
vn 0.2690 0.0001 0.9631
vn 0.1120 -0.9859 0.1241
vn 0.1119 -0.9859 0.1242
vn -0.7422 -0.0000 0.6701
vn 0.7541 -0.6559 -0.0327
vn 0.7540 -0.6561 -0.0324
vn 0.9853 -0.1402 0.0980
vn -0.9853 0.1402 -0.0980
vn -0.0880 0.0765 0.9932
vn 0.5088 0.8533 -0.1141
vn 0.4095 -0.3567 -0.8397
vn 0.4096 -0.3563 -0.8398
vn 0.4096 -0.3565 -0.8398
vn -0.5087 -0.8534 0.1140
vn 0.4613 -0.5824 0.6694
vn 0.5081 0.8598 0.0506
vn 0.5081 0.8598 0.0505
vn 0.5084 0.8596 0.0511
vn 0.5082 0.8598 0.0505
vn 0.5078 0.8600 0.0510
vn 0.5082 0.8597 0.0506
vn -0.5086 -0.8595 -0.0506
vn 0.5599 -0.4873 -0.6701
vn 0.5599 -0.4872 -0.6701
vn -0.5626 -0.8173 0.1242
vn -0.5599 0.4873 0.6701
vn -0.5600 0.4873 0.6701
vn 0.1375 -0.0250 0.9902
vn 0.0518 -0.9981 -0.0325
vn -0.1375 0.0252 -0.9902
vn -0.1375 0.0251 -0.9902
vn 0.5835 -0.8062 0.0980
vn 0.0060 -0.1163 -0.9932
vn 0.0064 -0.1206 -0.9927
vn 0.0072 -0.1205 -0.9927
vn -0.9819 0.1873 -0.0289
vn 0.0873 -0.1093 0.9902
vn -0.6161 -0.7870 -0.0324
vn 0.7671 0.2280 -0.5997
vn 0.7670 0.2280 -0.5998
vn -0.4172 -0.5328 -0.7362
vn 0.0618 -0.6688 0.7408
vn -0.5144 -0.6577 -0.5502
vn -0.5147 -0.6574 -0.5504
vn -0.5146 -0.6574 -0.5505
vn 0.5253 -0.6725 0.5213
vn -0.5734 -0.7324 -0.3671
vn -0.5733 -0.7325 -0.3671
vn 1.0000 -0.0000 -0.0004
vn 1.0000 -0.0000 -0.0001
vn 1.0000 -0.0000 0.0002
vn -1.0000 -0.0000 0.0001
vt 0.500994 0.000000
vt 0.497241 0.073059
vt 0.496613 0.000000
vt 0.506436 0.000000
vt 0.506099 0.051825
vt 0.501110 0.000000
vt 0.506222 0.116916
vt 0.510422 0.000000
vt 0.514911 0.169854
vt 0.503144 0.250000
vt 0.501814 0.095393
vt 0.498763 0.250000
vt 0.487906 0.027470
vt 0.488188 0.250000
vt 0.487906 0.223243
vt 0.515285 0.039550
vt 0.519527 0.163839
vt 0.487906 0.250000
vt 0.519900 0.033536
vt 0.531123 0.048640
vt 0.525339 0.250000
vt 0.521270 0.250000
vt 0.531123 0.231347
vt 0.531123 0.250000
vt 0.488098 0.283972
vt 0.488082 0.284048
vt 0.499559 0.367903
vt 0.503807 0.348174
vt 0.522328 0.263985
vt 0.532009 0.421543
vt 0.532413 0.500000
vt 0.511846 0.500000
vt 0.495684 0.500000
vt 0.531554 0.333402
vt 0.507684 0.750000
vt 0.503768 0.632607
vt 0.508416 0.619082
vt 0.504953 0.533644
vt 0.523588 0.661592
vt 0.519243 0.750000
vt 0.518972 0.655577
vt 0.521706 0.888853
vt 0.517414 0.868920
vt 0.501280 0.957541
vt 0.501110 1.000000
vt 0.500994 1.000000
vt 0.503517 0.936218
vt 0.505353 0.915533
vt 0.504967 0.942952
vt 0.497171 0.917269
vt 0.497033 0.937812
vt 0.510422 1.000000
vt 0.506436 1.000000
vt 0.506184 0.980316
vt 0.503112 0.750000
vt 0.505086 0.894665
vt 0.500675 0.923018
vt 0.501419 0.936998
vt 0.496613 1.000000
vt 0.488433 0.897872
vt 0.531123 1.000000
vt 0.502499 0.963201
vt 0.504255 0.000000
vt 0.505617 0.250000
vt 0.498567 0.000000
vt 0.497621 0.250000
vt 0.487330 0.244608
vt 0.518135 0.000000
vt 0.515437 0.048313
vt 0.514396 0.000000
vt 0.519187 0.092402
vt 0.520077 0.021623
vt 0.524981 0.000000
vt 0.519610 0.000000
vt 0.518485 0.030775
vt 0.486428 0.000000
vt 0.480977 0.194600
vt 0.502092 0.186089
vt 0.503004 0.250000
vt 0.529159 0.250000
vt 0.525182 0.017720
vt 0.497159 0.317945
vt 0.510324 0.325705
vt 0.505077 0.291669
vt 0.497540 0.426050
vt 0.494799 0.500000
vt 0.496826 0.343679
vt 0.501988 0.303082
vt 0.497932 0.395817
vt 0.488038 0.401007
vt 0.484488 0.500000
vt 0.484065 0.494203
vt 0.483990 0.500000
vt 0.500742 0.399110
vt 0.499434 0.500000
vt 0.504677 0.442829
vt 0.504334 0.403319
vt 0.505176 0.404306
vt 0.525917 0.500000
vt 0.516030 0.415444
vt 0.519857 0.500000
vt 0.520128 0.479095
vt 0.496581 0.500000
vt 0.498182 0.500000
vt 0.482580 0.473826
vt 0.479504 0.500000
vt 0.478663 0.350583
vt 0.487105 0.259789
vt 0.496657 0.324281
vt 0.485691 0.368823
vt 0.505173 0.500000
vt 0.503935 0.500000
vt 0.494318 0.548374
vt 0.503343 0.628146
vt 0.500106 0.581864
vt 0.497537 0.545149
vt 0.498318 0.612466
vt 0.482558 0.560834
vt 0.485365 0.575387
vt 0.482742 0.596039
vt 0.484172 0.509964
vt 0.487741 0.688978
vt 0.483545 0.750000
vt 0.498806 0.563284
vt 0.520663 0.548642
vt 0.520652 0.739893
vt 0.492240 0.750000
vt 0.487955 0.730078
vt 0.479504 0.621524
vt 0.479504 0.750000
vt 0.487323 0.750000
vt 0.520537 0.750000
vt 0.521463 0.750000
vt 0.514933 0.500000
vt 0.518196 0.696749
vt 0.486754 0.500000
vt 0.484116 0.793989
vt 0.484218 0.976227
vt 0.484886 0.750000
vt 0.492860 0.797789
vt 0.485616 0.806277
vt 0.522594 0.750000
vt 0.524523 0.898761
vt 0.485254 0.778377
vt 0.484526 1.000000
vt 0.486428 1.000000
vt 0.503209 0.919395
vt 0.498567 1.000000
vt 0.497963 0.953431
vt 0.518135 1.000000
vt 0.519323 0.977797
vt 0.519610 1.000000
vt 0.518393 0.973222
vt 0.514396 1.000000
vt 0.513752 0.950392
vt 0.525835 1.000000
vt 0.524981 1.000000
vt 0.525344 0.962132
vt 0.503513 0.166212
vt 0.505231 0.037649
vt 0.521749 0.011349
vt 0.501233 0.000000
vt 0.494096 0.000000
vt 0.489567 0.138488
vt 0.486796 0.000000
vt 0.529767 0.000000
vt 0.530759 0.000000
vt 0.530260 0.049020
vt 0.491973 0.250000
vt 0.495475 0.221459
vt 0.496305 0.250000
vt 0.525448 0.150448
vt 0.525274 0.198121
vt 0.529191 0.154191
vt 0.528218 0.250000
vt 0.482765 0.250000
vt 0.481327 0.250000
vt 0.481568 0.226258
vt 0.506232 0.500000
vt 0.488514 0.462446
vt 0.506616 0.374588
vt 0.482325 0.393785
vt 0.480817 0.416256
vt 0.484281 0.482996
vt 0.487137 0.500000
vt 0.484229 0.500000
vt 0.527452 0.500000
vt 0.482193 0.437078
vt 0.480561 0.500000
vt 0.505626 0.623696
vt 0.504347 0.703454
vt 0.486718 0.514393
vt 0.484847 0.578649
vt 0.506836 0.503494
vt 0.504969 0.750000
vt 0.500892 0.750000
vt 0.493934 0.919670
vt 0.486796 1.000000
vt 0.486330 0.767635
vt 0.483102 0.750000
vt 0.500499 0.760109
vt 0.501233 1.000000
vt 0.505494 0.921346
vt 0.521172 0.797878
vt 0.525693 0.901296
vt 0.525873 0.959908
vt 0.528017 0.927163
vt 0.529767 1.000000
vt 0.527942 0.902942
vt 0.530380 0.876323
vt 0.529993 0.750000
vt 0.525294 0.770909
vt 0.494674 0.017727
vt 0.492953 0.000000
vt 0.495139 0.000000
vt 0.495608 0.218243
vt 0.495732 0.250000
vt 0.487119 0.250000
vt 0.526843 0.215000
vt 0.527647 0.250000
vt 0.525415 0.250000
vt 0.487227 0.368233
vt 0.522604 0.264671
vt 0.527753 0.367313
vt 0.495307 0.460350
vt 0.490601 0.500000
vt 0.490553 0.446908
vt 0.506343 0.445973
vt 0.498017 0.500000
vt 0.498003 0.499866
vt 0.483665 0.500000
vt 0.497881 0.365383
vt 0.520323 0.445816
vt 0.511001 0.500000
vt 0.510900 0.388721
vt 0.520372 0.500000
vt 0.525280 0.712404
vt 0.495343 0.500000
vt 0.494108 0.692998
vt 0.510543 0.571180
vt 0.508345 0.677358
vt 0.482599 0.750000
vt 0.481886 0.678080
vt 0.486925 0.626185
vt 0.497962 0.644135
vt 0.498014 0.500177
vt 0.481405 0.726232
vt 0.481696 0.750000
vt 0.481313 0.735402
vt 0.481167 0.750000
vt 0.482428 0.937796
vt 0.524576 0.899511
vt 0.522030 0.866111
vt 0.524631 0.839393
vt 0.527784 0.796506
vt 0.527660 0.932588
vt 0.490171 0.750000
vt 0.492953 1.000000
vt 0.482559 0.793459
vt 0.517058 0.773633
vt 0.516941 0.902537
vt 0.521973 0.928799
vt 0.484276 0.879820
vt 0.480939 1.000000
vt 0.467057 0.250000
vt 0.468858 0.079103
vt 0.471867 0.250000
vt 0.510649 0.196627
vt 0.507304 0.152203
vt 0.510649 0.086783
vt 0.462350 0.000000
vt 0.472736 0.023574
vt 0.472962 0.000000
vt 0.473452 0.000000
vt 0.510649 0.250000
vt 0.500748 0.488269
vt 0.466232 0.500000
vt 0.471898 0.254017
vt 0.467662 0.326544
vt 0.500198 0.500000
vt 0.500062 0.500000
vt 0.499519 0.674681
vt 0.494420 0.574946
vt 0.511367 0.750000
vt 0.511382 0.749451
vt 0.511405 0.750000
vt 0.466232 0.750000
vt 0.466232 0.735889
vt 0.466752 0.750000
vt 0.505242 0.598663
vt 0.515404 0.500000
vt 0.473104 0.994054
vt 0.467979 0.934997
vt 0.511407 0.751191
vt 0.473452 1.000000
vt 0.472962 1.000000
vt 0.464007 0.866991
vt 0.492172 0.014423
vt 0.492093 0.000000
vt 0.492751 0.000000
vt 0.492179 0.015843
vt 0.480485 0.108972
vt 0.474764 0.250000
vt 0.475169 0.060829
vt 0.493537 0.225464
vt 0.513497 0.250000
vt 0.480958 0.250000
vt 0.489835 0.072555
vt 0.492850 0.302763
vt 0.493969 0.500000
vt 0.488062 0.500000
vt 0.487912 0.382874
vt 0.481372 0.418136
vt 0.482594 0.367780
vt 0.468694 0.500000
vt 0.485381 0.487123
vt 0.519298 0.376763
vt 0.524044 0.500000
vt 0.516306 0.500000
vt 0.515530 0.294440
vt 0.510540 0.500000
vt 0.482836 0.357836
vt 0.482206 0.357998
vt 0.482197 0.357197
vt 0.474458 0.262567
vt 0.470009 0.750000
vt 0.470995 0.707147
vt 0.471830 0.750000
vt 0.491981 0.695537
vt 0.510418 0.505863
vt 0.524580 0.750000
vt 0.486580 0.561190
vt 0.514873 0.568973
vt 0.496732 1.000000
vt 0.493061 0.945396
vt 0.493505 0.867118
vt 0.475300 1.000000
vt 0.479361 0.947322
vt 0.476830 0.843073
vt 0.473423 0.848422
vt 0.473844 0.832965
vt 0.477048 0.852048
vt 0.480839 0.774087
vt 0.469597 0.765092
vt 0.469230 0.750000
vt 0.492093 1.000000
vt 0.492952 0.940915
vt 0.494387 1.000000
vt 0.492751 1.000000
vt 0.467643 0.014257
vt 0.468922 0.000000
vt 0.468565 0.024211
vt 0.486296 0.206887
vt 0.493743 0.000000
vt 0.485652 0.250000
vt 0.498781 0.243843
vt 0.503350 0.000000
vt 0.508501 0.000000
vt 0.516159 0.000000
vt 0.515324 0.164971
vt 0.515589 0.250000
vt 0.504630 0.250000
vt 0.486507 0.000000
vt 0.480995 0.000000
vt 0.491300 0.250000
vt 0.495987 0.000000
vt 0.490497 0.297602
vt 0.505359 0.318906
vt 0.505328 0.320547
vt 0.505307 0.318378
vt 0.498645 0.251104
vt 0.502136 0.490713
vt 0.480472 0.500000
vt 0.486117 0.385155
vt 0.484395 0.500000
vt 0.486159 0.382320
vt 0.494186 0.500000
vt 0.487659 0.500000
vt 0.495123 0.437487
vt 0.472113 0.500000
vt 0.471910 0.484857
vt 0.473662 0.500000
vt 0.484212 0.750000
vt 0.482278 0.553066
vt 0.484881 0.629584
vt 0.473130 0.591931
vt 0.519516 0.750000
vt 0.473685 0.750000
vt 0.471000 0.735743
vt 0.473134 0.712699
vt 0.474421 0.750000
vt 0.476326 0.877099
vt 0.485290 0.821931
vt 0.507662 0.804115
vt 0.482552 0.884083
vt 0.503350 1.000000
vt 0.510885 0.975922
vt 0.493743 1.000000
vt 0.495667 0.981088
vt 0.495987 1.000000
vt 0.486507 1.000000
vt 0.487008 0.962703
vt 0.468922 1.000000
vt 0.470933 0.750000
vt 0.482896 0.000000
vt 0.483155 0.035761
vt 0.484152 0.250000
vt 0.503299 0.008816
vt 0.503330 0.000000
vt 0.504675 0.000000
vt 0.506711 0.000000
vt 0.510137 0.107441
vt 0.505867 0.062160
vt 0.483242 0.000000
vt 0.483214 0.011676
vt 0.493615 0.244908
vt 0.484416 0.055844
vt 0.478379 0.250000
vt 0.482616 0.000000
vt 0.480774 0.125845
vt 0.495200 0.000000
vt 0.499232 0.065748
vt 0.489611 0.000000
vt 0.490938 0.313663
vt 0.492289 0.367289
vt 0.490468 0.356233
vt 0.488220 0.250000
vt 0.489198 0.295482
vt 0.486837 0.270800
vt 0.493571 0.250973
vt 0.496302 0.407659
vt 0.489628 0.432410
vt 0.485884 0.357195
vt 0.488134 0.392005
vt 0.503384 0.500000
vt 0.499687 0.500000
vt 0.499939 0.477186
vt 0.524891 0.455507
vt 0.521480 0.500000
vt 0.520747 0.474654
vt 0.525240 0.423919
vt 0.497652 0.285214
vt 0.524985 0.500000
vt 0.524401 0.500000
vt 0.525507 0.452661
vt 0.500559 0.745778
vt 0.476569 0.750000
vt 0.524746 0.521548
vt 0.506675 0.669759
vt 0.502879 0.750000
vt 0.502170 0.697807
vt 0.522213 0.749456
vt 0.514711 0.750000
vt 0.507764 0.750000
vt 0.506959 0.750000
vt 0.506136 0.517624
vt 0.501218 0.750000
vt 0.522109 0.750000
vt 0.522206 0.750000
vt 0.506523 0.987763
vt 0.522212 0.750474
vt 0.510171 0.907016
vt 0.524963 1.000000
vt 0.511596 1.000000
vt 0.517439 0.979645
vt 0.482616 1.000000
vt 0.482855 0.996300
vt 0.482896 1.000000
vt 0.500618 0.753977
vt 0.498446 0.890121
vt 0.491826 0.780536
vt 0.487725 0.823398
vt 0.493135 0.899283
vt 0.489034 0.942145
vt 0.495200 1.000000
vt 0.494366 0.924362
vt 0.504675 1.000000
vt 0.489611 1.000000
vt 0.509373 0.968889
vt 0.509175 0.941458
vt 0.488632 0.911168
vt 0.483242 1.000000
vt 0.482980 0.976192
vt 0.506711 1.000000
vt 0.510815 0.949035
vt 0.466137 0.203954
vt 0.462223 0.080639
vt 0.466047 0.079082
vt 0.489169 0.079646
vt 0.489170 0.193542
vt 0.485592 0.165960
vt 0.505977 0.145375
vt 0.511665 0.250000
vt 0.505244 0.250000
vt 0.518472 0.000000
vt 0.489170 0.250000
vt 0.488082 0.250000
vt 0.489170 0.225827
vt 0.482773 0.233996
vt 0.475746 0.250000
vt 0.481089 0.131232
vt 0.490248 0.201858
vt 0.482773 0.250000
vt 0.486737 0.351927
vt 0.488985 0.273225
vt 0.481941 0.409283
vt 0.475850 0.500000
vt 0.473651 0.427733
vt 0.476186 0.492915
vt 0.510783 0.500000
vt 0.509043 0.500000
vt 0.489446 0.257104
vt 0.504604 0.431606
vt 0.511330 0.500000
vt 0.469546 0.322185
vt 0.470822 0.254944
vt 0.467352 0.500000
vt 0.465617 0.500000
vt 0.474522 0.417732
vt 0.464159 0.435868
vt 0.462128 0.500000
vt 0.461674 0.488327
vt 0.504609 0.535213
vt 0.511330 0.690987
vt 0.511330 0.709044
vt 0.510387 0.750000
vt 0.511091 0.705538
vt 0.505286 0.666296
vt 0.505997 0.733338
vt 0.511330 0.578083
vt 0.465699 0.583175
vt 0.465671 0.621013
vt 0.465240 0.606271
vt 0.475736 0.510635
vt 0.470405 0.543823
vt 0.463526 0.547754
vt 0.497805 0.500000
vt 0.496127 0.736921
vt 0.487397 0.542874
vt 0.470372 0.589292
vt 0.467028 0.667357
vt 0.466433 0.647040
vt 0.465729 0.541917
vt 0.466512 0.542237
vt 0.492495 0.750000
vt 0.492495 0.741030
vt 0.492867 0.750000
vt 0.495418 0.839312
vt 0.491072 0.951071
vt 0.510463 0.844106
vt 0.518472 1.000000
vt 0.511330 0.750000
vt 0.482947 0.071657
vt 0.481261 0.000000
vt 0.486143 0.000000
vt 0.505008 0.000000
vt 0.503654 0.045382
vt 0.502462 0.000000
vt 0.483411 0.114992
vt 0.480202 0.000000
vt 0.480940 0.168055
vt 0.480658 0.103953
vt 0.488766 0.000000
vt 0.499428 0.179224
vt 0.512042 0.228983
vt 0.503615 0.250000
vt 0.502592 0.167438
vt 0.522357 0.218550
vt 0.517929 0.250000
vt 0.516845 0.144765
vt 0.526510 0.250000
vt 0.526553 0.242162
vt 0.528089 0.250000
vt 0.528388 0.212271
vt 0.525450 0.250000
vt 0.527457 0.000000
vt 0.521119 0.098409
vt 0.510576 0.110719
vt 0.510263 0.361187
vt 0.509084 0.250000
vt 0.513889 0.337328
vt 0.508207 0.493007
vt 0.520783 0.374997
vt 0.525205 0.257403
vt 0.526026 0.417559
vt 0.529249 0.315531
vt 0.528897 0.326166
vt 0.526654 0.393989
vt 0.526214 0.352481
vt 0.530156 0.444865
vt 0.520674 0.382177
vt 0.525787 0.500000
vt 0.518884 0.500000
vt 0.516355 0.353628
vt 0.519457 0.250000
vt 0.514132 0.500000
vt 0.530176 0.446741
vt 0.509265 0.500000
vt 0.530656 0.448168
vt 0.530022 0.500000
vt 0.518010 0.544573
vt 0.513696 0.542333
vt 0.529506 0.586776
vt 0.525994 0.601292
vt 0.525923 0.524577
vt 0.517970 0.588689
vt 0.518397 0.547321
vt 0.516711 0.649356
vt 0.530772 0.592965
vt 0.529447 0.598282
vt 0.530797 0.593083
vt 0.528669 0.750000
vt 0.529109 0.664125
vt 0.530798 0.592864
vt 0.491418 0.750000
vt 0.490798 0.750000
vt 0.491084 0.742834
vt 0.484958 0.750000
vt 0.483386 0.628735
vt 0.486283 0.693702
vt 0.524528 0.719558
vt 0.516544 0.662838
vt 0.488766 1.000000
vt 0.486314 0.983884
vt 0.485692 0.876606
vt 0.530108 0.750000
vt 0.527991 0.922426
vt 0.485403 0.826725
vt 0.482853 0.750000
vt 0.481442 0.883054
vt 0.490406 0.845447
vt 0.494186 0.820456
vt 0.499868 0.976136
vt 0.503113 0.938610
vt 0.505008 1.000000
vt 0.502462 1.000000
vt 0.486143 1.000000
vt 0.480887 0.935449
vt 0.481261 1.000000
vt 0.480202 1.000000
vt 0.481195 0.906335
vt 0.504418 0.066090
vt 0.505724 0.231084
vt 0.503458 0.170247
vt 0.500881 0.212312
vt 0.500664 0.250000
vt 0.493446 0.157347
vt 0.501649 0.030448
vt 0.512146 0.000000
vt 0.498414 0.036616
vt 0.497624 0.038121
vt 0.498031 0.026490
vt 0.474738 0.000000
vt 0.468870 0.004345
vt 0.468870 0.000000
vt 0.496995 0.000000
vt 0.499776 0.072693
vt 0.493229 0.250000
vt 0.487003 0.221471
vt 0.493253 0.226268
vt 0.486975 0.250000
vt 0.479537 0.154852
vt 0.486001 0.267252
vt 0.487098 0.400599
vt 0.484077 0.385767
vt 0.493273 0.302946
vt 0.495253 0.312666
vt 0.493376 0.428278
vt 0.495951 0.398665
vt 0.493435 0.500000
vt 0.486993 0.272120
vt 0.496944 0.250000
vt 0.493329 0.431181
vt 0.468870 0.250000
vt 0.477194 0.658323
vt 0.467506 0.500000
vt 0.487246 0.567427
vt 0.487180 0.500000
vt 0.493481 0.547498
vt 0.492893 0.563094
vt 0.493496 0.562631
vt 0.488532 0.678593
vt 0.491035 0.750000
vt 0.497100 0.644824
vt 0.498545 0.665692
vt 0.499263 0.741353
vt 0.499457 0.750000
vt 0.497032 0.750000
vt 0.497931 0.681935
vt 0.495362 0.750000
vt 0.500120 0.738029
vt 0.500594 0.620454
vt 0.504221 0.750000
vt 0.499832 0.739147
vt 0.500026 0.750000
vt 0.499762 0.750000
vt 0.510783 0.500000
vt 0.495702 0.773955
vt 0.495451 0.757761
vt 0.502472 0.908045
vt 0.496995 1.000000
vt 0.478270 0.982662
vt 0.496517 0.922941
vt 0.492451 0.794690
vt 0.495529 0.775054
vt 0.467506 0.750000
vt 0.479248 0.750000
vt 0.467901 0.822385
vt 0.476835 0.894310
vt 0.476345 0.864147
vt 0.502263 0.926875
vt 0.497915 0.916934
vt 0.502728 0.924595
vt 0.512146 1.000000
vt 0.498365 0.946013
vt 0.474738 1.000000
vt 0.468581 0.946967
vt 0.468343 0.903427
vt 0.528851 0.250000
vt 0.523500 0.000000
vt 0.523768 0.000000
vt 0.548274 0.103741
vt 0.549208 0.000000
vt 0.548708 0.113212
vt 0.547777 0.171154
vt 0.548579 0.250000
vt 0.547367 0.226602
vt 0.550526 0.000000
vt 0.548963 0.097307
vt 0.548912 0.117680
vt 0.552428 0.250000
vt 0.556445 0.000000
vt 0.570034 0.136665
vt 0.554038 0.250000
vt 0.540670 0.054744
vt 0.529571 0.183303
vt 0.543612 0.000000
vt 0.546025 0.250000
vt 0.538393 0.250000
vt 0.547194 0.250000
vt 0.547755 0.250000
vt 0.517693 0.250000
vt 0.517708 0.248178
vt 0.517746 0.250000
vt 0.520803 0.250000
vt 0.553087 0.208995
vt 0.547123 0.211852
vt 0.549726 0.324908
vt 0.551979 0.340681
vt 0.546929 0.303640
vt 0.551943 0.500000
vt 0.545955 0.500000
vt 0.552149 0.482989
vt 0.536274 0.500000
vt 0.526827 0.500000
vt 0.516725 0.445237
vt 0.545204 0.415553
vt 0.544786 0.500000
vt 0.543903 0.500000
vt 0.546905 0.305152
vt 0.546259 0.300626
vt 0.546510 0.250000
vt 0.546921 0.305258
vt 0.518779 0.500000
vt 0.553394 0.379822
vt 0.569121 0.250000
vt 0.567881 0.500000
vt 0.552409 0.500000
vt 0.516454 0.500000
vt 0.516754 0.450139
vt 0.546788 0.612752
vt 0.543937 0.530944
vt 0.543865 0.502317
vt 0.549941 0.750000
vt 0.527560 0.567960
vt 0.538813 0.717751
vt 0.521798 0.750000
vt 0.552630 0.587721
vt 0.563668 0.750000
vt 0.521477 0.750000
vt 0.519500 0.566804
vt 0.556085 0.927435
vt 0.550526 1.000000
vt 0.550365 0.967491
vt 0.519708 1.000000
vt 0.518469 0.750000
vt 0.523500 1.000000
vt 0.544488 0.750000
vt 0.551494 0.850804
vt 0.543612 1.000000
vt 0.523768 1.000000
vt 0.542131 0.903855
vt 0.549728 0.100868
vt 0.550655 0.000000
vt 0.551447 0.000000
vt 0.540756 0.000000
vt 0.538972 0.042597
vt 0.537784 0.000000
vt 0.503397 0.082803
vt 0.503713 0.000000
vt 0.507153 0.000000
vt 0.496171 0.250000
vt 0.535186 0.000000
vt 0.529961 0.250000
vt 0.529534 0.000000
vt 0.492332 0.000000
vt 0.494178 0.000000
vt 0.549612 0.107709
vt 0.537529 0.250000
vt 0.482580 0.250000
vt 0.485291 0.120999
vt 0.546090 0.000000
vt 0.484803 0.098371
vt 0.482219 0.250000
vt 0.537091 0.353034
vt 0.488704 0.250000
vt 0.495424 0.426007
vt 0.502491 0.312851
vt 0.501697 0.500000
vt 0.482151 0.266048
vt 0.506101 0.500000
vt 0.502479 0.704675
vt 0.485418 0.750000
vt 0.549315 0.750000
vt 0.545028 0.750000
vt 0.548374 0.647677
vt 0.507056 0.750000
vt 0.549492 0.750000
vt 0.549719 0.710871
vt 0.550386 0.750000
vt 0.546125 0.500000
vt 0.551447 1.000000
vt 0.550655 1.000000
vt 0.550658 0.814165
vt 0.537784 1.000000
vt 0.537722 0.985540
vt 0.540756 1.000000
vt 0.546090 1.000000
vt 0.507153 1.000000
vt 0.502724 0.767038
vt 0.493993 0.956486
vt 0.494178 1.000000
vt 0.492332 1.000000
vt 0.534859 0.923052
vt 0.535186 1.000000
vt 0.529534 1.000000
vt 0.462692 0.000000
vt 0.464217 0.000000
vt 0.464095 0.032600
vt 0.454412 0.250000
vt 0.483497 0.000000
vt 0.503874 0.250000
vt 0.483658 0.250000
vt 0.478504 0.250000
vt 0.479175 0.350435
vt 0.456081 0.500000
vt 0.464885 0.659307
vt 0.467527 0.750000
vt 0.466069 0.750000
vt 0.472337 0.749583
vt 0.472324 0.750000
vt 0.472337 0.750000
vt 0.463114 0.936852
vt 0.457124 0.750000
vt 0.467434 0.763851
vt 0.462692 1.000000
vt 0.464217 1.000000
vt 0.483497 1.000000
vt 0.506587 0.750000
vt 0.504917 1.000000
vt 0.470655 1.000000
vt 0.538813 0.000000
vt 0.529954 0.250000
vt 0.525557 0.002688
vt 0.515631 0.159460
vt 0.507988 0.250000
vt 0.506737 0.136594
vt 0.495946 0.000000
vt 0.516630 0.250000
vt 0.525276 0.500000
vt 0.513375 0.500000
vt 0.504733 0.500000
vt 0.539124 0.500000
vt 0.538813 0.250000
vt 0.495946 0.250000
vt 0.496257 0.500000
vt 0.520831 0.750000
vt 0.510616 0.750000
vt 0.539124 0.586016
vt 0.539124 0.750000
vt 0.536208 0.750000
vt 0.501974 0.750000
vt 0.511716 0.834472
vt 0.525443 0.996474
vt 0.495946 1.000000
vt 0.503383 0.858207
vt 0.538942 0.896096
vt 0.538813 1.000000
vt 0.471750 0.000000
vt 0.470258 0.019930
vt 0.470177 0.000000
vt 0.473255 0.250000
vt 0.464015 0.143961
vt 0.509642 0.000000
vt 0.477629 0.250000
vt 0.480586 0.126550
vt 0.476318 0.000000
vt 0.476938 0.250000
vt 0.459170 0.119520
vt 0.445007 0.250000
vt 0.447957 0.052159
vt 0.443080 0.250000
vt 0.460603 0.000000
vt 0.461385 0.250000
vt 0.463301 0.000000
vt 0.465741 0.000000
vt 0.472016 0.000000
vt 0.474779 0.064292
vt 0.514986 0.236432
vt 0.529127 0.000000
vt 0.522965 0.250000
vt 0.513632 0.250000
vt 0.464540 0.250000
vt 0.462744 0.250000
vt 0.515052 0.258357
vt 0.510963 0.500000
vt 0.510732 0.250000
vt 0.477118 0.500000
vt 0.477860 0.500000
vt 0.515276 0.500000
vt 0.464623 0.339623
vt 0.464772 0.500000
vt 0.462967 0.491052
vt 0.443245 0.428283
vt 0.473486 0.500000
vt 0.460805 0.483629
vt 0.445224 0.484466
vt 0.448449 0.477707
vt 0.448470 0.500000
vt 0.443299 0.486601
vt 0.445189 0.446742
vt 0.457649 0.296563
vt 0.456064 0.383447
vt 0.456172 0.500000
vt 0.457763 0.419334
vt 0.457837 0.500000
vt 0.458713 0.573036
vt 0.460820 0.500000
vt 0.460952 0.516008
vt 0.463533 0.750000
vt 0.446724 0.638443
vt 0.459663 0.652294
vt 0.514916 0.582579
vt 0.510783 0.541160
vt 0.529359 0.750000
vt 0.480783 0.622032
vt 0.479295 0.750000
vt 0.474976 0.684290
vt 0.462249 0.500000
vt 0.457106 0.613972
vt 0.443312 0.500000
vt 0.472247 0.750000
vt 0.513955 1.000000
vt 0.509754 0.878630
vt 0.514090 0.853119
vt 0.479115 1.000000
vt 0.476550 0.750000
vt 0.471803 0.943083
vt 0.465881 0.848162
vt 0.463470 0.818111
vt 0.460603 1.000000
vt 0.460802 0.784867
vt 0.470177 1.000000
vt 0.471750 1.000000
vt 0.463301 1.000000
vt 0.465740 1.000000
vt 0.449474 0.750000
vt 0.449243 1.000000
vt 0.476318 1.000000
vt 0.472016 1.000000
vt 0.462449 0.000000
vt 0.446765 0.250000
vt 0.442381 0.000000
vt 0.466982 0.000000
vt 0.466684 0.021978
vt 0.466198 0.000000
vt 0.471328 0.231863
vt 0.466545 0.250000
vt 0.465281 0.125563
vt 0.471467 0.232173
vt 0.471050 0.250000
vt 0.471552 0.250000
vt 0.471607 0.245941
vt 0.458621 0.250000
vt 0.471768 0.202958
vt 0.473171 0.250000
vt 0.469108 0.000000
vt 0.498908 0.250000
vt 0.458616 0.500000
vt 0.448257 0.500000
vt 0.467833 0.408340
vt 0.467450 0.401701
vt 0.498832 0.500000
vt 0.474662 0.500000
vt 0.471202 0.264883
vt 0.471330 0.259445
vt 0.471503 0.294262
vt 0.472680 0.409416
vt 0.473114 0.500000
vt 0.472467 0.488778
vt 0.471283 0.250000
vt 0.467559 0.419984
vt 0.472523 0.500000
vt 0.461177 0.500000
vt 0.464629 0.352743
vt 0.460664 0.449841
vt 0.499932 0.421722
vt 0.500399 0.500000
vt 0.462836 0.750000
vt 0.501444 0.558479
vt 0.473220 0.500000
vt 0.473072 0.553310
vt 0.472745 0.521506
vt 0.472641 0.511493
vt 0.468544 0.711383
vt 0.469067 0.750000
vt 0.467689 0.750000
vt 0.465496 0.750000
vt 0.464416 0.711551
vt 0.466370 0.664042
vt 0.445998 0.750000
vt 0.443872 0.750000
vt 0.465005 0.750000
vt 0.504866 0.750000
vt 0.467522 0.636005
vt 0.467026 0.599402
vt 0.466357 0.973381
vt 0.462449 1.000000
vt 0.442381 1.000000
vt 0.452982 0.921020
vt 0.469108 1.000000
vt 0.470289 0.802024
vt 0.466982 1.000000
vt 0.464608 0.898925
vt 0.466198 1.000000
vt 0.477190 0.250000
vt 0.473284 0.025780
vt 0.477619 0.057985
vt 0.472022 0.000000
vt 0.484211 0.010184
vt 0.484180 0.000000
vt 0.484861 0.000000
vt 0.472758 0.250000
vt 0.472783 0.250000
vt 0.472650 0.275291
vt 0.471686 0.500000
vt 0.500060 0.284182
vt 0.519608 0.250000
vt 0.499134 0.500000
vt 0.515602 0.500000
vt 0.475868 0.500000
vt 0.471966 0.726041
vt 0.471558 0.543269
vt 0.470950 0.750000
vt 0.476301 0.693836
vt 0.517800 0.750000
vt 0.518536 0.500000
vt 0.507808 0.750000
vt 0.515826 0.750000
vt 0.508258 0.855086
vt 0.518873 1.000000
vt 0.484496 0.963145
vt 0.484861 1.000000
vt 0.484180 1.000000
vt 0.482082 0.000000
vt 0.475978 0.250000
vt 0.475978 0.000000
vt 0.484760 0.250000
vt 0.493230 0.000000
vt 0.493305 0.006953
vt 0.510999 0.000000
vt 0.504839 0.034986
vt 0.504516 0.000000
vt 0.505569 0.114110
vt 0.491946 0.175815
vt 0.497791 0.250000
vt 0.491979 0.250000
vt 0.482373 0.484419
vt 0.499102 0.250000
vt 0.498596 0.299703
vt 0.488288 0.250000
vt 0.482798 0.500000
vt 0.496029 0.500000
vt 0.489678 0.500000
vt 0.496557 0.500000
vt 0.501786 0.623499
vt 0.495984 0.600399
vt 0.490685 0.750000
vt 0.482798 0.750000
vt 0.502708 0.670047
vt 0.492104 0.617530
vt 0.503823 0.750000
vt 0.503023 0.635890
vt 0.508454 0.750000
vt 0.480659 0.860248
vt 0.475978 1.000000
vt 0.480881 0.820276
vt 0.482082 1.000000
vt 0.493230 1.000000
vt 0.502730 0.824658
vt 0.510999 1.000000
vt 0.504516 1.000000
vt 0.489866 0.000000
vt 0.489395 0.104523
vt 0.489235 0.000000
vt 0.477764 0.000000
vt 0.477577 0.102404
vt 0.474518 0.250000
vt 0.480966 0.000000
vt 0.481999 0.000000
vt 0.482057 0.024102
vt 0.489980 0.199024
vt 0.493582 0.084284
vt 0.499087 0.250000
vt 0.493453 0.000000
vt 0.489924 0.101967
vt 0.477307 0.250000
vt 0.517695 0.000000
vt 0.498485 0.000000
vt 0.482601 0.250000
vt 0.474188 0.500000
vt 0.506164 0.500000
vt 0.517695 0.250000
vt 0.521493 0.500000
vt 0.492078 0.287827
vt 0.503687 0.500000
vt 0.490901 0.500000
vt 0.469948 0.500000
vt 0.505744 0.674528
vt 0.497176 0.750000
vt 0.503626 0.607592
vt 0.489610 0.528501
vt 0.489679 0.500000
vt 0.470686 0.750000
vt 0.474646 0.750000
vt 0.492926 0.750000
vt 0.489277 0.666999
vt 0.493025 0.685120
vt 0.521493 0.750000
vt 0.482106 0.694183
vt 0.488838 0.664881
vt 0.482074 0.750000
vt 0.489077 0.750000
vt 0.488708 0.750000
vt 0.475256 1.000000
vt 0.477764 1.000000
vt 0.479808 0.791420
vt 0.493320 0.936879
vt 0.493453 1.000000
vt 0.489866 1.000000
vt 0.501107 0.907366
vt 0.497763 0.855676
vt 0.488734 0.762111
vt 0.480966 1.000000
vt 0.489235 1.000000
vt 0.498485 1.000000
vt 0.481999 1.000000
vt 0.519557 0.250000
vt 0.525957 0.000000
vt 0.524329 0.250000
vt 0.517088 0.500000
vt 0.517123 0.496406
vt 0.517274 0.500000
vt 0.521860 0.500000
vt 0.516074 0.750000
vt 0.502684 0.750000
vt 0.507424 0.667727
vt 0.505078 0.750000
vt 0.505153 1.000000
vt 0.507172 0.962051
vt 0.546841 0.250000
vt 0.543163 0.250000
vt 0.542621 0.202610
vt 0.524581 0.000000
vt 0.540307 0.000000
vt 0.499907 0.232651
vt 0.498643 0.250000
vt 0.499729 0.130696
vt 0.508366 0.250000
vt 0.503902 0.241682
vt 0.507224 0.000000
vt 0.509338 0.067297
vt 0.551697 0.000000
vt 0.553206 0.000000
vt 0.552537 0.073525
vt 0.501452 0.250000
vt 0.505188 0.000000
vt 0.546985 0.283066
vt 0.550931 0.250000
vt 0.548822 0.500000
vt 0.544483 0.308307
vt 0.502213 0.424105
vt 0.499736 0.500000
vt 0.504163 0.250000
vt 0.509354 0.475986
vt 0.504951 0.500000
vt 0.525476 0.500000
vt 0.502007 0.377007
vt 0.503903 0.260289
vt 0.502544 0.500000
vt 0.499996 0.528619
vt 0.505500 0.603330
vt 0.502011 0.750000
vt 0.547057 0.654546
vt 0.554299 0.750000
vt 0.552354 0.594611
vt 0.552082 0.506455
vt 0.552795 0.584819
vt 0.508746 0.500000
vt 0.525647 0.756128
vt 0.505488 0.931417
vt 0.541896 0.929772
vt 0.551697 1.000000
vt 0.552972 0.943663
vt 0.507224 1.000000
vt 0.505188 1.000000
vt 0.490800 0.010100
vt 0.490351 0.250000
vt 0.486786 0.000000
vt 0.513286 0.182347
vt 0.506779 0.250000
vt 0.506342 0.094166
vt 0.490853 0.000000
vt 0.491268 0.005304
vt 0.513833 0.000000
vt 0.491288 0.000000
vt 0.491787 0.000000
vt 0.485849 0.250000
vt 0.470311 0.000000
vt 0.514630 0.500000
vt 0.486468 0.358486
vt 0.507507 0.377378
vt 0.513476 0.250000
vt 0.513792 0.305299
vt 0.490694 0.310020
vt 0.509836 0.697227
vt 0.503631 0.750000
vt 0.503595 0.726321
vt 0.488211 0.750000
vt 0.488173 0.739867
vt 0.488767 0.750000
vt 0.503666 0.809078
vt 0.509917 0.750000
vt 0.509995 0.881667
vt 0.513833 1.000000
vt 0.492471 0.792488
vt 0.490941 0.990301
vt 0.491319 0.994634
vt 0.486786 1.000000
vt 0.471107 0.750000
vt 0.491288 1.000000
vt 0.491787 1.000000
vt 0.563005 0.000000
vt 0.559710 0.176300
vt 0.561222 0.001915
vt 0.552801 0.131858
vt 0.555473 0.000000
vt 0.557804 0.096983
vt 0.563054 0.002019
vt 0.575079 0.000000
vt 0.559070 0.250000
vt 0.560108 0.000000
vt 0.528211 0.000000
vt 0.528484 0.000000
vt 0.528342 0.007073
vt 0.511196 0.122943
vt 0.507651 0.000000
vt 0.513756 0.000000
vt 0.530755 0.000000
vt 0.531497 0.118188
vt 0.559709 0.176265
vt 0.538334 0.054785
vt 0.540663 0.250000
vt 0.585047 0.250000
vt 0.569138 0.250000
vt 0.538113 0.000000
vt 0.542765 0.000000
vt 0.555530 0.250000
vt 0.554168 0.250000
vt 0.554858 0.220932
vt 0.579773 0.336112
vt 0.575710 0.493076
vt 0.575029 0.398865
vt 0.554717 0.325910
vt 0.562753 0.425826
vt 0.564633 0.500000
vt 0.563290 0.500000
vt 0.545056 0.427166
vt 0.540930 0.500000
vt 0.539335 0.279466
vt 0.516668 0.500000
vt 0.514860 0.250000
vt 0.560210 0.407656
vt 0.553289 0.459169
vt 0.555531 0.438567
vt 0.560878 0.500000
vt 0.513004 0.627056
vt 0.515564 0.750000
vt 0.509459 0.750000
vt 0.540498 0.606857
vt 0.541773 0.500000
vt 0.555753 0.750000
vt 0.561517 0.573735
vt 0.575445 0.531256
vt 0.575444 0.750000
vt 0.573233 0.750000
vt 0.567380 0.643190
vt 0.575444 0.500000
vt 0.559568 0.703725
vt 0.561805 0.606881
vt 0.553585 0.500000
vt 0.559047 0.676532
vt 0.558500 0.750000
vt 0.564813 0.750000
vt 0.560456 0.750000
vt 0.575881 0.889105
vt 0.577958 0.815430
vt 0.575476 0.945023
vt 0.542765 1.000000
vt 0.539764 0.771606
vt 0.543774 0.860570
vt 0.514555 0.889554
vt 0.507651 1.000000
vt 0.561593 0.794706
vt 0.559081 0.804256
vt 0.572393 0.866064
vt 0.575079 1.000000
vt 0.564358 0.812972
vt 0.572141 0.900909
vt 0.585047 1.000000
vt 0.576886 0.963662
vt 0.556013 0.925271
vt 0.553945 1.000000
vt 0.528211 1.000000
vt 0.523616 0.928661
vt 0.528503 0.977498
vt 0.528484 1.000000
vt 0.528637 0.978833
vt 0.530755 1.000000
vt 0.560539 0.940426
vt 0.563005 1.000000
vt 0.528827 0.952612
vt 0.560108 1.000000
vt 0.561177 1.000000
vt 0.427003 0.084160
vt 0.434348 0.250000
vt 0.418476 0.081073
vt 0.443182 0.239824
vt 0.440260 0.163438
vt 0.438308 0.000000
vt 0.455024 0.000000
vt 0.450193 0.250000
vt 0.446348 0.000000
vt 0.446359 0.063829
vt 0.444423 0.250000
vt 0.443768 0.207407
vt 0.475808 0.000000
vt 0.493194 0.250000
vt 0.477574 0.250000
vt 0.418734 0.000000
vt 0.418700 0.064069
vt 0.436930 0.000000
vt 0.439366 0.250000
vt 0.462990 0.250000
vt 0.454231 0.250000
vt 0.448380 0.250000
vt 0.476010 0.250000
vt 0.495203 0.000000
vt 0.502701 0.250000
vt 0.514198 0.000000
vt 0.522287 0.250000
vt 0.474173 0.000000
vt 0.443293 0.250000
vt 0.481956 0.414063
vt 0.472924 0.500000
vt 0.484706 0.422055
vt 0.444367 0.500000
vt 0.425017 0.500000
vt 0.435091 0.422770
vt 0.454573 0.329573
vt 0.446009 0.500000
vt 0.450738 0.376842
vt 0.521761 0.458342
vt 0.521940 0.500000
vt 0.520246 0.500000
vt 0.494269 0.500000
vt 0.503776 0.500000
vt 0.485041 0.500000
vt 0.482224 0.500000
vt 0.455484 0.500000
vt 0.463654 0.404433
vt 0.448820 0.352415
vt 0.439573 0.297961
vt 0.445088 0.404787
vt 0.448107 0.389856
vt 0.456099 0.750000
vt 0.455305 0.500000
vt 0.446741 0.750000
vt 0.448161 0.619213
vt 0.442750 0.750000
vt 0.480895 0.500000
vt 0.479354 0.750000
vt 0.479058 0.750000
vt 0.520760 0.570679
vt 0.462554 0.750000
vt 0.471087 0.750000
vt 0.423403 0.750000
vt 0.418935 0.687964
vt 0.423365 0.677244
vt 0.488109 0.750000
vt 0.515273 0.750000
vt 0.523362 0.500000
vt 0.496278 0.750000
vt 0.505785 0.750000
vt 0.493254 0.750000
vt 0.492211 0.750000
vt 0.492691 0.731637
vt 0.442066 0.712116
vt 0.493998 0.800399
vt 0.487068 0.992249
vt 0.495656 0.894607
vt 0.495203 1.000000
vt 0.463783 1.000000
vt 0.455024 1.000000
vt 0.445509 0.894845
vt 0.495759 0.870759
vt 0.505693 0.771521
vt 0.504711 1.000000
vt 0.514198 1.000000
vt 0.474173 1.000000
vt 0.472288 0.847288
vt 0.446106 0.897800
vt 0.446006 0.920980
vt 0.437077 0.965745
vt 0.441123 0.873157
vt 0.416509 0.847355
vt 0.427046 1.000000
vt 0.438308 1.000000
vt 0.436930 1.000000
vt 0.472825 0.890794
vt 0.464748 0.775656
vt 0.446348 1.000000
vt 0.446774 0.901101
vt 0.418476 1.000000
vt 0.418734 1.000000
vt 0.517576 0.250000
vt 0.507281 0.250000
vt 0.506555 0.146759
vt 0.478881 0.208721
vt 0.470597 0.250000
vt 0.470597 0.230709
vt 0.524224 0.000000
vt 0.520302 0.373858
vt 0.524224 0.250000
vt 0.521068 0.500000
vt 0.479458 0.250000
vt 0.495599 0.500000
vt 0.476716 0.500000
vt 0.514407 0.500000
vt 0.467574 0.500000
vt 0.468452 0.419933
vt 0.467441 0.500000
vt 0.467441 0.509500
vt 0.473223 0.750000
vt 0.467441 0.750000
vt 0.513796 0.586945
vt 0.508225 0.750000
vt 0.503771 0.680853
vt 0.508275 0.726174
vt 0.503626 0.750000
vt 0.496390 0.750000
vt 0.503849 0.643606
vt 0.493841 0.750000
vt 0.505152 0.667914
vt 0.495574 0.787077
vt 0.505132 0.950874
vt 0.524224 1.000000
vt 0.470597 1.000000
vt 0.468115 0.803370
vt 0.473949 0.816202
vt 0.508562 0.794985
vt 0.547824 0.500000
vt 0.544905 0.500000
vt 0.546280 0.412578
vt 0.547824 0.542521
vt 0.500926 0.242775
vt 0.502705 0.250000
vt 0.500919 0.250000
vt 0.496340 0.250000
vt 0.503294 0.094186
vt 0.497126 0.019279
vt 0.484555 0.000000
vt 0.507335 0.000000
vt 0.496806 0.500000
vt 0.502766 0.251494
vt 0.503919 0.250000
vt 0.506989 0.325494
vt 0.504977 0.435037
vt 0.503230 0.500000
vt 0.502763 0.250000
vt 0.484555 0.250000
vt 0.482847 0.500000
vt 0.500562 0.500000
vt 0.509079 0.406741
vt 0.511414 0.434308
vt 0.506612 0.346060
vt 0.508946 0.500000
vt 0.507619 0.500000
vt 0.514086 0.500000
vt 0.510208 0.500000
vt 0.497589 0.729765
vt 0.502106 0.750000
vt 0.482847 0.750000
vt 0.503362 0.538613
vt 0.505536 0.529784
vt 0.503434 0.559844
vt 0.508960 0.515881
vt 0.508530 0.750000
vt 0.500607 0.549797
vt 0.503377 0.560664
vt 0.502655 0.668254
vt 0.503758 0.654858
vt 0.507335 1.000000
vt 0.504807 0.897005
vt 0.517502 0.750000
vt 0.482894 0.000000
vt 0.484248 0.250000
vt 0.465783 0.250000
vt 0.485073 0.000000
vt 0.484269 0.243875
vt 0.484303 0.250000
vt 0.485385 0.000000
vt 0.501890 0.000000
vt 0.496896 0.250000
vt 0.488351 0.250000
vt 0.512357 0.000000
vt 0.504791 0.250000
vt 0.503964 0.175602
vt 0.503299 0.250000
vt 0.502940 0.186375
vt 0.489386 0.500000
vt 0.482479 0.499427
vt 0.501081 0.430690
vt 0.492711 0.500000
vt 0.490670 0.318970
vt 0.510571 0.466229
vt 0.503412 0.500000
vt 0.474191 0.500000
vt 0.489965 0.418349
vt 0.510865 0.430603
vt 0.512357 0.250000
vt 0.482480 0.501536
vt 0.473874 0.750000
vt 0.482498 0.500000
vt 0.483300 0.750000
vt 0.491302 0.750000
vt 0.510292 0.580058
vt 0.503336 0.506837
vt 0.498532 0.750000
vt 0.510292 0.692436
vt 0.510292 0.750000
vt 0.490211 0.750000
vt 0.490401 0.776798
vt 0.501890 1.000000
vt 0.490835 0.837944
vt 0.484694 0.946491
vt 0.505100 0.904559
vt 0.512357 1.000000
vt 0.485385 1.000000
vt 0.485073 1.000000
vt 0.465466 1.000000
vt 0.482894 1.000000
vt 0.490777 0.250000
vt 0.473746 0.000000
vt 0.490777 0.000000
vt 0.501874 0.453647
vt 0.518369 0.318547
vt 0.499746 0.500000
vt 0.488929 0.467513
vt 0.472895 0.500000
vt 0.501995 0.277868
vt 0.488907 0.500000
vt 0.499986 0.537892
vt 0.489018 0.750000
vt 0.487606 0.526558
vt 0.473574 0.750000
vt 0.518244 0.500000
vt 0.489597 0.750000
vt 0.489606 0.762823
vt 0.519047 0.929771
vt 0.473746 1.000000
vt 0.493602 0.750000
vt 0.498501 0.723457
vt 0.498501 0.750000
vt 0.498487 0.766070
vt 0.523026 0.000000
vt 0.526053 0.000000
vt 0.523341 0.037676
vt 0.507505 0.000000
vt 0.503571 0.031861
vt 0.503570 0.000000
vt 0.503570 0.250000
vt 0.507582 0.008049
vt 0.508058 0.250000
vt 0.523903 0.500000
vt 0.503038 0.500000
vt 0.533426 0.500000
vt 0.533884 0.447998
vt 0.540667 0.500000
vt 0.524964 0.379609
vt 0.521793 0.545265
vt 0.533291 0.552388
vt 0.523695 0.580714
vt 0.527584 0.750000
vt 0.520081 0.750000
vt 0.503038 0.630087
vt 0.511753 0.573160
vt 0.510062 0.750000
vt 0.507505 1.000000
vt 0.503038 0.750000
vt 0.546336 0.844497
vt 0.526725 0.994844
vt 0.523026 1.000000
vt 0.494818 0.030996
vt 0.494571 0.000000
vt 0.496006 0.000000
vt 0.497325 0.750000
vt 0.495890 0.750000
vt 0.496137 0.719005
vt 0.496586 0.890110
vt 0.495293 0.863011
vt 0.496006 1.000000
vt 0.501090 0.180811
vt 0.504537 0.250000
vt 0.500588 0.250000
vt 0.484703 0.068840
vt 0.467695 0.250000
vt 0.488919 0.000000
vt 0.493960 0.000000
vt 0.485642 0.250000
vt 0.508065 0.150061
vt 0.516541 0.000000
vt 0.517438 0.113750
vt 0.502017 0.000000
vt 0.496590 0.187494
vt 0.495055 0.000000
vt 0.518517 0.250000
vt 0.493250 0.500000
vt 0.495256 0.250000
vt 0.483636 0.500000
vt 0.466456 0.500000
vt 0.503298 0.500000
vt 0.496341 0.500000
vt 0.517278 0.500000
vt 0.482756 0.669620
vt 0.464579 0.750000
vt 0.500778 0.750000
vt 0.493815 0.750000
vt 0.497226 0.621876
vt 0.498097 0.604406
vt 0.496825 0.566677
vt 0.501213 0.696875
vt 0.513145 0.524825
vt 0.515401 0.750000
vt 0.511370 0.750000
vt 0.495611 0.530650
vt 0.491954 0.750000
vt 0.487680 0.750000
vt 0.495055 1.000000
vt 0.488919 1.000000
vt 0.465818 1.000000
vt 0.506881 1.000000
vt 0.516619 0.995671
vt 0.493960 1.000000
vt 0.516640 1.000000
vt 0.516541 1.000000
vt 0.530327 0.000000
vt 0.528843 0.064135
vt 0.529163 0.000000
vt 0.537847 0.250000
vt 0.530581 0.096923
vt 0.534854 0.177531
vt 0.535738 0.000000
vt 0.539956 0.209230
vt 0.539603 0.074255
vt 0.539408 0.000000
vt 0.540345 0.000000
vt 0.507471 0.250000
vt 0.546837 0.196427
vt 0.542983 0.250000
vt 0.547586 0.000000
vt 0.547541 0.250000
vt 0.547586 0.162707
vt 0.547586 0.250000
vt 0.543067 0.358634
vt 0.538082 0.285260
vt 0.543620 0.345331
vt 0.532300 0.447387
vt 0.537186 0.500000
vt 0.539339 0.250000
vt 0.547547 0.250927
vt 0.532631 0.645893
vt 0.532250 0.653076
vt 0.532323 0.625503
vt 0.528514 0.723569
vt 0.531996 0.750000
vt 0.534206 0.750000
vt 0.534524 0.610173
vt 0.535221 0.750000
vt 0.530327 1.000000
vt 0.528646 0.750000
vt 0.517342 0.750000
vt 0.529163 1.000000
vt 0.515672 1.000000
vt 0.535283 0.780203
vt 0.539994 0.912289
vt 0.535738 1.000000
vt 0.545482 1.000000
vt 0.545773 0.956412
vt 0.547586 1.000000
vt 0.541346 0.850006
vt 0.428165 0.000000
vt 0.389679 0.250000
vt 0.390729 0.000000
vt 0.440343 0.265534
vt 0.389910 0.500000
vt 0.440525 0.462276
vt 0.443188 0.500000
vt 0.440560 0.500000
vt 0.444767 0.260626
vt 0.443135 0.442656
vt 0.438911 0.474407
vt 0.439277 0.586065
vt 0.438935 0.500000
vt 0.444988 0.500000
vt 0.443274 0.525839
vt 0.422768 0.750000
vt 0.416108 0.750000
vt 0.419864 0.562893
vt 0.439221 0.586900
vt 0.428165 1.000000
vt 0.390728 1.000000
vt 0.415935 0.937538
vt 0.492043 0.000000
vt 0.496095 0.226311
vt 0.491925 0.224584
vt 0.511467 0.250000
vt 0.486363 0.250000
vt 0.516242 0.250000
vt 0.516758 0.204895
vt 0.517305 0.250000
vt 0.517566 0.250000
vt 0.517536 0.215446
vt 0.518178 0.250000
vt 0.517351 0.000000
vt 0.529113 0.250000
vt 0.511515 0.246361
vt 0.511518 0.250000
vt 0.516980 0.185543
vt 0.514501 0.018559
vt 0.495934 0.500000
vt 0.491890 0.286490
vt 0.496062 0.284010
vt 0.517555 0.277456
vt 0.516458 0.325779
vt 0.517484 0.500000
vt 0.511367 0.500000
vt 0.517496 0.430370
vt 0.525879 0.435048
vt 0.518759 0.369214
vt 0.517610 0.275023
vt 0.517558 0.270711
vt 0.529144 0.433109
vt 0.526200 0.500000
vt 0.496016 0.654220
vt 0.510244 0.592672
vt 0.486404 0.750000
vt 0.518975 0.613832
vt 0.512306 0.750000
vt 0.491845 0.655947
vt 0.529155 0.500000
vt 0.528286 0.670377
vt 0.517326 0.750000
vt 0.512656 0.785960
vt 0.516935 0.781995
vt 0.514536 0.978677
vt 0.517266 0.781688
vt 0.529113 1.000000
vt 0.491975 0.885033
vt 0.511221 0.787291
vt 0.496148 0.887513
vt 0.492043 1.000000
vt 0.517351 1.000000
vt 0.511304 1.000000
vt 0.452055 0.000000
vt 0.439796 0.250000
vt 0.439796 0.000000
vt 0.453448 0.445122
vt 0.452207 0.500000
vt 0.452063 0.475867
vt 0.443581 0.500000
vt 0.447740 0.332013
vt 0.448742 0.500000
vt 0.433968 0.500000
vt 0.436534 0.320051
vt 0.435882 0.477333
vt 0.437330 0.453532
vt 0.436017 0.500000
vt 0.430984 0.500000
vt 0.428155 0.500000
vt 0.430663 0.446141
vt 0.437608 0.500000
vt 0.440103 0.407972
vt 0.440651 0.500000
vt 0.452284 0.250000
vt 0.435837 0.335014
vt 0.438376 0.750000
vt 0.436900 0.654694
vt 0.442852 0.568615
vt 0.442026 0.750000
vt 0.436850 0.651512
vt 0.436757 0.685986
vt 0.434194 0.665229
vt 0.453772 0.503418
vt 0.452541 0.595514
vt 0.444300 0.750000
vt 0.430370 0.634244
vt 0.453547 0.750000
vt 0.446087 0.750000
vt 0.453080 0.750000
vt 0.450475 0.750000
vt 0.428155 0.717385
vt 0.428414 0.750000
vt 0.428155 0.750000
vt 0.428155 0.737032
vt 0.434267 0.718622
vt 0.445809 0.796633
vt 0.441700 0.804626
vt 0.453169 0.813215
vt 0.452758 0.804073
vt 0.453105 0.824020
vt 0.452055 1.000000
vt 0.428567 0.758846
vt 0.495519 0.000000
vt 0.486876 0.250000
vt 0.485313 0.000000
vt 0.529312 0.250000
vt 0.507215 0.250000
vt 0.523411 0.195589
vt 0.522949 0.000000
vt 0.516013 0.000000
vt 0.500864 0.104551
vt 0.504679 0.000000
vt 0.504849 0.086082
vt 0.505042 0.184553
vt 0.500847 0.246241
vt 0.504925 0.000000
vt 0.506916 0.000000
vt 0.496011 0.250000
vt 0.500552 0.000000
vt 0.500851 0.250000
vt 0.500591 0.250000
vt 0.501242 0.386308
vt 0.524479 0.300318
vt 0.528202 0.500000
vt 0.520545 0.500000
vt 0.530011 0.500000
vt 0.497250 0.419608
vt 0.530863 0.500000
vt 0.532066 0.445250
vt 0.532838 0.500000
vt 0.531658 0.416379
vt 0.501499 0.558443
vt 0.497776 0.531019
vt 0.518654 0.549986
vt 0.506679 0.661910
vt 0.504398 0.750000
vt 0.504494 0.685102
vt 0.501269 0.750000
vt 0.500307 0.665693
vt 0.501364 0.670594
vt 0.507792 0.617571
vt 0.497345 0.750000
vt 0.501466 0.585274
vt 0.518181 0.750000
vt 0.532838 0.750000
vt 0.530663 0.513541
vt 0.527610 0.750000
vt 0.529312 1.000000
vt 0.522949 1.000000
vt 0.504870 0.973837
vt 0.506505 0.750000
vt 0.485313 1.000000
vt 0.480388 0.750000
vt 0.516013 1.000000
vt 0.500709 1.000000
vt 0.514732 0.934967
vt 0.506916 1.000000
vt 0.500182 0.750000
vt 0.500552 1.000000
vt 0.495519 1.000000
vt 0.504925 1.000000
vt 0.504679 1.000000
vt 0.500643 0.968415
vt 0.507633 0.750000
vt 0.481774 0.250000
vt 0.511102 0.000000
vt 0.511102 0.250000
vt 0.489292 0.500000
vt 0.487107 0.750000
vt 0.487009 0.750000
vt 0.487026 0.748059
vt 0.508793 0.500000
vt 0.484063 0.851214
vt 0.508793 0.750000
vt 0.479490 1.000000
vt 0.521530 0.000000
vt 0.520609 0.072764
vt 0.517144 0.000000
vt 0.522163 0.105387
vt 0.523099 0.000000
vt 0.528894 0.250000
vt 0.491993 0.000000
vt 0.480664 0.250000
vt 0.480664 0.000000
vt 0.521764 0.039007
vt 0.501635 0.226458
vt 0.514356 0.000000
vt 0.501297 0.250000
vt 0.492387 0.250000
vt 0.501278 0.000000
vt 0.512515 0.250000
vt 0.525232 0.500000
vt 0.525177 0.371390
vt 0.527449 0.500000
vt 0.481364 0.330382
vt 0.481033 0.292344
vt 0.481965 0.313074
vt 0.494173 0.473290
vt 0.504538 0.500000
vt 0.482841 0.500000
vt 0.517849 0.500000
vt 0.518272 0.474406
vt 0.518407 0.482508
vt 0.523233 0.318936
vt 0.521151 0.497569
vt 0.524163 0.403173
vt 0.521194 0.500000
vt 0.517456 0.500000
vt 0.514546 0.250000
vt 0.523368 0.750000
vt 0.519692 0.750000
vt 0.519690 0.750000
vt 0.514957 0.750000
vt 0.511665 0.750000
vt 0.526216 0.705401
vt 0.531071 0.500000
vt 0.531071 0.750000
vt 0.494281 0.566827
vt 0.504929 0.553112
vt 0.496913 0.750000
vt 0.493992 0.750000
vt 0.525286 0.787437
vt 0.524662 0.905841
vt 0.515941 0.962282
vt 0.514356 1.000000
vt 0.491993 1.000000
vt 0.482841 0.750000
vt 0.518004 0.845505
vt 0.519691 0.750041
vt 0.521206 0.945845
vt 0.522423 0.835644
vt 0.523717 0.876221
vt 0.521530 1.000000
vt 0.517144 1.000000
vt 0.501278 1.000000
vt 0.502002 0.909488
vt 0.509856 0.858957
vt 0.523099 1.000000
vt 0.509084 0.068728
vt 0.509137 0.073416
vt 0.509005 0.071462
vt 0.504196 0.000000
vt 0.512406 0.000000
vt 0.562980 0.041232
vt 0.562850 0.000000
vt 0.564959 0.000000
vt 0.563373 0.166048
vt 0.568482 0.250000
vt 0.489636 0.250000
vt 0.497130 0.000000
vt 0.500092 0.250000
vt 0.511141 0.250000
vt 0.505987 0.250000
vt 0.534704 0.250000
vt 0.542280 0.000000
vt 0.545673 0.250000
vt 0.466131 0.250000
vt 0.470890 0.147629
vt 0.472041 0.152835
vt 0.465424 0.250000
vt 0.466144 0.236523
vt 0.554839 0.236641
vt 0.560304 0.096991
vt 0.575258 0.000000
vt 0.566879 0.000000
vt 0.561285 0.250000
vt 0.531312 0.000000
vt 0.511221 0.104389
vt 0.560879 0.186678
vt 0.480948 0.000000
vt 0.479769 0.070654
vt 0.479254 0.000000
vt 0.478771 0.000000
vt 0.505392 0.197570
vt 0.571872 0.500000
vt 0.567355 0.411380
vt 0.572187 0.426683
vt 0.545257 0.346873
vt 0.559539 0.500000
vt 0.510201 0.469164
vt 0.471950 0.250000
vt 0.470186 0.500000
vt 0.482870 0.476741
vt 0.476005 0.500000
vt 0.464352 0.500000
vt 0.575573 0.500000
vt 0.566407 0.408378
vt 0.566736 0.500000
vt 0.566014 0.500000
vt 0.562187 0.474449
vt 0.509860 0.500000
vt 0.504915 0.500000
vt 0.499020 0.500000
vt 0.562877 0.500000
vt 0.561883 0.500000
vt 0.482770 0.500000
vt 0.481879 0.500000
vt 0.488563 0.500000
vt 0.567897 0.750000
vt 0.565631 0.672457
vt 0.566869 0.750000
vt 0.565133 0.750000
vt 0.470281 0.600277
vt 0.476075 0.574094
vt 0.482667 0.513293
vt 0.486908 0.639659
vt 0.477699 0.750000
vt 0.553642 0.552957
vt 0.553022 0.750000
vt 0.507531 0.723609
vt 0.562486 0.720811
vt 0.564449 0.598446
vt 0.561908 0.708767
vt 0.558920 0.596614
vt 0.562176 0.623550
vt 0.574186 0.750000
vt 0.503839 0.594768
vt 0.510010 0.505222
vt 0.558637 0.640629
vt 0.496058 0.750000
vt 0.563887 0.750000
vt 0.562499 0.721086
vt 0.562565 0.750000
vt 0.562039 0.750000
vt 0.562488 0.721753
vt 0.561778 0.750000
vt 0.568038 0.782846
vt 0.562258 0.801151
vt 0.563140 0.798358
vt 0.564081 0.795378
vt 0.565421 0.791135
vt 0.541561 0.832322
vt 0.531312 1.000000
vt 0.530636 0.842515
vt 0.487065 0.750000
vt 0.496579 0.871579
vt 0.486674 1.000000
vt 0.485698 0.772480
vt 0.480770 0.958336
vt 0.478771 1.000000
vt 0.564959 1.000000
vt 0.565490 0.801021
vt 0.566879 1.000000
vt 0.563880 0.860575
vt 0.565788 0.789971
vt 0.564295 0.845226
vt 0.554094 1.000000
vt 0.562850 1.000000
vt 0.512406 1.000000
vt 0.504196 1.000000
vt 0.503873 0.924688
vt 0.480948 1.000000
vt 0.479254 1.000000
vt 0.550892 0.000000
vt 0.547952 0.250000
vt 0.546676 0.000000
vt 0.504104 0.079188
vt 0.539798 0.145709
vt 0.504740 0.000000
vt 0.504242 0.059238
vt 0.504651 0.000000
vt 0.505424 0.250000
vt 0.502926 0.250000
vt 0.546381 0.000000
vt 0.547233 0.175707
vt 0.551331 0.250000
vt 0.557981 0.000000
vt 0.557981 0.250000
vt 0.500380 0.500000
vt 0.502447 0.426781
vt 0.552555 0.293471
vt 0.558365 0.264086
vt 0.546673 0.375537
vt 0.550453 0.500000
vt 0.501321 0.407556
vt 0.550035 0.581898
vt 0.550179 0.500000
vt 0.539993 0.750000
vt 0.540607 0.718400
vt 0.540695 0.747167
vt 0.557689 0.750000
vt 0.543913 0.734187
vt 0.543836 0.750000
vt 0.540704 0.750000
vt 0.502437 0.773815
vt 0.504651 1.000000
vt 0.502379 0.776802
vt 0.502106 0.750000
vt 0.536772 0.772180
vt 0.539793 0.874874
vt 0.551502 0.978333
vt 0.546676 1.000000
vt 0.545620 0.896267
vt 0.539092 1.000000
vt 0.538618 0.759471
vt 0.538521 0.750000
vt 0.549326 0.764661
vt 0.512213 0.000000
vt 0.507721 0.250000
vt 0.508837 0.000000
vt 0.522631 0.250000
vt 0.514180 0.250000
vt 0.531229 0.250000
vt 0.525269 0.000000
vt 0.531229 0.000000
vt 0.488273 0.000000
vt 0.488273 0.250000
vt 0.501563 0.361557
vt 0.503426 0.500000
vt 0.498987 0.500000
vt 0.522681 0.263500
vt 0.531125 0.313462
vt 0.510722 0.456776
vt 0.530818 0.500000
vt 0.504412 0.750000
vt 0.497247 0.750000
vt 0.487862 0.500000
vt 0.487862 0.750000
vt 0.531229 1.000000
vt 0.525857 0.841173
vt 0.530919 0.811220
vt 0.501406 0.973469
vt 0.510406 0.891891
vt 0.508837 1.000000
vt 0.512213 1.000000
vt 0.505903 0.000000
vt 0.505608 0.015896
vt 0.505382 0.000000
vt 0.511794 0.154127
vt 0.506381 0.116599
vt 0.507827 0.000000
vt 0.497207 0.137989
vt 0.499077 0.000000
vt 0.505932 0.117646
vt 0.506114 0.250000
vt 0.503800 0.250000
vt 0.517710 0.000000
vt 0.519232 0.250000
vt 0.531875 0.000000
vt 0.520489 0.176727
vt 0.488892 0.000000
vt 0.495050 0.250000
vt 0.488892 0.250000
vt 0.496983 0.250000
vt 0.512744 0.500000
vt 0.513302 0.250000
vt 0.531875 0.250000
vt 0.520156 0.500000
vt 0.494429 0.500000
vt 0.507901 0.500000
vt 0.503223 0.482146
vt 0.489329 0.500000
vt 0.500388 0.500000
vt 0.532312 0.500000
vt 0.517153 0.750000
vt 0.520640 0.528210
vt 0.496088 0.603006
vt 0.498770 0.500000
vt 0.498844 0.536984
vt 0.499188 0.709190
vt 0.489329 0.750000
vt 0.515361 0.750000
vt 0.505590 0.677647
vt 0.508362 0.730580
vt 0.506933 0.750000
vt 0.504560 0.750000
vt 0.506492 0.726219
vt 0.504950 0.722624
vt 0.505903 1.000000
vt 0.507480 0.860387
vt 0.507827 1.000000
vt 0.504869 0.843947
vt 0.505382 1.000000
vt 0.506504 0.854242
vt 0.517710 1.000000
vt 0.532312 0.750000
vt 0.531875 1.000000
vt 0.498591 0.804407
vt 0.499077 1.000000
vt 0.522028 0.000000
vt 0.524090 0.000000
vt 0.524118 0.011284
vt 0.512612 0.000000
vt 0.512546 0.036733
vt 0.511881 0.000000
vt 0.509397 0.035492
vt 0.509978 0.000000
vt 0.527765 0.250000
vt 0.521816 0.041323
vt 0.515057 0.175307
vt 0.512993 0.061361
vt 0.516374 0.055717
vt 0.517143 0.054433
vt 0.517902 0.250000
vt 0.512723 0.036801
vt 0.512757 0.048388
vt 0.506473 0.213876
vt 0.493746 0.250000
vt 0.498838 0.201680
vt 0.492499 0.000000
vt 0.484970 0.025878
vt 0.484970 0.000000
vt 0.516565 0.038314
vt 0.516878 0.033484
vt 0.516979 0.054707
vt 0.517081 0.033805
vt 0.512797 0.061686
vt 0.493416 0.029203
vt 0.491209 0.250000
vt 0.484970 0.250000
vt 0.484970 0.051509
vt 0.514846 0.250000
vt 0.515589 0.204663
vt 0.491147 0.257315
vt 0.527961 0.500000
vt 0.524975 0.372034
vt 0.522803 0.250000
vt 0.523948 0.374924
vt 0.520195 0.500000
vt 0.519171 0.388371
vt 0.518867 0.500000
vt 0.518637 0.389875
vt 0.512814 0.500000
vt 0.506907 0.343995
vt 0.485165 0.500000
vt 0.525095 0.500000
vt 0.514235 0.250000
vt 0.507128 0.250000
vt 0.494745 0.500000
vt 0.506540 0.500000
vt 0.524613 0.750000
vt 0.518238 0.750000
vt 0.524797 0.562952
vt 0.511293 0.750000
vt 0.514243 0.587179
vt 0.519860 0.570791
vt 0.507947 0.750000
vt 0.485165 0.689087
vt 0.526452 0.734407
vt 0.527961 0.750000
vt 0.526299 0.750000
vt 0.496777 0.684517
vt 0.505127 0.577966
vt 0.525779 0.777229
vt 0.527765 1.000000
vt 0.527935 0.783295
vt 0.522028 1.000000
vt 0.516579 0.906614
vt 0.512612 1.000000
vt 0.512158 0.894171
vt 0.509978 1.000000
vt 0.511881 1.000000
vt 0.491818 0.920404
vt 0.485165 0.750000
vt 0.484970 1.000000
vt 0.485047 0.901343
vt 0.449283 0.250000
vt 0.438667 0.000000
vt 0.449784 0.000000
vt 0.463813 0.118700
vt 0.495436 0.000000
vt 0.488746 0.098060
vt 0.478520 0.128403
vt 0.488330 0.250000
vt 0.478188 0.250000
vt 0.450375 0.250000
vt 0.450155 0.250000
vt 0.450243 0.233057
vt 0.453454 0.187215
vt 0.451051 0.250000
vt 0.453951 0.000000
vt 0.460708 0.000000
vt 0.463465 0.250000
vt 0.450363 0.000000
vt 0.495436 0.250000
vt 0.492631 0.442618
vt 0.483770 0.500000
vt 0.466142 0.369204
vt 0.462601 0.468619
vt 0.458902 0.500000
vt 0.452530 0.327530
vt 0.455820 0.500000
vt 0.453485 0.413060
vt 0.454568 0.307001
vt 0.463200 0.500000
vt 0.461920 0.500000
vt 0.447626 0.453347
vt 0.445714 0.500000
vt 0.437213 0.500000
vt 0.439126 0.388417
vt 0.441254 0.500000
vt 0.438667 0.250000
vt 0.446755 0.427082
vt 0.452404 0.500000
vt 0.453498 0.710457
vt 0.448345 0.750000
vt 0.448516 0.500000
vt 0.443494 0.611668
vt 0.438192 0.750000
vt 0.437774 0.729209
vt 0.435026 0.750000
vt 0.435026 0.500000
vt 0.443833 0.750000
vt 0.459458 0.709163
vt 0.455131 0.750000
vt 0.463837 0.541738
vt 0.464929 0.500000
vt 0.462686 0.585724
vt 0.484258 0.678499
vt 0.491795 0.500000
vt 0.491795 0.700864
vt 0.464156 0.750000
vt 0.467016 0.750000
vt 0.447633 0.612933
vt 0.460708 1.000000
vt 0.453951 1.000000
vt 0.458733 0.787075
vt 0.465678 0.820114
vt 0.449784 1.000000
vt 0.450256 0.903724
vt 0.438667 1.000000
vt 0.441822 0.983196
vt 0.437999 0.760114
vt 0.453189 0.750000
vt 0.469802 0.250000
vt 0.500195 0.000000
vt 0.500749 0.074165
vt 0.501761 0.059595
vt 0.502013 0.000000
vt 0.505899 0.000000
vt 0.488539 0.250000
vt 0.469310 0.500000
vt 0.468319 0.273341
vt 0.489632 0.500000
vt 0.498670 0.750000
vt 0.468241 0.750000
vt 0.501507 0.671014
vt 0.498132 0.622404
vt 0.506992 0.750000
vt 0.500917 0.750000
vt 0.502948 0.786057
vt 0.500195 1.000000
vt 0.469802 1.000000
vt 0.497766 0.956885
vt 0.502013 1.000000
vt 0.486946 0.000000
vt 0.477655 0.174184
vt 0.477655 0.000000
vt 0.488296 0.238797
vt 0.504402 0.000000
vt 0.487698 0.250000
vt 0.488443 0.000000
vt 0.475418 0.500000
vt 0.468052 0.500000
vt 0.474251 0.338609
vt 0.501503 0.282791
vt 0.487784 0.261773
vt 0.505167 0.250000
vt 0.493744 0.500000
vt 0.503074 0.500000
vt 0.477554 0.500000
vt 0.493752 0.564008
vt 0.477579 0.540496
vt 0.497552 0.717295
vt 0.498976 0.750000
vt 0.497438 0.750000
vt 0.498525 0.812406
vt 0.487162 0.970172
vt 0.468052 0.750000
vt 0.486946 1.000000
vt 0.488443 1.000000
vt 0.457796 0.012616
vt 0.449780 0.000000
vt 0.456936 0.009491
vt 0.459469 0.022014
vt 0.459309 0.000000
vt 0.460205 0.000000
vt 0.446729 0.000000
vt 0.446690 0.250000
vt 0.444045 0.035342
vt 0.456840 0.000000
vt 0.457119 0.000000
vt 0.427478 0.000000
vt 0.425320 0.179869
vt 0.423570 0.000000
vt 0.438799 0.061955
vt 0.443350 0.250000
vt 0.438372 0.250000
vt 0.432268 0.053108
vt 0.428815 0.250000
vt 0.427937 0.085787
vt 0.430323 0.000000
vt 0.430276 0.001715
vt 0.430209 0.000000
vt 0.465700 0.250000
vt 0.444482 0.000000
vt 0.418476 0.250000
vt 0.448313 0.118694
vt 0.450065 0.250000
vt 0.455477 0.250000
vt 0.450667 0.390237
vt 0.440686 0.500000
vt 0.438270 0.345214
vt 0.444619 0.250000
vt 0.443058 0.277430
vt 0.466774 0.500000
vt 0.447587 0.458636
vt 0.429222 0.344648
vt 0.433321 0.250000
vt 0.433562 0.306181
vt 0.442467 0.500000
vt 0.441955 0.380936
vt 0.432620 0.373157
vt 0.435709 0.500000
vt 0.433165 0.500000
vt 0.441619 0.302706
vt 0.437307 0.349974
vt 0.438935 0.500000
vt 0.454196 0.542710
vt 0.457280 0.750000
vt 0.452088 0.750000
vt 0.430429 0.750000
vt 0.425294 0.530550
vt 0.430680 0.724179
vt 0.445232 0.500000
vt 0.444740 0.683911
vt 0.458194 0.750000
vt 0.457530 0.715586
vt 0.449345 0.750000
vt 0.447804 0.750000
vt 0.448694 0.683305
vt 0.436149 0.694031
vt 0.436555 0.720467
vt 0.436216 0.723781
vt 0.440989 0.633574
vt 0.442780 0.750000
vt 0.441086 0.676194
vt 0.457994 0.651700
vt 0.457877 0.823601
vt 0.456840 1.000000
vt 0.450413 0.852747
vt 0.445487 0.766227
vt 0.444482 1.000000
vt 0.442234 0.876842
vt 0.446729 1.000000
vt 0.447576 0.802925
vt 0.459309 1.000000
vt 0.457661 0.992446
vt 0.461280 0.750000
vt 0.477387 1.000000
vt 0.460205 1.000000
vt 0.455497 0.929368
vt 0.449780 1.000000
vt 0.427478 1.000000
vt 0.427579 0.976687
vt 0.430209 1.000000
vt 0.423570 1.000000
vt 0.423158 0.750000
vt 0.437009 0.750000
vt 0.457208 0.979257
vt 0.457628 1.000000
vt 0.490541 0.000000
vt 0.490183 0.141580
vt 0.490299 0.000000
vt 0.514225 0.250000
vt 0.517536 0.139802
vt 0.520657 0.250000
vt 0.497028 0.169342
vt 0.493761 0.250000
vt 0.495091 0.177603
vt 0.494581 0.000000
vt 0.495237 0.000000
vt 0.495202 0.042961
vt 0.513576 0.000000
vt 0.543409 0.000000
vt 0.521110 0.031693
vt 0.490949 0.000000
vt 0.490721 0.145532
vt 0.490851 0.250000
vt 0.492754 0.160447
vt 0.509921 0.250000
vt 0.514079 0.244385
vt 0.526806 0.250000
vt 0.497811 0.000000
vt 0.481133 0.250000
vt 0.497363 0.302791
vt 0.492425 0.334887
vt 0.510292 0.500000
vt 0.521046 0.271993
vt 0.494536 0.500000
vt 0.500007 0.500000
vt 0.517459 0.500000
vt 0.529722 0.406216
vt 0.543409 0.250000
vt 0.530851 0.500000
vt 0.528247 0.500000
vt 0.506182 0.487672
vt 0.492786 0.560454
vt 0.485547 0.750000
vt 0.494749 0.546048
vt 0.492941 0.750000
vt 0.516350 0.750000
vt 0.507781 0.596234
vt 0.530253 0.616506
vt 0.517459 0.750000
vt 0.522873 0.500000
vt 0.497695 0.524431
vt 0.497855 0.720012
vt 0.497421 0.750000
vt 0.495692 0.750000
vt 0.517459 0.707498
vt 0.505989 0.750000
vt 0.506400 0.500000
vt 0.497879 0.750000
vt 0.500256 0.553814
vt 0.505988 0.514529
vt 0.493371 0.923087
vt 0.490762 0.988077
vt 0.490299 1.000000
vt 0.517122 0.799111
vt 0.509922 1.000000
vt 0.512864 0.750000
vt 0.516339 0.843479
vt 0.497811 1.000000
vt 0.497695 0.767408
vt 0.499441 0.878405
vt 0.517709 0.765892
vt 0.547824 0.750000
vt 0.518907 0.912565
vt 0.490541 1.000000
vt 0.490949 1.000000
vt 0.495237 1.000000
vt 0.527614 0.250000
vt 0.518242 0.250000
vt 0.526502 0.126891
vt 0.515270 0.000000
vt 0.518195 0.091031
vt 0.515705 0.135473
vt 0.510295 0.041518
vt 0.518168 0.000000
vt 0.519814 0.062138
vt 0.519582 0.000000
vt 0.523297 0.000000
vt 0.511246 0.198745
vt 0.509368 0.127490
vt 0.530755 0.000000
vt 0.530755 0.250000
vt 0.526027 0.000000
vt 0.512597 0.250000
vt 0.519741 0.425675
vt 0.527197 0.384935
vt 0.522764 0.500000
vt 0.520871 0.453465
vt 0.529358 0.454423
vt 0.529047 0.750000
vt 0.527397 0.500000
vt 0.529047 0.500000
vt 0.523800 0.577568
vt 0.520301 0.750000
vt 0.520652 0.580104
vt 0.520326 0.667401
vt 0.516174 0.750000
vt 0.520348 0.591648
vt 0.526461 0.750000
vt 0.520017 0.750000
vt 0.529325 0.790749
vt 0.526027 1.000000
vt 0.519944 0.791905
vt 0.515270 1.000000
vt 0.523819 0.987161
vt 0.519582 1.000000
vt 0.514752 0.784981
vt 0.506008 1.000000
vt 0.518168 1.000000
vt 0.527540 1.000000
vt 0.530755 1.000000
vt 0.480729 0.000000
vt 0.501078 0.092116
vt 0.480729 0.110757
vt 0.523486 0.000000
vt 0.480729 0.250000
vt 0.523486 0.250000
vt 0.480810 0.500000
vt 0.523566 0.750000
vt 0.480810 0.750000
vt 0.517099 0.902062
vt 0.480774 0.859979
vt 0.507897 1.000000
vt 0.480729 1.000000
vt 0.519798 0.102472
vt 0.480183 0.250000
vt 0.520408 0.000000
vt 0.473156 0.124952
vt 0.471671 0.250000
vt 0.469465 0.000000
vt 0.520406 0.250000
vt 0.520881 0.053567
vt 0.522614 0.250000
vt 0.476854 0.000000
vt 0.474822 0.250000
vt 0.475189 0.418144
vt 0.472217 0.500000
vt 0.520869 0.462067
vt 0.523022 0.436861
vt 0.480729 0.500000
vt 0.477762 0.500000
vt 0.523160 0.500000
vt 0.479725 0.575411
vt 0.520431 0.626625
vt 0.520954 0.750000
vt 0.519923 0.750000
vt 0.510642 0.750000
vt 0.507915 0.750000
vt 0.508728 0.672084
vt 0.470011 0.750000
vt 0.520408 1.000000
vt 0.476887 0.984759
vt 0.510145 0.977446
vt 0.520449 0.981075
vt 0.476408 1.000000
vt 0.476854 1.000000
vt 0.556365 0.500000
vt 0.532497 0.353645
vt 0.556424 0.413086
vt 0.560002 0.421974
vt 0.574713 0.458521
vt 0.560155 0.500000
vt 0.559173 0.599883
vt 0.574685 0.500000
vt 0.538933 0.750000
vt 0.539023 0.880144
vt 0.572024 0.750000
vt 0.572058 0.798077
vt 0.488786 0.195460
vt 0.498273 0.250000
vt 0.472830 0.250000
vt 0.462545 0.156135
vt 0.475221 0.093638
vt 0.455460 0.250000
vt 0.455883 0.000000
vt 0.456125 0.250000
vt 0.465584 0.000000
vt 0.467087 0.000000
vt 0.466311 0.128519
vt 0.484415 0.193623
vt 0.488678 0.000000
vt 0.484805 0.497284
vt 0.480458 0.500000
vt 0.479433 0.283243
vt 0.455998 0.300786
vt 0.455508 0.302400
vt 0.476008 0.397997
vt 0.468876 0.250000
vt 0.463365 0.500000
vt 0.461528 0.500000
vt 0.461760 0.485714
vt 0.455688 0.750000
vt 0.455688 0.500000
vt 0.470393 0.527518
vt 0.469410 0.670703
vt 0.463037 0.750000
vt 0.485066 0.623577
vt 0.485619 0.750000
vt 0.483065 0.750000
vt 0.484836 0.509210
vt 0.480690 0.616016
vt 0.470953 0.750000
vt 0.471106 0.645553
vt 0.471736 0.750000
vt 0.485744 0.523902
vt 0.490091 0.565697
vt 0.489989 0.750000
vt 0.498501 0.656120
vt 0.478809 0.531351
vt 0.467087 1.000000
vt 0.466441 0.960091
vt 0.484308 1.000000
vt 0.465584 1.000000
vt 0.455573 0.876275
vt 0.477695 1.000000
vt 0.488678 1.000000
vt 0.498273 1.000000
vt 0.455460 1.000000
vt 0.455883 1.000000
vt 0.499250 0.000000
vt 0.504050 0.250000
vt 0.494957 0.250000
vt 0.506916 0.000000
vt 0.504127 0.000000
vt 0.477673 0.000000
vt 0.495021 0.040588
vt 0.475637 0.346015
vt 0.473778 0.500000
vt 0.473223 0.459891
vt 0.472372 0.500000
vt 0.499358 0.500000
vt 0.490264 0.500000
vt 0.477673 0.250000
vt 0.477654 0.500000
vt 0.512175 0.500000
vt 0.508899 0.250000
vt 0.477153 0.560696
vt 0.490303 0.624528
vt 0.496954 0.739094
vt 0.499423 0.712065
vt 0.496966 0.750000
vt 0.496673 0.750000
vt 0.496847 0.759091
vt 0.501532 0.861724
vt 0.472372 0.750000
vt 0.504127 1.000000
vt 0.499250 1.000000
vt 0.421029 0.000000
vt 0.422188 0.000000
vt 0.422156 0.004174
vt 0.450464 0.109043
vt 0.419349 0.750000
vt 0.460794 0.596459
vt 0.460794 0.750000
vt 0.420536 0.754191
vt 0.421029 1.000000
vt 0.419636 0.792746
vt 0.537294 0.188818
vt 0.539287 0.000000
vt 0.551744 0.008552
vt 0.553100 0.190938
vt 0.544644 0.250000
vt 0.528787 0.016802
vt 0.530208 0.000000
vt 0.530232 0.003133
vt 0.532593 0.000000
vt 0.530920 0.244275
vt 0.530942 0.250000
vt 0.525009 0.174930
vt 0.526410 0.000000
vt 0.528603 0.000000
vt 0.523340 0.000000
vt 0.526070 0.042516
vt 0.523824 0.063770
vt 0.500088 0.171702
vt 0.503849 0.000000
vt 0.504680 0.027298
vt 0.499690 0.250000
vt 0.501517 0.218656
vt 0.536612 0.250000
vt 0.533687 0.190422
vt 0.535388 0.132582
vt 0.525369 0.130073
vt 0.522606 0.073247
vt 0.533027 0.062875
vt 0.531258 0.250000
vt 0.503542 0.250000
vt 0.503195 0.250000
vt 0.503214 0.243058
vt 0.531060 0.223811
vt 0.531147 0.231658
vt 0.533437 0.250000
vt 0.539264 0.500000
vt 0.534282 0.500000
vt 0.508675 0.320409
vt 0.506999 0.500000
vt 0.506951 0.497983
vt 0.500977 0.387021
vt 0.531051 0.260256
vt 0.527554 0.433208
vt 0.545740 0.366741
vt 0.552800 0.250000
vt 0.545703 0.500000
vt 0.540044 0.500000
vt 0.505889 0.500000
vt 0.506931 0.500000
vt 0.533594 0.500000
vt 0.532206 0.278806
vt 0.503417 0.350747
vt 0.502037 0.500000
vt 0.504818 0.500000
vt 0.505176 0.424026
vt 0.524184 0.692587
vt 0.525436 0.750000
vt 0.524577 0.750000
vt 0.526615 0.642561
vt 0.527037 0.604151
vt 0.527242 0.629680
vt 0.537735 0.617417
vt 0.539870 0.554407
vt 0.541004 0.728568
vt 0.507102 0.608103
vt 0.508360 0.582354
vt 0.502882 0.563598
vt 0.502411 0.573571
vt 0.512385 0.500000
vt 0.528205 0.750000
vt 0.532498 0.521558
vt 0.535603 0.680351
vt 0.534062 0.750000
vt 0.502435 0.578298
vt 0.503308 0.750000
vt 0.541537 0.760363
vt 0.551780 1.000000
vt 0.539287 1.000000
vt 0.528762 0.983080
vt 0.524142 0.887816
vt 0.503849 1.000000
vt 0.506196 0.750000
vt 0.545703 0.750000
vt 0.530080 0.842696
vt 0.530191 0.996505
vt 0.530208 1.000000
vt 0.523234 0.978464
vt 0.522991 0.928873
vt 0.523498 0.933637
vt 0.525437 0.951848
vt 0.523340 1.000000
vt 0.526410 1.000000
vt 0.523108 1.000000
vt 0.510614 0.250000
vt 0.508947 0.250000
vt 0.509201 0.214500
vt 0.500663 0.000000
vt 0.502167 0.137624
vt 0.482462 0.250000
vt 0.505242 0.115036
vt 0.501362 0.250000
vt 0.507635 0.397466
vt 0.500501 0.346800
vt 0.511933 0.500000
vt 0.499267 0.413668
vt 0.499723 0.500000
vt 0.491616 0.500000
vt 0.501982 0.750000
vt 0.492604 0.574491
vt 0.485701 0.750000
vt 0.502953 0.725607
vt 0.495116 0.750000
vt 0.501586 0.825098
vt 0.495106 0.751983
vt 0.500663 1.000000
vt 0.585011 0.000000
vt 0.583432 0.094212
vt 0.582616 0.000000
vt 0.571154 0.250000
vt 0.575747 0.098136
vt 0.575386 0.250000
vt 0.587939 0.160360
vt 0.576686 0.075900
vt 0.571620 0.053733
vt 0.575301 0.000000
vt 0.585839 0.045320
vt 0.588069 0.000000
vt 0.617837 0.250000
vt 0.601401 0.186376
vt 0.612333 0.190652
vt 0.590239 0.180883
vt 0.591166 0.250000
vt 0.588809 0.250000
vt 0.609238 0.000000
vt 0.613637 0.000000
vt 0.591955 0.250000
vt 0.599456 0.000000
vt 0.595265 0.498053
vt 0.593034 0.360372
vt 0.575050 0.336740
vt 0.570975 0.295969
vt 0.587115 0.337635
vt 0.582663 0.372053
vt 0.591016 0.312842
vt 0.592610 0.382329
vt 0.587159 0.340188
vt 0.585598 0.500000
vt 0.604216 0.411218
vt 0.605401 0.500000
vt 0.592203 0.250000
vt 0.590336 0.500000
vt 0.589864 0.500000
vt 0.595290 0.500000
vt 0.595309 0.500000
vt 0.595266 0.502388
vt 0.592979 0.627674
vt 0.602792 0.750000
vt 0.582595 0.529123
vt 0.570711 0.722205
vt 0.545931 0.500000
vt 0.592561 0.650536
vt 0.588271 0.644460
vt 0.588001 0.638974
vt 0.584398 0.565757
vt 0.575010 0.750000
vt 0.574838 0.677802
vt 0.593409 0.648443
vt 0.589152 0.750000
vt 0.587917 0.685399
vt 0.587551 0.672614
vt 0.581309 0.734995
vt 0.587357 0.750000
vt 0.587887 0.688858
vt 0.592682 0.750000
vt 0.587829 0.686059
vt 0.613144 0.500000
vt 0.618187 0.750000
vt 0.580681 0.750000
vt 0.571556 0.950661
vt 0.575630 0.909890
vt 0.575301 1.000000
vt 0.590695 0.829857
vt 0.589346 1.000000
vt 0.588969 0.958305
vt 0.587824 0.810354
vt 0.580794 0.760519
vt 0.585012 1.000000
vt 0.580770 0.761544
vt 0.589146 0.819729
vt 0.588212 0.860474
vt 0.612589 0.780870
vt 0.608588 0.864245
vt 0.613638 1.000000
vt 0.588069 1.000000
vt 0.582616 1.000000
vt 0.599456 1.000000
vt 0.592047 0.750000
vt 0.486606 0.000000
vt 0.489012 0.000000
vt 0.486992 0.026827
vt 0.486659 0.031250
vt 0.482925 0.250000
vt 0.482758 0.000000
vt 0.458217 0.075646
vt 0.459562 0.000000
vt 0.459521 0.080008
vt 0.480176 0.058979
vt 0.458217 0.250000
vt 0.489140 0.176022
vt 0.491016 0.045795
vt 0.489815 0.222958
vt 0.491326 0.000000
vt 0.489418 0.049026
vt 0.489632 0.250000
vt 0.489935 0.231264
vt 0.490204 0.250000
vt 0.485177 0.250000
vt 0.489015 0.233124
vt 0.489756 0.231624
vt 0.493926 0.039910
vt 0.501326 0.000000
vt 0.501326 0.250000
vt 0.493523 0.224008
vt 0.469648 0.337238
vt 0.465000 0.364752
vt 0.457956 0.326051
vt 0.489325 0.297555
vt 0.490162 0.324582
vt 0.489073 0.336670
vt 0.488553 0.293309
vt 0.488016 0.347951
vt 0.488044 0.348104
vt 0.488011 0.348470
vt 0.486566 0.364519
vt 0.482837 0.405936
vt 0.482872 0.344225
vt 0.487788 0.371231
vt 0.488967 0.353175
vt 0.492811 0.316705
vt 0.490175 0.302220
vt 0.473950 0.360876
vt 0.469605 0.500000
vt 0.457359 0.500000
vt 0.491012 0.500000
vt 0.486523 0.500000
vt 0.500468 0.500000
vt 0.492046 0.394625
vt 0.500667 0.441987
vt 0.484665 0.329538
vt 0.482198 0.500000
vt 0.469954 0.554184
vt 0.461476 0.661760
vt 0.486594 0.532412
vt 0.491156 0.566044
vt 0.486750 0.603558
vt 0.491258 0.612674
vt 0.471216 0.750000
vt 0.457359 0.750000
vt 0.468433 0.500000
vt 0.475524 0.750000
vt 0.470320 0.610929
vt 0.471377 0.604852
vt 0.500468 0.634696
vt 0.479185 0.750000
vt 0.480701 0.644699
vt 0.485310 0.750000
vt 0.473914 0.500000
vt 0.500468 0.750000
vt 0.475529 0.765783
vt 0.479306 0.961659
vt 0.459233 0.870185
vt 0.471226 0.789420
vt 0.491247 0.987725
vt 0.491326 1.000000
vt 0.489012 1.000000
vt 0.486471 0.762902
vt 0.486606 1.000000
vt 0.458217 1.000000
vt 0.459562 1.000000
vt 0.472895 0.000000
vt 0.475726 0.204141
vt 0.468001 0.250000
vt 0.477368 0.000000
vt 0.479532 0.250000
vt 0.516197 0.000000
vt 0.516197 0.119277
vt 0.511593 0.000000
vt 0.479967 0.250000
vt 0.471637 0.250000
vt 0.471582 0.231101
vt 0.476076 0.322288
vt 0.472102 0.405413
vt 0.475860 0.250000
vt 0.512276 0.443523
vt 0.484785 0.500000
vt 0.476608 0.500000
vt 0.519465 0.500000
vt 0.509576 0.500000
vt 0.472385 0.500000
vt 0.472150 0.421250
vt 0.473668 0.500000
vt 0.471919 0.409257
vt 0.472094 0.599982
vt 0.471269 0.730644
vt 0.472594 0.603239
vt 0.499671 0.698343
vt 0.505383 0.708788
vt 0.503793 0.750000
vt 0.505255 0.750000
vt 0.507084 0.664717
vt 0.511441 0.750000
vt 0.476237 0.626942
vt 0.505539 0.659008
vt 0.508477 0.514832
vt 0.519465 0.706536
vt 0.481129 0.750000
vt 0.477368 1.000000
vt 0.469052 0.919613
vt 0.504626 0.776694
vt 0.516197 1.000000
vt 0.519465 0.750000
vt 0.517742 0.881806
vt 0.497020 0.855718
vt 0.500868 0.936221
vt 0.481882 0.765761
vt 0.472895 1.000000
vt 0.468001 1.000000
vt 0.434596 0.000000
vt 0.438842 0.000000
vt 0.438716 0.063233
vt 0.457901 0.094658
vt 0.456834 0.150725
vt 0.455928 0.250000
vt 0.449742 0.250000
vt 0.464302 0.168038
vt 0.462018 0.250000
vt 0.462991 0.153002
vt 0.463308 0.121348
vt 0.458294 0.000000
vt 0.466200 0.189794
vt 0.477265 0.000000
vt 0.466048 0.250000
vt 0.464901 0.439880
vt 0.473245 0.500000
vt 0.456524 0.467414
vt 0.448962 0.272872
vt 0.460194 0.359755
vt 0.466671 0.266037
vt 0.465194 0.683131
vt 0.464522 0.627519
vt 0.466796 0.750000
vt 0.467143 0.664208
vt 0.467926 0.750000
vt 0.460004 0.742618
vt 0.461959 0.747914
vt 0.461980 0.750000
vt 0.465472 0.750000
vt 0.462739 0.711272
vt 0.458138 0.538153
vt 0.465233 0.594148
vt 0.465738 0.644540
vt 0.459360 0.750000
vt 0.460072 0.750000
vt 0.463214 0.871238
vt 0.463213 0.871271
vt 0.457126 0.807488
vt 0.437808 0.917349
vt 0.423933 0.841249
vt 0.467031 0.773049
vt 0.466143 0.860591
vt 0.465803 0.804625
vt 0.438842 1.000000
vt 0.434596 1.000000
vt 0.467553 0.824322
vt 0.477265 1.000000
vt 0.463736 0.922512
vt 0.441606 0.009503
vt 0.438447 0.152436
vt 0.438447 0.000000
vt 0.473449 0.000000
vt 0.471408 0.068826
vt 0.469901 0.000000
vt 0.485571 0.250000
vt 0.479861 0.013452
vt 0.479179 0.000000
vt 0.479943 0.000000
vt 0.447002 0.250000
vt 0.449182 0.000000
vt 0.453677 0.208779
vt 0.440454 0.175587
vt 0.444969 0.068190
vt 0.438447 0.250000
vt 0.447873 0.330992
vt 0.451131 0.250000
vt 0.471728 0.423289
vt 0.471560 0.500000
vt 0.467866 0.500000
vt 0.467542 0.500000
vt 0.470352 0.566202
vt 0.478424 0.738405
vt 0.469213 0.720121
vt 0.470099 0.750000
vt 0.468559 0.750000
vt 0.478495 0.750000
vt 0.485733 0.594300
vt 0.488218 0.750000
vt 0.488698 0.839382
vt 0.479178 1.000000
vt 0.451343 1.000000
vt 0.467542 0.750000
vt 0.469901 1.000000
vt 0.489560 1.000000
vt 0.479943 1.000000
vt 0.473449 1.000000
vt 0.477895 0.761004
vt 0.440783 1.000000
vt 0.438447 1.000000
vt 0.440680 0.980815
vt 0.449182 1.000000
vt 0.450287 0.898266
vt 0.452656 0.877911
vt 0.492568 0.114987
vt 0.491772 0.118217
vt 0.491116 0.067736
vt 0.458206 0.000000
vt 0.480884 0.250000
vt 0.458206 0.250000
vt 0.489034 0.000000
vt 0.490236 0.000000
vt 0.500023 0.250000
vt 0.492184 0.141825
vt 0.506331 0.000000
vt 0.506331 0.250000
vt 0.494072 0.250000
vt 0.490633 0.250000
vt 0.498240 0.348829
vt 0.493911 0.258894
vt 0.459277 0.500000
vt 0.457932 0.271065
vt 0.462565 0.398724
vt 0.487786 0.500000
vt 0.480568 0.350043
vt 0.503085 0.500000
vt 0.454960 0.690885
vt 0.482540 0.670676
vt 0.493426 0.750000
vt 0.489843 0.500000
vt 0.483677 0.750000
vt 0.454960 0.500000
vt 0.455851 0.818642
vt 0.456891 0.850692
vt 0.456432 0.863362
vt 0.484467 1.000000
vt 0.494181 0.918044
vt 0.495660 1.000000
vt 0.490236 1.000000
vt 0.489034 1.000000
vt 0.503085 0.750000
vt 0.461467 0.250000
vt 0.459541 0.189288
vt 0.459873 0.079714
vt 0.488896 0.234792
vt 0.462837 0.213424
vt 0.506475 0.000000
vt 0.505719 0.250000
vt 0.497567 0.236448
vt 0.506275 0.065951
vt 0.489809 0.250000
vt 0.488747 0.250000
vt 0.459829 0.250000
vt 0.459358 0.250000
vt 0.497638 0.250000
vt 0.506423 0.364198
vt 0.498417 0.500000
vt 0.459940 0.344393
vt 0.459412 0.258728
vt 0.488985 0.500000
vt 0.491352 0.500000
vt 0.507262 0.500000
vt 0.499076 0.500000
vt 0.496953 0.262677
vt 0.460901 0.500000
vt 0.489317 0.533893
vt 0.499014 0.511681
vt 0.506475 1.000000
vt 0.461657 0.750000
vt 0.508018 0.750000
vt 0.482541 0.064436
vt 0.467927 0.015950
vt 0.469724 0.000000
vt 0.470424 0.171984
vt 0.506618 0.250000
vt 0.435575 0.250000
vt 0.479373 0.500000
vt 0.480682 0.468555
vt 0.481214 0.500000
vt 0.456714 0.332525
vt 0.460202 0.500000
vt 0.453440 0.500000
vt 0.479773 0.396677
vt 0.476138 0.500000
vt 0.479364 0.514153
vt 0.481016 0.750000
vt 0.479573 0.750000
vt 0.480301 0.742537
vt 0.480258 0.750000
vt 0.487916 0.695735
vt 0.497382 0.500000
vt 0.494030 0.750000
vt 0.487047 0.750000
vt 0.478867 0.698596
vt 0.474286 0.750000
vt 0.475224 0.587009
vt 0.458061 0.720819
vt 0.458261 0.750000
vt 0.480229 0.768650
vt 0.480429 0.756834
vt 0.480548 0.777691
vt 0.478729 0.857324
vt 0.492116 0.863157
vt 0.497382 0.750000
vt 0.506618 1.000000
vt 0.478020 0.899253
vt 0.477400 0.874474
vt 0.470297 0.966126
vt 0.454032 1.000000
vt 0.469724 1.000000
vt 0.507633 0.250000
vt 0.511966 0.130284
vt 0.512383 0.250000
vt 0.500050 0.144701
vt 0.511091 0.000000
vt 0.509000 0.098264
vt 0.492040 0.250000
vt 0.488514 0.250000
vt 0.489262 0.189483
vt 0.532039 0.044286
vt 0.540826 0.000000
vt 0.536402 0.250000
vt 0.526809 0.250000
vt 0.527052 0.240469
vt 0.527068 0.250000
vt 0.548059 0.250000
vt 0.546694 0.250000
vt 0.548059 0.190889
vt 0.514602 0.158746
vt 0.513780 0.250000
vt 0.548059 0.000000
vt 0.488382 0.222152
vt 0.488260 0.000000
vt 0.488260 0.235179
vt 0.488260 0.214974
vt 0.524255 0.117032
vt 0.511696 0.052670
vt 0.528852 0.121387
vt 0.525554 0.250000
vt 0.524524 0.250000
vt 0.531363 0.000000
vt 0.525190 0.000000
vt 0.548618 0.500000
vt 0.537374 0.500000
vt 0.538819 0.455136
vt 0.526931 0.255391
vt 0.525011 0.270215
vt 0.534697 0.250000
vt 0.531345 0.500000
vt 0.504949 0.390867
vt 0.513080 0.277441
vt 0.519006 0.500000
vt 0.512435 0.500000
vt 0.511907 0.323420
vt 0.511770 0.277462
vt 0.530086 0.393193
vt 0.501260 0.250000
vt 0.503788 0.500000
vt 0.490112 0.325583
vt 0.488521 0.260643
vt 0.488260 0.250000
vt 0.551006 0.370279
vt 0.554184 0.500000
vt 0.506894 0.465165
vt 0.507403 0.500000
vt 0.505599 0.329732
vt 0.501480 0.524920
vt 0.508555 0.627844
vt 0.534874 0.693461
vt 0.534830 0.696917
vt 0.534142 0.658056
vt 0.514939 0.750000
vt 0.544439 0.601667
vt 0.548724 0.504628
vt 0.530017 0.609892
vt 0.526574 0.750000
vt 0.526255 0.734600
vt 0.531380 0.750000
vt 0.531873 0.548376
vt 0.529073 0.512724
vt 0.504933 0.750000
vt 0.505223 0.724776
vt 0.505135 0.750000
vt 0.524194 0.750000
vt 0.494385 0.750000
vt 0.494385 0.500000
vt 0.502953 0.688326
vt 0.535465 0.750000
vt 0.554184 0.750000
vt 0.540826 1.000000
vt 0.541193 0.968884
vt 0.498974 0.977575
vt 0.488260 1.000000
vt 0.525190 1.000000
vt 0.511304 0.991837
vt 0.521052 0.903425
vt 0.525675 0.797984
vt 0.528601 0.922741
vt 0.535334 0.786950
vt 0.531363 1.000000
vt 0.535303 0.789591
vt 0.532823 1.000000
vt 0.535345 0.787310
vt 0.525653 0.807190
vt 0.514889 0.766658
vt 0.521510 0.750000
vt 0.511091 1.000000
vt 0.482973 0.000000
vt 0.483987 0.250000
vt 0.467971 0.250000
vt 0.505355 0.020455
vt 0.505289 0.000000
vt 0.508039 0.000000
vt 0.500610 0.000000
vt 0.490256 0.250000
vt 0.493080 0.180738
vt 0.511919 0.250000
vt 0.508176 0.250000
vt 0.510571 0.100295
vt 0.509667 0.000000
vt 0.512175 0.000000
vt 0.512700 0.000000
vt 0.507894 0.250000
vt 0.489037 0.000000
vt 0.486554 0.122928
vt 0.486678 0.250000
vt 0.489399 0.220565
vt 0.496731 0.000000
vt 0.511036 0.335720
vt 0.511235 0.438224
vt 0.489158 0.280882
vt 0.488051 0.312024
vt 0.484086 0.481983
vt 0.489187 0.326166
vt 0.490232 0.294249
vt 0.511945 0.347043
vt 0.510755 0.500000
vt 0.500278 0.464248
vt 0.508966 0.750000
vt 0.505310 0.576162
vt 0.509424 0.607517
vt 0.474261 0.750000
vt 0.476046 0.632310
vt 0.476084 0.750000
vt 0.496145 0.598232
vt 0.466025 0.500000
vt 0.485323 0.750000
vt 0.491724 0.750000
vt 0.474646 0.779895
vt 0.477534 0.846986
vt 0.467971 1.000000
vt 0.508443 0.881241
vt 0.508039 1.000000
vt 0.504752 0.750000
vt 0.512089 0.921446
vt 0.509667 1.000000
vt 0.509228 0.871472
vt 0.510755 0.750000
vt 0.511482 0.843410
vt 0.494365 0.927735
vt 0.489037 1.000000
vt 0.488899 0.995784
vt 0.500610 1.000000
vt 0.505289 1.000000
vt 0.482973 1.000000
vt 0.509461 0.980018
vt 0.509466 0.982234
vt 0.512175 1.000000
vt 0.512700 1.000000
vt 0.474449 0.000000
vt 0.484373 0.247586
vt 0.478943 0.250000
vt 0.498926 0.043657
vt 0.499508 0.000000
vt 0.499655 0.038957
vt 0.494693 0.070955
vt 0.498587 0.000000
vt 0.491418 0.092074
vt 0.494142 0.000000
vt 0.476164 0.250000
vt 0.474725 0.040320
vt 0.515501 0.029878
vt 0.499074 0.062790
vt 0.521680 0.000000
vt 0.518616 0.152308
vt 0.507541 0.250000
vt 0.495146 0.129251
vt 0.482789 0.250000
vt 0.478937 0.251361
vt 0.506769 0.411240
vt 0.494891 0.499157
vt 0.509388 0.382626
vt 0.510023 0.250000
vt 0.494914 0.500000
vt 0.494887 0.500000
vt 0.520676 0.634710
vt 0.499474 0.717592
vt 0.498819 0.566053
vt 0.491237 0.664475
vt 0.473252 0.750000
vt 0.490240 0.718098
vt 0.490915 0.750000
vt 0.489133 0.750000
vt 0.490993 0.729335
vt 0.492377 0.750000
vt 0.520891 0.690691
vt 0.521232 0.641034
vt 0.493600 0.679714
vt 0.497730 0.706343
vt 0.497433 0.744547
vt 0.499352 0.750000
vt 0.479109 0.940762
vt 0.485611 0.862867
vt 0.490930 0.774145
vt 0.493656 0.898389
vt 0.498587 1.000000
vt 0.494142 1.000000
vt 0.499508 1.000000
vt 0.520484 0.750000
vt 0.521680 1.000000
vt 0.497445 0.761251
vt 0.474449 1.000000
vt 0.474157 0.939013
vt 0.495437 0.050229
vt 0.500983 0.000000
vt 0.500963 0.058103
vt 0.489584 0.073978
vt 0.490255 0.000000
vt 0.489299 0.250000
vt 0.483394 0.250000
vt 0.485160 0.353232
vt 0.504749 0.250000
vt 0.479294 0.500000
vt 0.495505 0.705768
vt 0.495618 0.500000
vt 0.494533 0.750000
vt 0.495519 0.750000
vt 0.495453 1.000000
vt 0.492538 0.866599
vt 0.490255 1.000000
vt 0.500983 1.000000
vt 0.495618 0.750000
vt 0.504749 1.000000
vt 0.535042 0.000000
vt 0.531915 0.144904
vt 0.528759 0.000000
vt 0.526130 0.000000
vt 0.526078 0.250000
vt 0.535843 0.000000
vt 0.535276 0.020925
vt 0.468219 0.000000
vt 0.496091 0.143106
vt 0.487269 0.103669
vt 0.488010 0.250000
vt 0.486898 0.220458
vt 0.486165 0.250000
vt 0.499926 0.250000
vt 0.493932 0.250000
vt 0.492234 0.296996
vt 0.487859 0.500000
vt 0.488416 0.419167
vt 0.499646 0.316116
vt 0.491374 0.500000
vt 0.483485 0.459497
vt 0.479207 0.500000
vt 0.479972 0.319391
vt 0.487303 0.416709
vt 0.528427 0.400987
vt 0.526028 0.436449
vt 0.484373 0.250000
vt 0.484284 0.271077
vt 0.528007 0.500000
vt 0.464455 0.488910
vt 0.483313 0.500000
vt 0.479870 0.500000
vt 0.469961 0.745759
vt 0.467159 0.750000
vt 0.466090 0.710550
vt 0.477544 0.750000
vt 0.489933 0.749005
vt 0.482686 0.613336
vt 0.524119 0.586876
vt 0.528604 0.750000
vt 0.520566 0.750000
vt 0.493004 0.500000
vt 0.487234 0.615397
vt 0.488028 0.503548
vt 0.486069 0.657303
vt 0.477917 0.837985
vt 0.470066 0.750000
vt 0.520611 0.918387
vt 0.468219 1.000000
vt 0.534595 0.894657
vt 0.532436 0.880428
vt 0.535392 0.893649
vt 0.528693 0.751316
vt 0.534783 0.750000
vt 0.526130 1.000000
vt 0.535042 1.000000
vt 0.535780 0.985192
vt 0.535843 1.000000
vt 0.534857 0.956263
vt 0.560266 0.197229
vt 0.556411 0.250000
vt 0.552801 0.000000
vt 0.548360 0.000000
vt 0.548065 0.250000
vt 0.547298 0.196831
vt 0.538159 0.024758
vt 0.512434 0.250000
vt 0.537768 0.000000
vt 0.538465 0.000000
vt 0.563417 0.250000
vt 0.556387 0.000000
vt 0.554931 0.250000
vt 0.534920 0.340885
vt 0.551086 0.435345
vt 0.556830 0.275690
vt 0.554567 0.338590
vt 0.537896 0.500000
vt 0.530930 0.460926
vt 0.561269 0.250000
vt 0.559172 0.402930
vt 0.553692 0.326368
vt 0.526672 0.750000
vt 0.511755 0.500000
vt 0.532423 0.500000
vt 0.531359 0.750000
vt 0.549258 0.699533
vt 0.549384 0.750000
vt 0.548529 0.750000
vt 0.555290 0.750000
vt 0.553944 0.929861
vt 0.548360 1.000000
vt 0.547457 0.944358
vt 0.533169 0.804454
vt 0.528748 0.920094
vt 0.545495 0.936220
vt 0.517709 1.000000
vt 0.517030 0.750000
vt 0.538437 0.993203
vt 0.538465 1.000000
vt 0.537768 1.000000
vt 0.554540 0.893301
vt 0.556387 1.000000
vt 0.552801 1.000000
vt 0.555082 1.000000
vt 0.471316 0.310338
vt 0.479612 0.500000
vt 0.470254 0.500000
vt 0.473796 0.741217
vt 0.531862 0.204949
vt 0.527542 0.152542
vt 0.528386 0.006053
vt 0.533014 0.005044
vt 0.510496 0.000000
vt 0.551908 0.000000
vt 0.514107 0.250000
vt 0.527234 0.205959
vt 0.551440 0.250000
vt 0.538902 0.420767
vt 0.509064 0.500000
vt 0.539437 0.500000
vt 0.545799 0.383689
vt 0.546584 0.500000
vt 0.552673 0.684268
vt 0.552796 0.750000
vt 0.530728 0.695658
vt 0.535355 0.696668
vt 0.531041 0.750000
vt 0.552328 0.500000
vt 0.547697 0.750000
vt 0.552343 0.877573
vt 0.547028 0.849005
vt 0.528526 0.990018
vt 0.551908 1.000000
vt 0.508682 0.989192
vt 0.533130 0.991683
vt 0.523544 0.250000
vt 0.518910 0.100534
vt 0.524909 0.150393
vt 0.537495 0.182264
vt 0.537344 0.250000
vt 0.536841 0.250000
vt 0.542945 0.133899
vt 0.539326 0.110826
vt 0.553309 0.024212
vt 0.540883 0.250000
vt 0.545010 0.250000
vt 0.515542 0.000000
vt 0.530058 0.188906
vt 0.532749 0.000000
vt 0.539855 0.250000
vt 0.540212 0.236581
vt 0.538128 0.194922
vt 0.516861 0.250000
vt 0.516544 0.500000
vt 0.516479 0.500000
vt 0.539811 0.251293
vt 0.513997 0.352280
vt 0.512280 0.250000
vt 0.539547 0.377275
vt 0.540416 0.426361
vt 0.540401 0.426595
vt 0.532623 0.250000
vt 0.532830 0.460353
vt 0.538830 0.445612
vt 0.545308 0.336385
vt 0.561928 0.250000
vt 0.560585 0.500000
vt 0.540073 0.327167
vt 0.541307 0.454623
vt 0.536936 0.481365
vt 0.540420 0.427719
vt 0.541029 0.462855
vt 0.540587 0.475914
vt 0.541672 0.500000
vt 0.540859 0.419354
vt 0.541884 0.500000
vt 0.517475 0.576367
vt 0.540818 0.609485
vt 0.540310 0.520229
vt 0.541961 0.582254
vt 0.537293 0.533222
vt 0.537184 0.696045
vt 0.536530 0.711609
vt 0.542403 0.643775
vt 0.538050 0.750000
vt 0.541956 0.519958
vt 0.542620 0.566564
vt 0.553130 0.695299
vt 0.543429 0.637415
vt 0.542215 0.591803
vt 0.542163 0.577435
vt 0.539305 0.576756
vt 0.517579 0.575504
vt 0.541115 0.840571
vt 0.534789 0.882182
vt 0.515542 1.000000
vt 0.534673 1.000000
vt 0.532749 1.000000
vt 0.541427 0.750000
vt 0.486429 0.250000
vt 0.482553 0.231764
vt 0.481536 0.186943
vt 0.498346 0.250000
vt 0.497402 0.185515
vt 0.509378 0.000000
vt 0.484703 0.000000
vt 0.481033 0.250000
vt 0.480468 0.250000
vt 0.489765 0.412205
vt 0.513305 0.250000
vt 0.490167 0.500000
vt 0.483997 0.500000
vt 0.478691 0.361954
vt 0.480216 0.442206
vt 0.477405 0.442913
vt 0.480969 0.500000
vt 0.476498 0.500000
vt 0.481861 0.594212
vt 0.485308 0.750000
vt 0.479359 0.668868
vt 0.488605 0.675133
vt 0.499682 0.708363
vt 0.518647 0.500000
vt 0.498916 0.750000
vt 0.489260 0.646245
vt 0.487418 0.635264
vt 0.487032 0.656260
vt 0.482466 0.859131
vt 0.480733 0.750000
vt 0.496298 0.850506
vt 0.514720 0.750000
vt 0.488958 1.000000
vt 0.485828 0.951990
vt 0.484703 1.000000
vt 0.484192 0.967849
vt 0.484254 0.927830
vt 0.483860 0.946955
vt 0.505695 0.187549
vt 0.507915 0.250000
vt 0.504603 0.250000
vt 0.491910 0.235342
vt 0.523324 0.000000
vt 0.492474 0.250000
vt 0.491678 0.250000
vt 0.491475 0.500000
vt 0.491659 0.272731
vt 0.522314 0.500000
vt 0.514581 0.500000
vt 0.505001 0.500000
vt 0.508161 0.680650
vt 0.512602 0.750000
vt 0.495430 0.750000
vt 0.495632 1.000000
vt 0.506306 0.250000
vt 0.504509 0.250000
vt 0.506132 0.205564
vt 0.514793 0.250000
vt 0.513579 0.224880
vt 0.514821 0.242551
vt 0.490833 0.250000
vt 0.515757 0.000000
vt 0.509001 0.500000
vt 0.503003 0.360976
vt 0.486406 0.500000
vt 0.513430 0.250000
vt 0.510683 0.376014
vt 0.520807 0.466167
vt 0.523147 0.483073
vt 0.520569 0.500000
vt 0.523753 0.500000
vt 0.522699 0.500000
vt 0.511675 0.500000
vt 0.512193 0.587364
vt 0.507181 0.665990
vt 0.486994 0.750000
vt 0.523839 0.635228
vt 0.524306 0.643228
vt 0.520654 0.514328
vt 0.514010 0.750000
vt 0.512452 0.630991
vt 0.513330 0.618495
vt 0.510250 0.750000
vt 0.507832 0.500000
vt 0.511306 0.827831
vt 0.524718 0.750000
vt 0.491421 1.000000
vt 0.523431 0.000000
vt 0.526281 0.000000
vt 0.524803 0.055981
vt 0.521949 0.250000
vt 0.512874 0.250000
vt 0.521135 0.500000
vt 0.509232 0.500000
vt 0.526244 0.750000
vt 0.501571 0.750000
vt 0.526586 0.882409
vt 0.505213 1.000000
vt 0.523431 1.000000
vt 0.526281 1.000000
vt 0.514122 0.034845
vt 0.514116 0.000000
vt 0.517369 0.000000
vt 0.504370 0.250000
vt 0.511250 0.000000
vt 0.498949 0.000000
vt 0.504005 0.181757
vt 0.551420 0.032823
vt 0.548461 0.140938
vt 0.541212 0.051597
vt 0.552625 0.140269
vt 0.548449 0.168132
vt 0.538040 0.180479
vt 0.540737 0.061661
vt 0.541403 0.126440
vt 0.552329 0.000000
vt 0.552435 0.018159
vt 0.552650 0.140265
vt 0.553130 0.136899
vt 0.552601 0.250000
vt 0.526451 0.181647
vt 0.521241 0.250000
vt 0.520878 0.000000
vt 0.501062 0.053752
vt 0.505606 0.000000
vt 0.507100 0.064970
vt 0.548442 0.183084
vt 0.549253 0.250000
vt 0.548413 0.250000
vt 0.540103 0.000000
vt 0.537451 0.131257
vt 0.533713 0.250000
vt 0.541015 0.250000
vt 0.543066 0.206566
vt 0.538871 0.250000
vt 0.536180 0.250000
vt 0.538672 0.233367
vt 0.543038 0.204236
vt 0.545425 0.250000
vt 0.548477 0.182324
vt 0.505397 0.377271
vt 0.503595 0.459801
vt 0.502675 0.399144
vt 0.500411 0.250000
vt 0.527153 0.250000
vt 0.533765 0.324155
vt 0.541987 0.500000
vt 0.531690 0.500000
vt 0.506193 0.475761
vt 0.549098 0.500000
vt 0.546239 0.437704
vt 0.548535 0.294710
vt 0.537674 0.500000
vt 0.553287 0.500000
vt 0.553791 0.250000
vt 0.557586 0.500000
vt 0.528441 0.750000
vt 0.536692 0.582090
vt 0.540453 0.661750
vt 0.549170 0.661816
vt 0.553359 0.662490
vt 0.504467 0.586394
vt 0.505439 0.544102
vt 0.505958 0.563678
vt 0.507496 0.540242
vt 0.512567 0.724500
vt 0.508534 0.660889
vt 0.503625 0.599210
vt 0.503439 0.631092
vt 0.549444 0.750000
vt 0.546873 0.750000
vt 0.547237 0.714540
vt 0.504206 0.500000
vt 0.532759 0.507136
vt 0.502743 0.750000
vt 0.503072 0.693846
vt 0.504560 0.750000
vt 0.513269 0.750000
vt 0.516389 0.750000
vt 0.507802 0.692705
vt 0.506485 0.750000
vt 0.503256 0.662369
vt 0.511250 1.000000
vt 0.505606 1.000000
vt 0.537858 0.851115
vt 0.520878 1.000000
vt 0.553090 0.948007
vt 0.551779 0.937473
vt 0.552311 0.880763
vt 0.551192 1.000000
vt 0.548224 0.908915
vt 0.539181 0.836274
vt 0.540103 1.000000
vt 0.517369 1.000000
vt 0.514116 1.000000
vt 0.514906 0.943405
vt 0.549343 0.896365
vt 0.556123 0.750000
vt 0.553102 0.949049
vt 0.553115 0.948207
vt 0.502486 1.000000
vt 0.498949 1.000000
vt 0.500128 0.096249
vt 0.498885 0.137752
vt 0.498708 0.133416
vt 0.546298 0.105872
vt 0.549559 0.250000
vt 0.547638 0.250000
vt 0.559788 0.201919
vt 0.554678 0.250000
vt 0.555157 0.093189
vt 0.545330 0.001748
vt 0.545385 0.000000
vt 0.545398 0.000786
vt 0.546376 0.059347
vt 0.545453 0.000000
vt 0.546475 0.000000
vt 0.533722 0.163805
vt 0.545314 0.000000
vt 0.538851 0.250000
vt 0.539117 0.090487
vt 0.557474 0.000000
vt 0.564273 0.000000
vt 0.560717 0.160087
vt 0.546058 0.250000
vt 0.530173 0.250000
vt 0.535186 0.250000
vt 0.549500 0.261818
vt 0.536529 0.412959
vt 0.540873 0.500000
vt 0.534710 0.485319
vt 0.527167 0.289573
vt 0.494252 0.250000
vt 0.544881 0.332583
vt 0.553766 0.500000
vt 0.542495 0.500000
vt 0.558285 0.476586
vt 0.558720 0.250000
vt 0.561346 0.363553
vt 0.542123 0.335379
vt 0.532972 0.410245
vt 0.533798 0.500000
vt 0.527021 0.500000
vt 0.527435 0.295145
vt 0.540903 0.496033
vt 0.555116 0.322204
vt 0.525071 0.500000
vt 0.541112 0.500000
vt 0.533624 0.704210
vt 0.534423 0.515180
vt 0.542529 0.520237
vt 0.562863 0.750000
vt 0.556716 0.749103
vt 0.559147 0.629068
vt 0.533992 0.750000
vt 0.530434 0.750000
vt 0.532880 0.605977
vt 0.526873 0.738109
vt 0.524927 0.750000
vt 0.523403 0.712979
vt 0.525672 0.579405
vt 0.505541 0.601568
vt 0.491039 0.500000
vt 0.508648 0.750000
vt 0.500859 0.715684
vt 0.556697 0.750000
vt 0.552406 0.731003
vt 0.554325 0.750000
vt 0.552743 0.750000
vt 0.527492 0.710394
vt 0.526607 0.750000
vt 0.526963 0.750000
vt 0.528344 0.750000
vt 0.496592 0.750000
vt 0.497542 0.905695
vt 0.494166 0.854883
vt 0.526748 0.779297
vt 0.502805 0.984927
vt 0.501886 0.750000
vt 0.553266 0.764748
vt 0.546885 0.750000
vt 0.534656 0.837448
vt 0.564273 1.000000
vt 0.557474 1.000000
vt 0.527964 0.850547
vt 0.546257 0.984728
vt 0.526911 0.813151
vt 0.527351 0.789002
vt 0.527384 0.792297
vt 0.527430 0.790270
vt 0.532802 0.750000
vt 0.530530 0.797222
vt 0.530619 0.841585
vt 0.529366 0.821415
vt 0.545382 0.999567
vt 0.545385 1.000000
vt 0.545314 1.000000
vt 0.546475 1.000000
vt 0.545453 1.000000
vt 0.570055 0.750000
vt 0.565571 0.943899
vt 0.494418 0.250000
vt 0.491835 0.000000
vt 0.496069 0.013690
vt 0.499083 0.000000
vt 0.496052 0.000000
vt 0.482712 0.000000
vt 0.486079 0.153977
vt 0.485183 0.250000
vt 0.472012 0.115915
vt 0.466480 0.250000
vt 0.466164 0.000000
vt 0.499757 0.189293
vt 0.496366 0.250000
vt 0.499410 0.091803
vt 0.499399 0.088710
vt 0.499462 0.090140
vt 0.509834 0.000000
vt 0.495461 0.000000
vt 0.490342 0.250000
vt 0.490617 0.071847
vt 0.489110 0.000000
vt 0.490938 0.000000
vt 0.489840 0.034802
vt 0.496291 0.190648
vt 0.476702 0.219310
vt 0.474712 0.250000
vt 0.480717 0.065394
vt 0.476748 0.250000
vt 0.480083 0.250000
vt 0.475250 0.000000
vt 0.471832 0.250000
vt 0.487284 0.181115
vt 0.476935 0.277037
vt 0.485259 0.278811
vt 0.484590 0.250000
vt 0.469418 0.442382
vt 0.475534 0.387389
vt 0.465611 0.500000
vt 0.491709 0.365097
vt 0.488683 0.500000
vt 0.480765 0.500000
vt 0.491769 0.365461
vt 0.492149 0.250000
vt 0.495831 0.390085
vt 0.511651 0.250000
vt 0.478748 0.545448
vt 0.485156 0.750000
vt 0.465295 0.750000
vt 0.492131 0.609286
vt 0.488546 0.588417
vt 0.510782 0.500000
vt 0.493474 0.750000
vt 0.485884 0.750000
vt 0.490383 0.648660
vt 0.485174 0.749124
vt 0.485202 0.750000
vt 0.491450 0.899295
vt 0.490030 0.960416
vt 0.482712 1.000000
vt 0.509318 0.888023
vt 0.495502 0.856225
vt 0.493287 0.820263
vt 0.509834 1.000000
vt 0.499083 1.000000
vt 0.491835 1.000000
vt 0.491508 0.896806
vt 0.495461 1.000000
vt 0.491381 0.881213
vt 0.476062 0.864330
vt 0.483148 0.836407
vt 0.481696 1.000000
vt 0.475250 1.000000
vt 0.491433 0.894853
vt 0.490938 1.000000
vt 0.489110 1.000000
vt 0.471149 0.000000
vt 0.478889 0.134957
vt 0.477696 0.233485
vt 0.478332 0.250000
vt 0.461512 0.002727
vt 0.461608 0.250000
vt 0.456515 0.176515
vt 0.461443 0.000000
vt 0.456529 0.250000
vt 0.458358 0.250000
vt 0.456050 0.412008
vt 0.452037 0.500000
vt 0.475656 0.500000
vt 0.477693 0.317743
vt 0.478221 0.500000
vt 0.459975 0.500000
vt 0.466233 0.353686
vt 0.481379 0.500000
vt 0.483237 0.391200
vt 0.487016 0.500000
vt 0.484128 0.600349
vt 0.480370 0.665191
vt 0.470276 0.617981
vt 0.451992 0.750000
vt 0.459910 0.669120
vt 0.481247 0.750000
vt 0.484679 0.750000
vt 0.487341 0.745783
vt 0.488226 0.750000
vt 0.464149 0.500000
vt 0.487432 0.585883
vt 0.484544 0.713451
vt 0.458365 0.783914
vt 0.471874 0.750000
vt 0.461443 1.000000
vt 0.480612 0.969206
vt 0.479542 1.000000
vt 0.456484 1.000000
vt 0.454256 0.876019
vt 0.481227 0.951499
vt 0.448676 0.500000
vt 0.447878 0.500000
vt 0.447933 0.492242
vt 0.448836 0.559206
vt 0.482603 0.500000
vt 0.482753 0.449012
vt 0.484097 0.500000
vt 0.480887 0.500000
vt 0.476019 0.500000
vt 0.481256 0.459606
vt 0.482732 0.448221
vt 0.482755 0.448039
vt 0.493117 0.368117
vt 0.498288 0.500000
vt 0.484840 0.540588
vt 0.482802 0.607802
vt 0.482633 0.516035
vt 0.481019 0.533715
vt 0.477261 0.750000
vt 0.490842 0.680465
vt 0.499034 0.750000
vt 0.485190 0.610189
vt 0.489989 0.510546
vt 0.498205 0.922672
vt 0.476916 0.758461
vt 0.475819 0.750000
vt 0.448883 0.249543
vt 0.453167 0.000000
vt 0.463933 0.057337
vt 0.441553 0.237543
vt 0.435903 0.250000
vt 0.438946 0.000000
vt 0.445360 0.000000
vt 0.448859 0.249505
vt 0.447142 0.246694
vt 0.441574 0.250000
vt 0.448883 0.250000
vt 0.434199 0.250000
vt 0.434517 0.233251
vt 0.448851 0.250000
vt 0.447193 0.250000
vt 0.469046 0.250000
vt 0.469360 0.230878
vt 0.469958 0.250000
vt 0.446260 0.277730
vt 0.448878 0.252708
vt 0.448922 0.252288
vt 0.442463 0.390511
vt 0.435673 0.374070
vt 0.469335 0.388676
vt 0.463022 0.389290
vt 0.449992 0.500000
vt 0.469760 0.294080
vt 0.468834 0.500000
vt 0.451056 0.468399
vt 0.433901 0.356777
vt 0.443568 0.500000
vt 0.446965 0.696766
vt 0.461016 0.750000
vt 0.438249 0.750000
vt 0.447483 0.789713
vt 0.453167 1.000000
vt 0.445360 1.000000
vt 0.579237 0.000000
vt 0.581506 0.104927
vt 0.578230 0.105370
vt 0.561817 0.000000
vt 0.562856 0.250000
vt 0.556126 0.229818
vt 0.545990 0.173502
vt 0.544585 0.000000
vt 0.548252 0.083569
vt 0.574981 0.250000
vt 0.574931 0.250000
vt 0.574930 0.249011
vt 0.563221 0.021262
vt 0.547569 0.250000
vt 0.550737 0.330518
vt 0.550391 0.321733
vt 0.550764 0.313939
vt 0.556415 0.275607
vt 0.557403 0.500000
vt 0.574949 0.250927
vt 0.565823 0.393109
vt 0.565997 0.500000
vt 0.564759 0.401506
vt 0.559161 0.445713
vt 0.559234 0.500000
vt 0.557459 0.250000
vt 0.576597 0.309336
vt 0.560671 0.500000
vt 0.577468 0.500000
vt 0.575787 0.500000
vt 0.577452 0.674308
vt 0.568795 0.500000
vt 0.556423 0.750000
vt 0.559444 0.631679
vt 0.559306 0.545119
vt 0.566047 0.531705
vt 0.553109 0.750000
vt 0.563701 0.668395
vt 0.581413 0.750000
vt 0.561817 1.000000
vt 0.556493 1.000000
vt 0.557747 0.900128
vt 0.555608 0.952293
vt 0.548946 0.899689
vt 0.550919 0.783617
vt 0.551168 0.809359
vt 0.549599 0.817176
vt 0.543930 0.961273
vt 0.579237 1.000000
vt 0.581629 0.780869
vt 0.583162 1.000000
vt 0.544585 1.000000
vt 0.542407 1.000000
vt 0.441605 0.000000
vt 0.441323 0.017609
vt 0.441036 0.000000
vt 0.449268 0.088408
vt 0.443662 0.087628
vt 0.442831 0.000000
vt 0.438617 0.076645
vt 0.416391 0.250000
vt 0.452335 0.250000
vt 0.450039 0.103386
vt 0.449566 0.053063
vt 0.469016 0.172488
vt 0.468637 0.250000
vt 0.466954 0.250000
vt 0.437602 0.250000
vt 0.440318 0.080349
vt 0.444304 0.200374
vt 0.441626 0.250000
vt 0.445202 0.250000
vt 0.449068 0.112107
vt 0.448143 0.221753
vt 0.447905 0.250000
vt 0.447691 0.250000
vt 0.449682 0.100731
vt 0.449173 0.099624
vt 0.444715 0.000000
vt 0.442421 0.084926
vt 0.445114 0.250000
vt 0.444667 0.193644
vt 0.445160 0.251566
vt 0.448686 0.500000
vt 0.437950 0.337559
vt 0.422786 0.404217
vt 0.429261 0.250000
vt 0.468359 0.403992
vt 0.468185 0.500000
vt 0.466406 0.500000
vt 0.448012 0.292132
vt 0.452540 0.331016
vt 0.455112 0.500000
vt 0.449637 0.500000
vt 0.450680 0.465874
vt 0.463428 0.500000
vt 0.438208 0.402365
vt 0.423704 0.500000
vt 0.464781 0.550881
vt 0.449038 0.522022
vt 0.447938 0.562519
vt 0.450352 0.715240
vt 0.440019 0.588873
vt 0.449473 0.549145
vt 0.452689 0.750000
vt 0.454443 0.674977
vt 0.455075 0.750000
vt 0.418239 0.658364
vt 0.444596 0.500000
vt 0.451890 0.700101
vt 0.450645 0.750000
vt 0.471815 0.750000
vt 0.442600 0.750000
vt 0.441036 1.000000
vt 0.420021 1.000000
vt 0.452146 0.886422
vt 0.450226 0.915772
vt 0.441605 1.000000
vt 0.441694 0.977778
vt 0.442831 1.000000
vt 0.444715 1.000000
vt 0.454671 0.909871
vt 0.472267 1.000000
vt 0.441979 0.968127
vt 0.497900 0.000000
vt 0.544880 0.250000
vt 0.496961 0.250000
vt 0.504997 0.500000
vt 0.534753 0.544271
vt 0.505936 0.750000
vt 0.539947 0.500000
vt 0.532853 0.750000
vt 0.539762 0.750000
vt 0.536070 0.925939
vt 0.545454 1.000000
vt 0.545656 0.000000
vt 0.545515 0.006416
vt 0.545130 0.000000
vt 0.502476 0.200939
vt 0.540154 0.250000
vt 0.469084 0.250000
vt 0.473568 0.052590
vt 0.473480 0.050223
vt 0.473496 0.049486
vt 0.499701 0.000000
vt 0.504241 0.000000
vt 0.497303 0.283739
vt 0.500649 0.483835
vt 0.496568 0.406851
vt 0.493762 0.352625
vt 0.493637 0.368637
vt 0.526060 0.400244
vt 0.521042 0.500000
vt 0.522059 0.309202
vt 0.486120 0.455824
vt 0.488599 0.500000
vt 0.485774 0.500000
vt 0.484494 0.461146
vt 0.488656 0.486268
vt 0.470365 0.500000
vt 0.479165 0.284017
vt 0.501852 0.282293
vt 0.484332 0.500000
vt 0.485663 0.500000
vt 0.463861 0.500000
vt 0.467066 0.346551
vt 0.466908 0.500000
vt 0.486294 0.549853
vt 0.488659 0.516235
vt 0.525528 0.500000
vt 0.522514 0.679107
vt 0.484514 0.549608
vt 0.467461 0.625351
vt 0.484603 0.573895
vt 0.492610 0.500000
vt 0.488380 0.750000
vt 0.500807 0.680254
vt 0.479871 0.750000
vt 0.510085 0.750000
vt 0.500231 0.750000
vt 0.469362 0.750000
vt 0.467672 0.673169
vt 0.467029 0.643980
vt 0.509136 0.821576
vt 0.499279 0.929273
vt 0.499701 1.000000
vt 0.490053 0.964011
vt 0.473669 0.956150
vt 0.545656 1.000000
vt 0.545130 1.000000
vt 0.545365 0.986071
vt 0.495216 0.750000
vt 0.496369 0.897476
vt 0.503828 0.930720
vt 0.000000 0.000000
vt 0.487906 0.000000
vt 0.531123 0.000000
vt 0.489196 0.500000
vt 0.532413 0.750000
vt 0.523841 0.750000
vt 0.489196 0.750000
vt 0.487906 1.000000
vt 0.511305 0.250000
vt 0.478013 0.250000
vt 0.474689 0.000000
vt 0.484526 0.000000
vt 0.491118 0.036915
vt 0.525835 0.000000
vt 0.484206 0.348446
vt 0.477090 0.471834
vt 0.475393 0.452026
vt 0.493766 0.603977
vt 0.474689 1.000000
vt 0.472507 0.831662
vt 0.504255 1.000000
vt 0.483868 0.000000
vt 0.521154 0.174798
vt 0.495053 0.047876
vt 0.499699 0.114828
vt 0.525869 0.034672
vt 0.502437 0.000000
vt 0.480769 0.432171
vt 0.481045 0.547658
vt 0.494096 1.000000
vt 0.483868 1.000000
vt 0.502437 1.000000
vt 0.521750 0.986876
vt 0.530759 1.000000
vt 0.528217 0.992477
vt 0.527823 0.863913
vt 0.483437 0.250000
vt 0.480939 0.000000
vt 0.527599 0.000000
vt 0.530096 0.250000
vt 0.522722 0.393575
vt 0.506392 0.500000
vt 0.530324 0.500000
vt 0.527325 0.603423
vt 0.527827 0.750000
vt 0.481000 0.933337
vt 0.522002 0.897002
vt 0.524700 0.763430
vt 0.495139 1.000000
vt 0.527599 1.000000
vt 0.522090 0.799895
vt 0.465602 0.167359
vt 0.510649 0.000000
vt 0.461477 0.250000
vt 0.461477 0.115115
vt 0.515404 0.750000
vt 0.510649 1.000000
vt 0.462350 1.000000
vt 0.461691 0.988726
vt 0.469121 0.790543
vt 0.494387 0.000000
vt 0.475300 0.000000
vt 0.496732 0.000000
vt 0.513497 0.000000
vt 0.498938 0.091117
vt 0.483903 0.313888
vt 0.476110 0.405532
vt 0.524354 0.487233
vt 0.495683 0.542628
vt 0.524704 0.755109
vt 0.513497 1.000000
vt 0.483370 0.878335
vt 0.472469 0.883382
vt 0.467576 0.000000
vt 0.468756 0.250000
vt 0.488213 0.066567
vt 0.517339 0.250000
vt 0.505945 0.382767
vt 0.495421 0.422911
vt 0.485353 0.328315
vt 0.520696 0.500000
vt 0.471728 0.581502
vt 0.480995 1.000000
vt 0.516159 1.000000
vt 0.508501 1.000000
vt 0.500947 0.871917
vt 0.467576 1.000000
vt 0.488737 0.214643
vt 0.511596 0.000000
vt 0.489286 0.133433
vt 0.524963 0.000000
vt 0.527742 0.250000
vt 0.499658 0.000000
vt 0.475600 0.000000
vt 0.492651 0.334445
vt 0.483395 0.318685
vt 0.489484 0.269561
vt 0.492221 0.373418
vt 0.485527 0.389547
vt 0.476569 0.500000
vt 0.525779 0.428034
vt 0.475716 0.491537
vt 0.506441 0.652526
vt 0.522724 0.796904
vt 0.475600 1.000000
vt 0.473211 0.783318
vt 0.503330 1.000000
vt 0.499658 1.000000
vt 0.462223 0.205549
vt 0.512059 0.193676
vt 0.462223 0.250000
vt 0.462223 0.000000
vt 0.518472 0.250000
vt 0.492958 0.500000
vt 0.462275 0.352996
vt 0.458065 0.395534
vt 0.469448 0.750000
vt 0.470314 0.668696
vt 0.488363 0.856248
vt 0.512513 0.791401
vt 0.462223 1.000000
vt 0.461165 0.962984
vt 0.496258 0.000000
vt 0.528554 0.250000
vt 0.525420 0.246605
vt 0.481299 0.250000
vt 0.483951 0.500000
vt 0.531205 0.500000
vt 0.517523 0.583838
vt 0.530042 0.503566
vt 0.525853 0.612694
vt 0.505853 0.692898
vt 0.528163 0.933388
vt 0.496258 1.000000
vt 0.527457 1.000000
vt 0.499575 0.047317
vt 0.501852 0.216078
vt 0.501454 0.000000
vt 0.512146 0.250000
vt 0.497244 0.038845
vt 0.489616 0.649899
vt 0.493959 0.534835
vt 0.504999 0.628851
vt 0.510783 0.750000
vt 0.501454 1.000000
vt 0.468870 1.000000
vt 0.554167 0.232600
vt 0.564907 0.000000
vt 0.519708 0.000000
vt 0.568795 0.613335
vt 0.556445 1.000000
vt 0.549208 1.000000
vt 0.564907 1.000000
vt 0.547187 0.250000
vt 0.486479 0.000000
vt 0.506727 0.352713
vt 0.481157 0.500000
vt 0.504534 0.750000
vt 0.508081 0.991265
vt 0.503713 1.000000
vt 0.486479 1.000000
vt 0.470655 0.000000
vt 0.455455 0.000000
vt 0.504917 0.000000
vt 0.505543 0.500000
vt 0.455455 1.000000
vt 0.526231 0.000000
vt 0.496257 0.750000
vt 0.526231 1.000000
vt 0.479115 0.000000
vt 0.449243 0.000000
vt 0.513955 0.000000
vt 0.523196 0.500000
vt 0.509642 1.000000
vt 0.529127 1.000000
vt 0.503375 0.000000
vt 0.503375 1.000000
vt 0.518873 0.000000
vt 0.472022 1.000000
vt 0.497747 0.152716
vt 0.501792 0.610005
vt 0.475256 0.000000
vt 0.498230 0.750000
vt 0.470926 0.763155
vt 0.517695 1.000000
vt 0.505153 0.000000
vt 0.523488 0.750000
vt 0.525957 1.000000
vt 0.500918 0.000000
vt 0.552023 0.500000
vt 0.525039 0.750000
vt 0.553393 0.650473
vt 0.524581 1.000000
vt 0.500918 1.000000
vt 0.553206 1.000000
vt 0.540307 1.000000
vt 0.513833 0.250000
vt 0.470311 0.250000
vt 0.471107 0.500000
vt 0.514630 0.750000
vt 0.490853 1.000000
vt 0.470311 1.000000
vt 0.561177 0.000000
vt 0.553945 0.000000
vt 0.523100 0.000000
vt 0.585047 0.000000
vt 0.543774 0.250000
vt 0.580085 0.379189
vt 0.569819 0.344168
vt 0.538113 1.000000
vt 0.513756 1.000000
vt 0.555473 1.000000
vt 0.523100 1.000000
vt 0.418476 0.000000
vt 0.427046 0.000000
vt 0.423942 0.250000
vt 0.440578 0.000000
vt 0.463783 0.000000
vt 0.504711 0.000000
vt 0.454285 0.262514
vt 0.416927 0.750000
vt 0.480141 0.837732
vt 0.475808 1.000000
vt 0.440578 1.000000
vt 0.416016 0.961936
vt 0.470597 0.000000
vt 0.521068 0.750000
vt 0.484555 1.000000
vt 0.509232 0.788191
vt 0.465466 0.000000
vt 0.510292 0.500000
vt 0.473068 0.250000
vt 0.498079 0.268139
vt 0.518923 0.750000
vt 0.490777 1.000000
vt 0.546134 0.575963
vt 0.546134 0.750000
vt 0.504022 0.527269
vt 0.503570 1.000000
vt 0.526053 1.000000
vt 0.494571 1.000000
vt 0.465818 0.000000
vt 0.506881 0.000000
vt 0.502191 0.021270
vt 0.516640 0.000000
vt 0.516980 0.539680
vt 0.502017 1.000000
vt 0.530982 0.250000
vt 0.515672 0.000000
vt 0.545481 0.000000
vt 0.538866 0.402704
vt 0.509141 0.500000
vt 0.537186 0.750000
vt 0.539408 1.000000
vt 0.540345 1.000000
vt 0.444757 0.250000
vt 0.390960 0.750000
vt 0.428397 0.750000
vt 0.496215 0.000000
vt 0.511304 0.000000
vt 0.486363 0.000000
vt 0.529113 0.000000
vt 0.491763 0.500000
vt 0.510068 0.393525
vt 0.511450 0.424767
vt 0.486404 0.500000
vt 0.529155 0.671702
vt 0.529155 0.750000
vt 0.496215 1.000000
vt 0.486363 1.000000
vt 0.453775 0.500000
vt 0.443382 0.466693
vt 0.450350 0.771021
vt 0.439796 1.000000
vt 0.529312 0.000000
vt 0.500709 0.000000
vt 0.505051 0.085143
vt 0.507276 0.271280
vt 0.481951 0.500000
vt 0.479490 0.000000
vt 0.511102 1.000000
vt 0.484049 0.848406
vt 0.528894 0.000000
vt 0.524092 0.750000
vt 0.528894 1.000000
vt 0.480664 1.000000
vt 0.486674 0.000000
vt 0.554094 0.000000
vt 0.576645 0.250000
vt 0.534332 0.336680
vt 0.542280 1.000000
vt 0.496322 0.811669
vt 0.497130 1.000000
vt 0.575258 1.000000
vt 0.539092 0.000000
vt 0.555963 0.500000
vt 0.504740 1.000000
vt 0.550892 1.000000
vt 0.546381 1.000000
vt 0.559622 0.939856
vt 0.557981 1.000000
vt 0.530818 0.750000
vt 0.525269 1.000000
vt 0.488273 1.000000
vt 0.514437 0.000000
vt 0.511946 0.550809
vt 0.514437 1.000000
vt 0.488892 1.000000
vt 0.516979 0.000000
vt 0.527765 0.000000
vt 0.525243 0.500000
vt 0.527961 0.732132
vt 0.524090 1.000000
vt 0.517739 0.987927
vt 0.516979 1.000000
vt 0.492499 1.000000
vt 0.455096 0.250000
vt 0.446215 0.750000
vt 0.491795 0.750000
vt 0.450363 1.000000
vt 0.444987 0.817292
vt 0.495436 1.000000
vt 0.469802 0.000000
vt 0.467319 0.960922
vt 0.505899 1.000000
vt 0.477655 0.250000
vt 0.506975 0.500000
vt 0.506210 0.750000
vt 0.504402 1.000000
vt 0.477655 1.000000
vt 0.457628 0.000000
vt 0.443668 0.109542
vt 0.477387 0.000000
vt 0.402321 0.500000
vt 0.478462 0.750000
vt 0.402321 0.750000
vt 0.430323 1.000000
vt 0.430697 0.913089
vt 0.436584 0.848899
vt 0.457119 1.000000
vt 0.509922 0.000000
vt 0.481133 0.000000
vt 0.485547 0.500000
vt 0.494409 0.490539
vt 0.494581 1.000000
vt 0.481133 1.000000
vt 0.513576 1.000000
vt 0.543410 1.000000
vt 0.527540 0.000000
vt 0.520233 0.174040
vt 0.506008 0.000000
vt 0.520662 0.333257
vt 0.521705 0.540179
vt 0.523247 0.750000
vt 0.523297 1.000000
vt 0.507897 0.000000
vt 0.523566 0.500000
vt 0.523486 1.000000
vt 0.476408 0.000000
vt 0.521583 0.678710
vt 0.519444 0.969302
vt 0.469465 1.000000
vt 0.532396 0.500000
vt 0.477695 0.000000
vt 0.484308 0.000000
vt 0.498273 0.000000
vt 0.475786 0.000000
vt 0.455460 0.000000
vt 0.483726 0.269118
vt 0.483980 0.500000
vt 0.498458 0.452365
vt 0.486186 0.523717
vt 0.475786 1.000000
vt 0.510191 0.750000
vt 0.506916 1.000000
vt 0.477673 1.000000
vt 0.450464 0.000000
vt 0.422188 1.000000
vt 0.450464 1.000000
vt 0.551780 0.000000
vt 0.553100 0.000000
vt 0.525834 0.250000
vt 0.500961 0.000000
vt 0.523108 0.000000
vt 0.531296 0.245286
vt 0.552872 0.257701
vt 0.509395 0.644925
vt 0.500961 1.000000
vt 0.553100 1.000000
vt 0.532593 1.000000
vt 0.528603 1.000000
vt 0.484382 0.000000
vt 0.483781 0.500000
vt 0.484382 1.000000
vt 0.589346 0.000000
vt 0.550625 0.250000
vt 0.555668 0.000000
vt 0.608429 0.118112
vt 0.622881 0.000000
vt 0.570777 0.750000
vt 0.550975 0.750000
vt 0.555668 1.000000
vt 0.622881 1.000000
vt 0.609238 1.000000
vt 0.458217 0.000000
vt 0.478623 0.320883
vt 0.457359 0.515114
vt 0.457798 0.878069
vt 0.482758 1.000000
vt 0.501326 1.000000
vt 0.468001 0.000000
vt 0.516197 0.250000
vt 0.517843 0.375901
vt 0.471269 0.500000
vt 0.499510 0.750000
vt 0.482867 0.684541
vt 0.471269 0.750000
vt 0.511593 1.000000
vt 0.426485 0.250000
vt 0.426485 0.000000
vt 0.466989 0.000000
vt 0.477265 0.250000
vt 0.461085 0.341691
vt 0.426171 0.500000
vt 0.423550 0.432556
vt 0.427479 0.750000
vt 0.473245 0.750000
vt 0.459543 0.763612
vt 0.458294 1.000000
vt 0.426485 1.000000
vt 0.466989 1.000000
vt 0.440783 0.000000
vt 0.489560 0.000000
vt 0.451343 0.000000
vt 0.452435 0.370198
vt 0.484229 0.500000
vt 0.484467 0.000000
vt 0.495660 0.000000
vt 0.454960 0.750000
vt 0.458206 1.000000
vt 0.493897 0.898972
vt 0.506331 1.000000
vt 0.460114 0.000000
vt 0.460114 1.000000
vt 0.481510 0.000000
vt 0.506618 0.000000
vt 0.454032 0.000000
vt 0.439804 0.500000
vt 0.481521 0.500000
vt 0.481510 1.000000
vt 0.499546 0.000000
vt 0.532823 0.000000
vt 0.542091 0.500000
vt 0.518340 0.277357
vt 0.535809 0.738624
vt 0.535380 0.785446
vt 0.548059 1.000000
vt 0.499546 1.000000
vt 0.514481 0.903320
vt 0.467971 0.000000
vt 0.512700 0.250000
vt 0.507996 0.414298
vt 0.478620 0.413934
vt 0.466025 0.750000
vt 0.496731 1.000000
vt 0.479392 0.000000
vt 0.491071 0.000000
vt 0.522428 0.108966
vt 0.518751 0.148577
vt 0.508827 0.500000
vt 0.474968 0.500000
vt 0.493504 0.678086
vt 0.491071 1.000000
vt 0.479392 1.000000
vt 0.495453 0.000000
vt 0.504749 0.000000
vt 0.475016 0.250000
vt 0.492130 0.710575
vt 0.523063 0.111567
vt 0.529067 0.250000
vt 0.465468 0.250000
vt 0.463661 0.168191
vt 0.489133 0.250000
vt 0.483510 0.182271
vt 0.466090 0.500000
vt 0.482310 0.578702
vt 0.495116 0.604528
vt 0.534826 0.760227
vt 0.528759 1.000000
vt 0.555082 0.000000
vt 0.547789 0.000000
vt 0.517709 0.000000
vt 0.561582 0.254375
vt 0.562320 0.500000
vt 0.539341 0.456526
vt 0.552937 0.867797
vt 0.524758 0.800053
vt 0.547789 1.000000
vt 0.512852 0.163118
vt 0.508299 0.284613
vt 0.535663 0.750000
vt 0.509532 0.750000
vt 0.510496 1.000000
vt 0.534673 0.000000
vt 0.552385 0.000000
vt 0.533516 0.500000
vt 0.537173 0.500000
vt 0.536955 0.708882
vt 0.551042 0.750000
vt 0.519741 0.750000
vt 0.552385 1.000000
vt 0.483666 0.061225
vt 0.488957 0.000000
vt 0.498824 0.273224
vt 0.492062 0.522732
vt 0.509378 1.000000
vt 0.533036 0.250000
vt 0.495632 0.000000
vt 0.523324 1.000000
vt 0.491421 0.000000
vt 0.516665 0.302241
vt 0.514409 0.648036
vt 0.515757 1.000000
vt 0.505213 0.000000
vt 0.527058 0.000000
vt 0.527058 1.000000
vt 0.517229 0.024350
vt 0.502486 0.000000
vt 0.551192 0.000000
vt 0.537755 0.000000
vt 0.542307 0.506781
vt 0.537755 1.000000
vt 0.552329 1.000000
vt 0.559876 0.173062
vt 0.503807 0.000000
vt 0.527437 0.294029
vt 0.487580 0.350432
vt 0.532078 0.500000
vt 0.564502 0.500000
vt 0.509421 0.731158
vt 0.547649 0.850623
vt 0.503807 1.000000
vt 0.511335 0.000000
vt 0.481696 0.000000
vt 0.468449 0.280417
vt 0.510465 0.750000
vt 0.511335 1.000000
vt 0.496052 1.000000
vt 0.491951 0.877759
vt 0.482178 0.919323
vt 0.466164 1.000000
vt 0.470289 0.071071
vt 0.479542 0.000000
vt 0.456484 0.000000
vt 0.487823 0.666803
vt 0.471149 1.000000
vt 0.492077 0.376136
vt 0.497492 0.334365
vt 0.483022 0.727486
vt 0.485694 0.710507
vt 0.460764 0.250000
vt 0.462140 0.000000
vt 0.444296 0.061649
vt 0.442635 0.312365
vt 0.433502 0.500000
vt 0.453489 0.968102
vt 0.462140 1.000000
vt 0.438946 1.000000
vt 0.583162 0.000000
vt 0.556493 0.000000
vt 0.542407 0.000000
vt 0.579217 0.250000
vt 0.578801 0.309458
vt 0.580225 0.674682
vt 0.552241 0.750000
vt 0.560367 0.781141
vt 0.578307 0.781053
vt 0.420021 0.000000
vt 0.453656 0.093325
vt 0.469529 0.188561
vt 0.472267 0.000000
vt 0.436051 0.382789
vt 0.416220 0.344515
vt 0.419569 0.750000
vt 0.450143 0.948755
vt 0.545454 0.000000
vt 0.540521 0.750000
vt 0.497900 1.000000
vt 0.474585 0.000000
vt 0.497955 0.198742
vt 0.496100 0.485281
vt 0.496777 0.371778
vt 0.484593 0.437497
vt 0.487447 0.286090
vt 0.469504 0.471407
vt 0.534932 0.500000
vt 0.526298 0.593643
vt 0.540433 0.750000
vt 0.510314 0.722290
vt 0.497843 0.930156
vt 0.504241 1.000000
vt 0.474585 1.000000
s 0
f 5/1/1 13/2/1 3/3/1
f 7/4/1 14/5/1 6/6/1
f 12/7/1 14/5/1 8/8/1
f 12/7/1 18/9/1 25/10/1
f 11/11/1 24/12/1 13/2/1
f 16/13/1 3/3/1 13/2/1
f 13/2/1 22/14/1 21/15/1
f 9/16/1 17/17/1 18/9/1
f 20/18/1 21/15/1 22/14/1
f 10/19/1 15/20/1 17/17/1
f 15/20/1 23/21/1 26/22/1
f 27/23/1 19/24/1 23/21/1
f 20/18/2 28/25/2 29/26/2
f 30/27/2 25/10/2 31/28/2
f 32/29/2 26/22/2 23/21/2
f 35/30/2 34/31/2 36/32/2
f 30/27/2 32/29/2 38/33/2
f 33/34/2 36/32/2 38/33/2
f 49/35/3 46/36/3 39/37/3
f 38/33/3 36/32/3 40/38/3
f 40/38/3 39/37/3 46/36/3
f 44/39/3 42/40/3 45/41/3
f 42/40/4 51/42/4 50/43/4
f 58/44/5 6/45/5 5/46/5
f 62/47/4 56/48/4 55/49/4
f 52/50/4 58/44/4 57/51/4
f 8/52/4 7/53/4 61/54/4
f 48/55/4 49/35/4 54/56/4
f 53/57/4 62/47/4 59/58/4
f 3/59/4 63/60/4 57/51/4
f 5/46/4 57/51/4 58/44/4
f 62/47/4 55/49/4 61/54/4
f 51/42/4 2/61/4 61/54/4
f 7/53/4 60/62/4 61/54/4
f 67/63/6 88/64/6 68/65/6
f 68/65/6 85/66/6 82/67/6
f 72/68/6 71/69/6 70/70/6
f 73/71/6 74/72/6 75/73/6
f 78/74/6 79/75/6 72/68/6
f 66/76/6 82/67/6 81/77/6
f 83/78/6 84/79/6 85/66/6
f 86/80/6 73/71/6 76/81/6
f 85/66/7 84/79/7 92/82/7
f 88/64/7 97/83/7 95/84/7
f 106/85/7 105/86/7 94/87/7
f 94/87/7 96/88/7 107/89/7
f 104/90/7 103/91/7 109/92/7
f 108/93/7 109/92/7 103/91/7
f 106/85/7 111/94/7 113/95/7
f 118/96/7 119/97/7 114/98/7
f 97/83/7 122/99/7 123/100/7
f 121/101/7 123/100/7 120/102/7
f 124/103/7 106/85/7 112/104/7
f 99/105/7 100/106/7 89/107/7
f 91/108/7 85/66/7 93/109/7
f 99/105/7 110/110/7 109/92/7
f 118/96/7 115/111/7 117/112/7
f 118/96/7 113/95/7 111/94/7
f 105/86/8 124/103/8 130/113/8
f 117/112/8 131/114/8 136/115/8
f 129/116/8 132/117/8 130/113/8
f 125/118/8 128/119/8 126/120/8
f 103/91/8 127/121/8 108/93/8
f 128/119/8 144/122/8 139/123/8
f 135/124/8 112/104/8 113/95/8
f 113/95/8 136/115/8 135/124/8
f 133/125/8 122/99/8 148/126/8
f 143/127/8 141/128/8 132/117/8
f 138/129/8 139/123/8 137/130/8
f 100/106/8 127/121/8 125/118/8
f 142/131/8 144/122/8 141/128/8
f 146/132/8 148/126/8 147/133/8
f 116/134/8 133/125/8 145/135/8
f 102/136/8 130/113/8 144/122/8
f 137/130/9 151/137/9 157/138/9
f 140/139/9 151/137/9 139/123/9
f 142/131/9 154/140/9 153/141/9
f 147/133/9 149/142/9 155/143/9
f 140/139/9 142/131/9 152/144/9
f 65/145/9 157/138/9 66/146/9
f 159/147/9 68/148/9 156/149/9
f 72/150/9 160/151/9 78/152/9
f 161/153/9 70/154/9 158/155/9
f 77/156/9 75/157/9 162/158/9
f 147/133/9 162/158/9 160/151/9
f 185/159/10 171/160/10 170/161/10
f 168/162/10 171/160/10 185/159/10
f 167/163/10 180/164/10 164/165/10
f 176/166/10 172/167/10 174/168/10
f 182/169/10 183/170/10 184/171/10
f 170/161/10 175/172/10 187/173/10
f 187/173/10 173/174/10 188/175/10
f 181/176/10 178/177/10 179/178/10
f 196/179/11 198/180/11 189/181/11
f 178/177/11 195/182/11 200/183/11
f 190/184/11 192/185/11 191/186/11
f 195/182/11 181/176/11 182/169/11
f 184/171/11 197/187/11 189/181/11
f 193/188/11 190/184/11 194/189/11
f 193/188/11 200/183/11 195/182/11
f 202/190/12 197/187/12 209/191/12
f 194/189/12 203/192/12 201/193/12
f 192/185/12 205/194/12 202/190/12
f 192/185/12 203/192/12 191/186/12
f 209/191/12 206/195/12 208/196/12
f 218/197/13 164/198/13 211/199/13
f 210/200/13 212/201/13 211/199/13
f 168/202/13 208/196/13 219/203/13
f 213/204/13 221/205/13 223/206/13
f 221/205/13 222/207/13 223/206/13
f 176/208/13 214/209/13 217/210/13
f 206/195/13 207/211/13 216/212/13
f 225/213/14 226/214/14 227/215/14
f 232/216/14 231/217/14 234/218/14
f 237/219/14 236/220/14 233/221/14
f 225/213/14 237/219/14 232/216/14
f 234/218/15 231/217/15 243/222/15
f 239/223/15 236/220/15 241/224/15
f 245/225/15 246/226/15 247/227/15
f 251/228/16 249/229/16 248/230/16
f 242/231/15 243/222/15 238/232/15
f 254/233/15 252/234/15 253/235/15
f 255/236/17 268/237/17 252/234/17
f 244/238/17 263/239/17 246/226/17
f 249/229/17 258/240/17 265/241/17
f 193/242/17 262/243/17 261/244/17
f 266/245/17 257/246/17 265/241/17
f 199/247/17 270/248/17 260/249/17
f 269/250/17 260/249/17 270/248/17
f 181/251/18 269/250/18 270/248/18
f 276/252/18 273/253/18 275/254/18
f 275/254/18 278/255/18 282/256/18
f 264/257/18 226/258/18 195/259/18
f 270/248/18 193/242/18 195/259/18
f 264/257/18 271/260/18 280/261/18
f 271/260/18 273/253/18 281/262/18
f 181/251/18 279/263/18 228/264/18
f 295/265/19 284/266/19 294/267/19
f 292/268/19 290/269/19 286/270/19
f 284/266/19 289/271/19 285/272/19
f 288/273/19 287/274/19 285/272/19
f 297/275/20 302/276/20 304/277/20
f 295/265/20 299/278/20 298/279/20
f 301/280/21 303/281/21 302/276/21
f 301/280/22 314/282/22 306/283/22
f 308/284/23 310/285/23 309/286/23
f 311/287/22 313/288/22 312/289/22
f 305/290/22 300/291/22 310/285/22
f 317/292/24 320/293/24 316/294/24
f 308/284/25 309/286/25 316/294/25
f 287/295/24 288/296/24 317/292/24
f 312/289/24 320/293/24 319/297/24
f 327/298/26 326/299/26 325/300/26
f 325/300/27 328/301/27 327/298/27
f 334/302/26 336/303/26 331/304/26
f 333/305/26 332/306/26 335/307/26
f 328/301/26 333/305/26 329/308/26
f 338/309/28 348/310/28 349/311/28
f 350/312/28 354/313/28 353/314/28
f 349/311/28 356/315/28 351/316/28
f 337/317/28 344/318/28 346/319/28
f 340/320/28 346/319/28 347/321/28
f 339/322/28 352/323/28 342/324/28
f 343/325/28 335/307/28 352/323/28
f 365/326/29 364/327/29 362/328/29
f 363/329/29 358/330/29 361/331/29
f 348/310/29 363/329/29 360/332/29
f 347/321/29 357/333/29 358/330/29
f 323/334/30 376/335/30 368/336/30
f 368/336/30 330/337/30 377/338/30
f 371/339/30 374/340/30 370/341/30
f 373/342/30 369/343/30 377/338/30
f 362/328/30 374/340/30 372/344/30
f 366/345/30 365/326/30 372/344/30
f 376/335/30 326/346/30 375/347/30
f 324/348/30 325/349/30 376/335/30
f 390/350/31 389/351/31 388/352/31
f 398/353/31 391/354/31 400/355/31
f 397/356/31 381/357/31 382/358/31
f 397/356/31 383/359/31 393/360/31
f 394/361/31 395/362/31 393/360/31
f 385/363/31 398/353/31 384/364/31
f 396/365/31 391/354/31 380/366/31
f 400/355/32 396/365/32 402/367/32
f 401/368/32 406/369/32 405/370/32
f 401/368/32 395/362/32 394/361/32
f 403/371/32 406/369/32 410/372/32
f 416/373/32 420/374/32 417/375/32
f 413/376/32 411/377/32 414/378/32
f 420/374/32 414/378/32 417/375/32
f 410/372/32 411/377/32 412/379/32
f 418/380/32 419/381/32 415/382/32
f 426/383/33 422/384/33 424/385/33
f 416/373/33 417/375/33 422/384/33
f 421/386/33 418/380/33 415/382/33
f 411/377/33 427/387/33 426/383/33
f 424/385/33 417/375/33 414/378/33
f 431/388/33 430/389/33 428/390/33
f 421/386/33 425/391/33 428/390/33
f 439/392/34 426/383/34 433/393/34
f 427/387/34 432/394/34 437/395/34
f 381/396/34 432/394/34 435/397/34
f 391/398/34 436/399/34 380/400/34
f 385/401/34 437/395/34 438/402/34
f 389/403/34 429/404/34 431/388/34
f 448/405/35 441/406/35 461/407/35
f 452/408/35 453/409/35 451/410/35
f 455/411/35 456/412/35 450/413/35
f 448/405/35 447/414/35 449/415/35
f 464/416/35 455/411/35 450/413/35
f 458/417/35 441/406/35 449/415/35
f 459/418/35 440/419/35 460/420/35
f 444/421/35 446/422/35 464/416/35
f 458/417/35 447/414/35 443/423/35
f 470/424/36 473/425/36 472/426/36
f 462/427/36 471/428/36 469/429/36
f 473/425/36 475/430/36 486/431/36
f 481/432/36 468/433/36 482/434/36
f 468/433/36 471/428/36 482/434/36
f 488/435/36 485/436/36 484/437/36
f 492/438/36 489/439/36 487/440/36
f 493/441/36 486/431/36 477/442/36
f 492/438/36 490/443/36 491/444/36
f 493/441/36 495/445/36 492/438/36
f 485/436/37 499/446/37 498/447/37
f 490/443/37 497/448/37 491/444/37
f 505/449/37 502/450/37 500/451/37
f 491/444/37 507/452/37 508/453/37
f 510/454/37 504/455/37 505/449/37
f 496/456/37 489/439/37 510/454/37
f 500/451/37 501/457/37 485/436/37
f 506/458/37 507/452/37 509/459/37
f 504/455/38 524/460/38 502/450/38
f 506/458/38 509/459/38 515/461/38
f 510/454/38 508/453/38 529/462/38
f 457/463/38 454/464/38 525/465/38
f 440/466/38 517/467/38 448/468/38
f 513/469/38 522/470/38 514/471/38
f 512/472/38 519/473/38 520/474/38
f 522/470/38 444/475/38 527/476/38
f 451/477/38 513/469/38 502/450/38
f 443/478/38 520/474/38 527/476/38
f 523/479/38 510/454/38 526/480/38
f 521/481/38 447/482/38 518/483/38
f 455/484/38 451/477/38 524/460/38
f 508/453/38 515/461/38 525/465/38
f 526/480/38 529/462/38 528/485/38
f 547/486/39 534/487/39 533/488/39
f 530/489/39 552/490/39 551/491/39
f 538/492/39 537/493/39 539/494/39
f 531/495/39 538/492/39 549/496/39
f 549/496/39 542/497/39 550/498/39
f 541/499/39 544/500/39 545/501/39
f 552/490/39 540/502/39 550/498/39
f 543/503/39 551/491/39 550/498/39
f 555/504/40 542/497/40 557/505/40
f 569/506/40 543/503/40 555/504/40
f 549/496/40 557/505/40 542/497/40
f 563/507/40 562/508/40 575/509/40
f 539/494/40 574/510/40 572/511/40
f 556/512/40 570/513/40 572/511/40
f 537/493/40 573/514/40 574/510/40
f 553/515/40 554/516/40 562/508/40
f 553/515/40 564/517/40 565/518/40
f 544/500/40 561/519/40 554/516/40
f 560/520/40 566/521/40 567/522/40
f 576/523/41 574/510/41 601/524/41
f 600/525/41 588/526/41 587/527/41
f 590/528/42 576/523/42 589/529/42
f 573/514/42 577/530/42 574/510/42
f 580/531/41 599/532/41 597/533/41
f 564/517/41 579/534/41 582/535/41
f 565/518/41 585/536/41 566/521/41
f 571/537/41 591/538/41 578/539/41
f 583/540/41 598/541/41 602/542/41
f 581/543/41 565/518/41 584/544/41
f 581/543/42 584/544/42 580/531/42
f 596/545/42 592/546/42 595/547/42
f 584/544/41 583/540/41 599/532/41
f 596/545/43 604/548/43 608/549/43
f 605/550/43 531/551/43 608/549/43
f 586/552/43 605/550/43 588/526/43
f 611/553/44 609/554/44 612/555/44
f 615/556/44 614/557/44 616/558/44
f 560/559/45 610/560/45 611/553/45
f 560/559/44 567/561/44 620/562/44
f 553/563/44 621/564/44 560/559/44
f 627/565/44 624/566/44 623/567/44
f 629/568/44 628/569/44 626/570/44
f 631/571/45 632/572/45 633/573/45
f 636/574/44 632/572/44 635/575/44
f 619/576/44 618/577/44 617/578/44
f 638/579/46 624/566/46 625/580/46
f 638/579/46 639/581/46 648/582/46
f 641/583/46 643/584/46 657/585/46
f 633/573/46 647/586/46 646/587/46
f 631/571/46 643/584/46 635/575/46
f 633/573/46 645/588/46 644/589/46
f 645/588/46 658/590/46 657/585/46
f 642/591/46 651/592/46 652/593/46
f 640/594/46 630/595/46 641/583/46
f 640/594/46 652/593/46 653/596/46
f 651/592/46 658/590/46 655/597/46
f 647/586/46 658/590/46 646/587/46
f 640/594/46 649/598/46 648/582/46
f 655/597/46 659/599/46 656/600/46
f 661/601/47 660/602/47 652/593/47
f 668/603/48 663/604/48 664/605/48
f 656/600/47 664/605/47 651/592/47
f 665/606/47 661/601/47 666/607/47
f 678/608/48 649/598/48 660/602/48
f 672/609/47 671/610/47 668/603/47
f 673/611/48 684/612/48 682/613/48
f 672/609/49 670/614/49 673/611/49
f 575/615/47 579/616/47 563/617/47
f 674/618/47 681/619/47 676/620/47
f 678/608/47 680/621/47 677/622/47
f 680/621/48 684/612/48 676/620/48
f 678/608/47 665/606/47 663/604/47
f 553/623/50 686/624/50 691/625/50
f 683/626/50 689/627/50 684/612/50
f 674/618/50 579/616/50 583/628/50
f 675/629/50 583/628/50 602/630/50
f 583/628/50 575/615/50 562/631/50
f 553/623/50 685/632/50 687/633/50
f 688/634/50 615/635/50 616/636/50
f 691/625/50 612/637/50 693/638/50
f 688/634/50 685/632/50 575/615/50
f 609/639/50 610/640/50 693/638/50
f 602/630/50 691/625/50 692/641/50
f 702/642/51 712/643/51 713/644/51
f 709/645/51 711/646/51 720/647/51
f 704/648/51 703/649/51 702/642/51
f 701/650/51 700/651/51 696/652/51
f 697/653/51 706/654/51 707/655/51
f 696/652/51 694/656/51 704/648/51
f 713/644/51 709/645/51 699/657/51
f 716/658/51 719/659/51 717/660/51
f 719/659/51 718/661/51 708/662/51
f 722/663/52 734/664/52 727/665/52
f 724/666/52 723/667/52 730/668/52
f 723/667/52 728/669/52 732/670/52
f 725/671/52 716/658/52 724/666/52
f 728/669/52 715/672/52 711/646/52
f 725/671/53 730/668/53 731/673/53
f 721/674/52 722/663/52 727/665/52
f 734/664/52 731/673/52 732/670/52
f 754/675/54 726/676/54 736/677/54
f 733/678/54 739/679/54 741/680/54
f 740/681/54 741/680/54 739/679/54
f 754/675/54 760/682/54 749/683/54
f 752/684/54 740/681/54 751/685/54
f 757/686/54 747/687/54 746/688/54
f 746/688/54 753/689/54 757/686/54
f 760/682/54 752/684/54 758/690/54
f 742/691/54 737/692/54 743/693/54
f 756/694/54 744/695/54 745/696/54
f 747/687/54 756/694/54 745/696/54
f 732/670/54 729/697/54 737/692/54
f 746/688/55 763/698/55 762/699/55
f 744/695/55 743/693/55 770/700/55
f 694/701/55 774/702/55 775/703/55
f 775/703/55 764/704/55 765/705/55
f 758/690/55 762/699/55 765/705/55
f 758/690/55 764/704/55 749/683/55
f 750/706/55 748/707/55 761/708/55
f 749/683/55 766/709/55 767/710/55
f 744/695/55 773/711/55 772/712/55
f 769/713/55 703/714/55 773/711/55
f 694/701/55 771/715/55 773/711/55
f 697/716/55 776/717/55 766/709/55
f 770/700/55 769/713/55 773/711/55
f 747/687/55 772/712/55 763/698/55
f 767/710/55 776/717/55 768/718/55
f 798/719/56 786/720/56 787/721/56
f 784/722/56 788/723/56 781/724/56
f 781/724/56 790/725/56 784/722/56
f 781/724/56 796/726/56 802/727/56
f 779/728/56 780/729/56 788/723/56
f 782/730/56 795/731/56 796/726/56
f 783/732/56 778/733/56 794/734/56
f 782/730/56 779/728/56 783/732/56
f 48/735/56 799/736/56 785/737/56
f 53/738/56 46/739/56 48/735/56
f 801/740/56 802/727/56 800/741/56
f 804/742/57 806/743/57 805/744/57
f 806/743/56 786/720/56 807/745/56
f 793/746/56 794/734/56 795/731/56
f 790/725/56 802/727/56 803/747/56
f 801/740/56 803/747/56 802/727/56
f 780/729/58 782/730/58 781/724/58
f 810/748/59 795/731/59 809/749/59
f 800/741/59 811/750/59 801/740/59
f 810/748/59 820/751/59 817/752/59
f 794/734/59 819/753/59 809/749/59
f 798/719/59 39/754/59 821/755/59
f 805/744/60 824/756/60 804/742/60
f 62/757/59 55/758/59 818/759/59
f 801/740/59 814/760/59 813/761/59
f 62/757/60 797/762/60 813/761/60
f 811/750/59 796/726/59 810/748/59
f 812/763/61 814/760/61 811/750/61
f 812/763/59 55/758/59 62/757/59
f 39/754/59 53/738/59 62/757/59
f 807/745/59 821/755/59 822/764/59
f 808/765/59 791/766/59 815/767/59
f 820/751/60 819/753/60 816/768/60
f 825/769/60 823/770/60 807/745/60
f 817/752/62 820/751/62 827/771/62
f 818/759/63 56/772/63 829/773/63
f 827/771/62 816/768/62 832/774/62
f 830/775/62 49/776/62 835/777/62
f 39/754/63 829/773/63 56/772/63
f 828/778/62 815/767/62 833/779/62
f 836/780/62 822/764/62 830/775/62
f 825/769/62 831/781/62 836/780/62
f 838/782/64 779/783/64 841/784/64
f 836/780/64 789/785/64 837/786/64
f 835/777/64 786/787/64 836/780/64
f 834/788/64 839/789/64 785/790/64
f 839/789/64 833/779/64 841/784/64
f 787/791/64 834/788/64 840/792/64
f 845/793/65 842/794/65 846/795/65
f 849/796/65 848/797/65 847/798/65
f 851/799/65 850/800/65 852/801/65
f 123/802/65 850/800/65 851/799/65
f 245/803/65 263/804/65 266/805/65
f 123/802/65 133/806/65 120/807/65
f 844/808/65 247/809/65 848/797/65
f 133/806/65 858/810/65 856/811/65
f 843/812/66 845/793/66 844/808/66
f 854/813/65 858/810/65 857/814/65
f 247/809/67 246/815/67 263/804/67
f 145/816/67 123/802/67 116/817/67
f 116/817/67 860/818/67 864/819/67
f 857/814/68 858/810/68 861/820/68
f 860/818/67 863/821/67 864/819/67
f 864/819/69 874/822/69 875/823/69
f 868/824/69 871/825/69 866/826/69
f 874/822/69 863/821/69 872/827/69
f 867/828/69 869/829/69 870/830/69
f 866/826/69 862/831/69 869/829/69
f 867/828/70 846/832/70 842/833/70
f 870/830/70 877/834/70 867/828/70
f 847/835/70 878/836/70 849/837/70
f 843/838/70 868/824/70 842/833/70
f 852/839/70 876/840/70 872/827/70
f 121/841/70 875/823/70 876/840/70
f 121/841/70 120/842/70 133/843/70
f 244/844/70 245/845/70 266/846/70
f 244/844/70 871/825/70 843/838/70
f 880/847/71 881/848/71 882/849/71
f 882/849/72 885/850/72 880/847/72
f 265/851/72 886/852/72 258/853/72
f 251/854/72 265/851/72 258/853/72
f 250/855/73 886/852/73 887/856/73
f 251/854/73 258/853/73 250/855/73
f 849/857/74 878/858/74 848/859/74
f 249/860/74 849/857/74 887/856/74
f 248/861/75 249/860/75 257/862/75
f 891/863/76 889/864/76 847/865/76
f 847/865/76 848/859/76 878/858/76
f 880/866/76 891/863/76 881/867/76
f 265/868/76 890/869/76 884/870/76
f 238/871/76 257/862/76 265/868/76
f 893/872/77 305/873/77 301/874/77
f 896/875/77 897/876/77 895/877/77
f 895/877/77 892/878/77 301/874/77
f 899/879/78 314/880/78 902/881/78
f 897/876/78 902/881/78 901/882/78
f 903/883/78 305/873/78 894/884/78
f 898/885/78 901/882/78 900/886/78
f 902/881/79 306/887/79 907/888/79
f 306/887/79 903/883/79 286/889/79
f 904/890/79 290/891/79 286/889/79
f 907/888/79 901/882/79 902/881/79
f 905/892/79 900/886/79 901/882/79
f 908/893/80 303/894/80 892/895/80
f 909/896/80 907/888/80 908/893/80
f 904/890/80 292/897/80 290/891/80
f 303/894/80 290/891/80 893/898/80
f 912/899/81 913/900/81 914/901/81
f 519/902/81 471/903/81 913/900/81
f 920/904/81 934/905/81 928/906/81
f 915/907/81 928/906/81 929/908/81
f 925/909/81 923/910/81 918/911/81
f 918/911/81 923/910/81 924/912/81
f 911/913/81 471/903/81 927/914/81
f 469/915/81 910/916/81 471/903/81
f 520/917/81 916/918/81 929/908/81
f 931/919/81 922/920/81 932/921/81
f 920/904/81 931/919/81 930/922/81
f 470/923/81 926/924/81 471/903/81
f 935/925/82 938/926/82 933/927/82
f 934/905/82 941/928/82 929/908/82
f 933/927/82 940/929/82 934/905/82
f 932/921/82 939/930/82 935/925/82
f 472/931/82 481/932/82 942/933/82
f 923/910/82 953/934/82 924/912/82
f 472/931/82 519/902/82 514/935/82
f 514/935/82 929/908/82 941/928/82
f 943/936/82 927/914/82 942/933/82
f 948/937/82 949/938/82 950/939/82
f 952/940/82 955/941/82 948/937/82
f 936/942/82 951/943/82 949/938/82
f 947/944/82 956/945/82 946/946/82
f 943/936/82 946/946/82 956/945/82
f 957/947/83 944/948/83 958/949/83
f 479/950/83 964/951/83 963/952/83
f 938/926/83 959/953/83 960/954/83
f 968/955/83 967/956/83 959/953/83
f 940/929/83 969/957/83 966/958/83
f 958/949/83 945/959/83 963/952/83
f 946/946/83 961/960/83 947/944/83
f 964/951/83 954/961/83 950/939/83
f 512/962/83 941/928/83 966/958/83
f 481/932/83 512/962/83 479/950/83
f 919/963/84 971/964/84 970/965/84
f 921/966/84 965/967/84 969/957/84
f 512/962/84 973/968/84 974/969/84
f 468/970/84 911/971/84 972/972/84
f 921/966/84 968/955/84 970/965/84
f 914/973/84 973/968/84 912/974/84
f 469/975/84 974/969/84 910/976/84
f 962/977/84 972/972/84 917/978/84
f 512/962/84 915/979/84 520/980/84
f 702/981/85 986/982/85 978/983/85
f 977/984/85 770/985/85 769/986/85
f 744/987/85 984/988/85 985/989/85
f 744/987/85 988/990/85 742/991/85
f 980/992/85 988/990/85 982/993/85
f 769/986/85 985/989/85 712/994/85
f 982/993/85 987/995/85 981/996/85
f 987/995/85 976/997/85 983/998/85
f 712/994/86 1002/999/86 1001/1000/86
f 742/991/86 996/1001/86 994/1002/86
f 983/998/86 991/1003/86 990/1004/86
f 756/1005/87 989/1006/87 757/1007/87
f 746/1008/86 998/1009/86 999/1010/86
f 757/1007/86 996/1001/86 756/1005/86
f 756/1005/86 979/1011/86 989/1006/86
f 980/992/88 989/1006/88 979/1011/88
f 994/1002/86 996/1001/86 995/1012/86
f 997/1013/86 999/1010/86 998/1009/86
f 995/1012/86 709/1014/86 1000/1015/86
f 746/1008/86 989/1006/86 981/996/86
f 712/994/86 984/988/86 1000/1015/86
f 1002/999/86 714/1016/86 709/1014/86
f 991/1003/86 992/1017/86 993/1018/86
f 1010/1019/89 1002/999/89 709/1014/89
f 993/1018/89 1003/1020/89 991/1003/89
f 762/1021/89 1004/1022/89 763/1023/89
f 998/1009/89 763/1023/89 1005/1024/89
f 997/1013/89 998/1009/89 1005/1024/89
f 772/1025/89 1005/1024/89 763/1023/89
f 1007/1026/89 771/1027/89 772/1025/89
f 1008/1028/89 699/1029/89 1014/1030/89
f 1001/1000/89 1011/1031/89 1009/1032/89
f 699/1029/89 698/1033/89 1010/1019/89
f 991/1003/89 1006/1034/89 772/1025/89
f 771/1027/89 1014/1030/89 1013/1035/89
f 1012/1036/89 1013/1035/89 1014/1030/89
f 709/1014/89 1005/1024/89 1012/1036/89
f 773/1037/90 1008/1028/90 771/1027/90
f 702/1038/90 978/1039/90 1017/1040/90
f 1017/1040/90 1011/1031/90 1010/1019/90
f 976/1041/90 1015/1042/90 1006/1034/90
f 977/1043/90 771/1027/90 1015/1042/90
f 702/1038/90 1008/1028/90 1016/1044/90
f 977/1043/90 769/1045/90 773/1037/90
f 1026/1046/91 1024/1047/91 1019/1048/91
f 1018/1049/91 1021/1050/91 1024/1047/91
f 1020/1051/91 1022/1052/91 1021/1050/91
f 1025/1053/92 1028/1054/92 1029/1055/92
f 1026/1046/93 1031/1056/93 1029/1055/93
f 252/1057/93 1026/1046/93 1027/1058/93
f 253/1059/93 252/1057/93 268/1060/93
f 1030/1061/94 1035/1062/94 1033/1063/94
f 1034/1064/94 1035/1062/94 1036/1065/94
f 1037/1066/94 268/1060/94 1032/1067/94
f 254/1068/94 268/1060/94 259/1069/94
f 259/1069/95 255/1070/95 254/1068/95
f 255/1070/95 1023/1071/95 1038/1072/95
f 1038/1072/95 1022/1073/95 1020/1074/95
f 315/1075/96 1041/1076/96 1039/1077/96
f 320/1078/96 299/1079/96 294/1080/96
f 1040/1081/96 374/1082/96 370/1083/96
f 294/1080/96 379/1084/96 1045/1085/96
f 1045/1085/96 1043/1086/96 1042/1087/96
f 320/1078/97 319/1088/97 1041/1076/97
f 1043/1086/97 1046/1089/97 1047/1090/97
f 284/1091/97 1048/1092/97 319/1088/97
f 1050/1093/97 1043/1086/97 1047/1090/97
f 293/1094/97 1042/1087/97 1050/1093/97
f 1049/1095/98 1052/1096/98 1051/1097/98
f 293/1094/98 298/1098/98 1054/1099/98
f 365/1100/98 295/1101/98 1051/1097/98
f 364/1102/98 372/1103/98 1055/1104/98
f 312/1105/99 1039/1106/99 313/1107/99
f 313/1107/99 298/1098/99 315/1108/99
f 299/1109/99 364/1102/99 362/1110/99
f 364/1102/99 1040/1111/99 370/1112/99
f 1059/1113/100 1060/1114/100 1058/1115/100
f 1064/1116/100 1056/1117/100 1069/1118/100
f 1065/1119/100 663/1120/100 662/1121/100
f 1060/1114/100 1068/1122/100 662/1121/100
f 1062/1123/100 617/1124/100 1068/1122/100
f 1061/1125/100 1066/1126/100 1059/1113/100
f 1070/1127/100 1064/1116/100 662/1121/100
f 1057/1128/100 617/1124/100 627/1129/100
f 680/1130/101 1075/1131/101 1070/1127/101
f 623/1132/101 1067/1133/101 1072/1134/101
f 680/1130/101 617/1124/101 1071/1135/101
f 1071/1135/101 1074/1136/101 1073/1137/101
f 1069/1118/101 1075/1131/101 1076/1138/101
f 624/1139/102 1084/1140/102 1077/1141/102
f 1073/1137/102 678/1142/102 677/1143/102
f 1079/1144/102 1075/1131/102 1085/1145/102
f 1081/1146/102 667/1147/102 1082/1148/102
f 624/1139/102 1072/1134/102 1083/1149/102
f 1080/1150/102 1085/1145/102 677/1143/102
f 678/1142/102 1078/1151/102 1086/1152/102
f 1078/1151/102 661/1153/102 1087/1154/102
f 1074/1136/102 1084/1140/102 1082/1148/102
f 1063/1155/103 1079/1144/103 1085/1145/103
f 1064/1156/103 1085/1145/103 1089/1157/103
f 1091/1158/103 1061/1159/103 1059/1160/103
f 625/1161/103 1061/1159/103 1088/1162/103
f 1084/1140/103 1091/1158/103 1081/1146/103
f 1086/1152/103 666/1163/103 1065/1164/103
f 661/1153/103 666/1163/103 1087/1154/103
f 661/1153/103 1091/1158/103 1058/1165/103
f 625/1161/103 1083/1149/103 627/1166/103
f 1058/1165/103 663/1167/103 666/1163/103
f 1095/1168/104 1093/1169/104 1094/1170/104
f 1098/1171/105 1099/1172/105 1097/1173/105
f 1099/1172/106 1094/1170/106 1096/1174/106
f 1096/1174/107 1104/1175/107 1097/1173/107
f 1101/1176/107 1100/1177/107 1102/1178/107
f 1098/1171/107 1104/1175/107 1102/1178/107
f 1092/1179/108 1102/1178/108 1105/1180/108
f 1105/1180/108 1102/1178/108 1104/1175/108
f 190/1181/109 1119/1182/109 198/1183/109
f 189/1184/109 1108/1185/109 198/1183/109
f 176/1186/109 1118/1187/109 174/1188/109
f 1115/1189/109 1116/1190/109 1110/1191/109
f 1109/1192/109 189/1184/109 1119/1182/109
f 1107/1193/109 1106/1194/109 1113/1195/109
f 190/1181/109 1108/1185/109 1113/1195/109
f 224/1196/109 174/1188/109 1112/1197/109
f 191/1198/110 1114/1199/110 1122/1200/110
f 190/1181/110 203/1201/110 1119/1182/110
f 224/1196/110 214/1202/110 1126/1203/110
f 1117/1204/110 1125/1205/110 1124/1206/110
f 1125/1205/110 1119/1182/110 203/1201/110
f 202/1207/110 203/1201/110 1122/1200/110
f 222/1208/110 224/1196/110 1120/1209/110
f 215/1210/111 217/1211/111 1126/1203/111
f 1130/1212/111 202/1207/111 1134/1213/111
f 1128/1214/111 1133/1215/111 202/1207/111
f 1129/1216/111 1122/1200/111 1131/1217/111
f 1129/1216/111 1131/1217/111 1127/1218/111
f 1130/1212/111 1124/1206/111 1123/1219/111
f 196/1220/112 1137/1221/112 1134/1213/112
f 196/1220/112 1133/1215/112 1136/1222/112
f 1107/1223/112 1136/1222/112 1135/1224/112
f 1110/1225/112 1112/1226/112 1137/1221/112
f 1139/1227/113 1148/1228/113 1140/1229/113
f 1147/1230/113 1153/1231/113 1143/1232/113
f 1138/1233/113 1146/1234/113 1139/1227/113
f 1142/1235/113 1143/1232/113 1148/1228/113
f 1144/1236/113 1141/1237/113 1146/1234/113
f 1149/1238/113 1145/1239/113 1140/1229/113
f 1158/1240/114 1157/1241/114 1155/1242/114
f 1155/1242/114 1152/1243/114 1154/1244/114
f 1157/1241/114 1148/1228/114 1156/1245/114
f 1162/1246/115 1161/1247/115 1160/1248/115
f 1164/1249/115 1166/1250/115 1165/1251/115
f 1158/1240/115 1160/1248/115 1166/1250/115
f 1169/1252/116 1163/1253/116 1170/1254/116
f 1142/1255/116 1171/1256/116 1169/1252/116
f 1172/1257/116 1165/1251/116 1173/1258/116
f 1140/1259/116 1167/1260/116 1164/1249/116
f 1144/1261/116 1172/1257/116 1173/1258/116
f 1141/1262/116 1144/1261/116 1173/1258/116
f 1175/1263/117 1182/1264/117 1177/1265/117
f 1179/1266/117 1180/1267/117 111/1268/117
f 1176/1269/117 153/1270/117 1189/1271/117
f 1180/1267/117 107/1272/117 111/1268/117
f 1139/1273/117 1172/1274/117 1138/1275/117
f 282/1276/117 1184/1277/117 276/1278/117
f 1138/1275/117 1183/1279/117 1186/1280/117
f 107/1272/117 1177/1265/117 1187/1281/117
f 1186/1280/117 852/1282/117 851/1283/117
f 153/1270/117 1188/1284/117 154/1285/117
f 851/1283/117 879/1286/117 859/1287/117
f 1191/1288/117 114/1289/117 119/1290/117
f 114/1289/117 859/1287/117 1179/1266/117
f 1187/1281/117 1191/1288/117 119/1290/117
f 1193/1291/118 1196/1292/118 1194/1293/118
f 114/1289/118 1191/1288/118 118/1294/118
f 1195/1295/118 1197/1296/118 1198/1297/118
f 851/1283/118 864/1298/118 876/1299/118
f 850/1300/118 1203/1301/118 1190/1302/118
f 154/1285/118 136/1303/118 1189/1271/118
f 1194/1293/118 1195/1295/118 136/1303/118
f 118/1294/118 1189/1271/118 136/1303/118
f 864/1298/118 114/1289/118 1201/1304/118
f 1201/1304/118 117/1305/118 1202/1306/118
f 278/1307/119 274/1308/119 1214/1309/119
f 873/1310/119 876/1299/119 874/1311/119
f 873/1310/119 1215/1312/119 278/1307/119
f 1198/1297/119 1206/1313/119 1202/1306/119
f 1205/1314/119 1209/1315/119 1210/1316/119
f 1204/1317/119 1199/1318/119 1210/1316/119
f 1212/1319/119 1206/1313/119 1208/1320/119
f 1200/1321/119 1207/1322/119 1213/1323/119
f 1208/1320/119 1197/1296/119 1211/1324/119
f 1213/1323/119 1212/1319/119 1216/1325/119
f 140/1326/120 1217/1327/120 152/1328/120
f 859/1329/120 872/1330/120 863/1331/120
f 275/1332/120 1184/1333/120 274/1308/120
f 124/1334/120 1219/1335/120 1211/1324/120
f 152/1328/120 144/1336/120 140/1326/120
f 153/1337/120 130/1338/120 1220/1339/120
f 144/1336/120 1211/1324/120 1210/1316/120
f 1216/1325/120 1219/1335/120 1213/1323/120
f 1174/1340/120 153/1337/120 1221/1341/120
f 1213/1323/120 1218/1342/120 1181/1343/120
f 1139/1344/120 1222/1345/120 1146/1346/120
f 1172/1347/120 1173/1348/120 1183/1349/120
f 1146/1346/120 1172/1347/120 1139/1344/120
f 106/1350/120 130/1338/120 1175/1351/120
f 1141/1352/120 1173/1348/120 1146/1346/120
f 274/1308/120 1215/1312/120 872/1330/120
f 107/1353/120 106/1350/120 1178/1354/120
f 107/1353/120 1218/1342/120 1219/1335/120
f 1239/1355/121 1237/1356/121 1234/1357/121
f 1241/1358/121 1243/1359/121 1228/1360/121
f 486/1361/121 1245/1362/121 1229/1363/121
f 1230/1364/121 1240/1365/121 1246/1366/121
f 1232/1367/121 350/1368/121 1247/1369/121
f 1223/1370/121 1239/1355/121 1236/1371/121
f 1226/1372/121 1243/1359/121 1238/1373/121
f 486/1361/121 527/1374/121 483/1375/121
f 1229/1363/121 1244/1376/121 1230/1364/121
f 1248/1377/121 1232/1367/121 1247/1369/121
f 341/1378/121 378/1379/121 350/1368/121
f 378/1379/121 1233/1380/121 1249/1381/121
f 527/1374/121 1231/1382/121 1248/1377/121
f 1246/1366/121 1242/1383/121 1241/1358/121
f 1255/1384/122 1256/1385/122 1248/1377/122
f 350/1368/122 385/1386/122 1255/1384/122
f 1264/1387/122 1265/1388/122 1263/1389/122
f 474/1390/122 1261/1391/122 1258/1392/122
f 1253/1393/122 1251/1394/122 1254/1395/122
f 351/1396/122 378/1379/122 369/1397/122
f 438/1398/122 386/1399/122 385/1386/122
f 1249/1381/122 1253/1393/122 369/1397/122
f 464/1400/123 474/1390/123 483/1375/123
f 444/1401/122 1248/1377/122 1256/1385/122
f 1245/1362/122 1258/1392/122 1259/1402/122
f 1263/1389/122 1238/1373/122 1250/1403/122
f 1262/1404/122 1261/1391/122 1242/1383/122
f 1244/1376/122 1260/1405/122 1262/1404/122
f 464/1400/124 477/1406/124 475/1407/124
f 475/1407/124 1274/1408/124 1273/1409/124
f 1273/1409/124 1271/1410/124 1264/1387/124
f 1257/1411/124 398/1412/124 1276/1413/124
f 1251/1394/124 1266/1414/124 1254/1395/124
f 446/1415/124 1256/1385/124 1272/1416/124
f 1269/1417/124 1275/1418/124 1268/1419/124
f 398/1412/124 438/1398/124 437/1420/124
f 1278/1421/124 1266/1414/124 1252/1422/124
f 354/1423/124 369/1397/124 371/1424/124
f 1279/1425/124 1280/1426/124 1277/1427/124
f 438/1398/124 354/1423/124 1277/1427/124
f 1256/1385/124 1276/1413/124 1272/1416/124
f 1264/1387/124 1270/1428/124 1268/1419/124
f 1279/1425/125 1281/1429/125 1280/1426/125
f 384/1430/125 339/1431/125 341/1432/125
f 446/1415/125 522/1433/125 486/1434/125
f 1274/1408/125 1287/1435/125 1271/1410/125
f 353/1436/125 373/1437/125 377/1438/125
f 373/1437/125 1278/1421/125 1233/1439/125
f 384/1430/125 398/1412/125 437/1420/125
f 1231/1440/125 1282/1441/125 1276/1413/125
f 1287/1435/125 1288/1442/125 1286/1443/125
f 1290/1444/125 1271/1410/125 1289/1445/125
f 1292/1446/125 1269/1417/125 1225/1447/125
f 1228/1448/125 1226/1449/125 1290/1444/125
f 1284/1450/125 445/1451/125 1272/1416/125
f 1229/1452/125 1289/1445/125 1286/1443/125
f 477/1406/125 1229/1452/125 1285/1453/125
f 1224/1454/125 1292/1446/125 1223/1455/125
f 1300/1456/126 1297/1457/126 1296/1458/126
f 1295/1459/126 1301/1460/126 1302/1461/126
f 1294/1462/126 1296/1458/126 1295/1459/126
f 1303/1463/127 1299/1464/127 1304/1465/127
f 1298/1466/127 1307/1467/127 1306/1468/127
f 1297/1457/127 1303/1463/127 1305/1469/127
f 1298/1466/127 1308/1470/127 1310/1471/127
f 1308/1470/127 1309/1472/127 1310/1471/127
f 1308/1470/128 1311/1473/128 1309/1472/128
f 1308/1470/128 1313/1474/128 1314/1475/128
f 1312/1476/128 1304/1465/128 1316/1477/128
f 1321/1478/128 1315/1479/128 1316/1477/128
f 1318/1480/128 1322/1481/128 1321/1478/128
f 1307/1467/128 1319/1482/128 1322/1481/128
f 1306/1468/128 1323/1483/128 1313/1474/128
f 1319/1482/128 1320/1484/128 1321/1478/128
f 1323/1483/129 1322/1481/129 1325/1485/129
f 1328/1486/129 1294/1487/129 1293/1488/129
f 1327/1489/129 1313/1474/129 1326/1490/129
f 1328/1486/129 1316/1477/129 1324/1491/129
f 1331/1492/130 1330/1493/130 1329/1494/130
f 1330/1493/131 1331/1492/131 1332/1495/131
f 656/1496/132 655/1497/132 669/1498/132
f 656/1496/132 1340/1499/132 1335/1500/132
f 1334/1501/132 1333/1502/132 1336/1503/132
f 669/1498/133 1343/1504/133 1340/1499/133
f 658/1505/133 1338/1506/133 1341/1507/133
f 1344/1508/133 1345/1509/133 658/1505/133
f 655/1497/134 1339/1510/134 658/1505/134
f 1337/1511/133 1343/1504/133 1342/1512/133
f 664/1513/133 655/1497/133 658/1505/133
f 633/1514/133 1341/1507/133 1348/1515/133
f 646/1516/133 632/1517/133 1346/1518/133
f 1349/1519/133 1347/1520/133 1348/1515/133
f 1354/1521/135 1357/1522/135 1352/1523/135
f 657/1524/135 644/1525/135 1351/1526/135
f 631/1527/135 1346/1518/135 632/1517/135
f 1349/1519/135 1356/1528/135 1347/1520/135
f 644/1525/135 1345/1509/135 1346/1518/135
f 1345/1509/135 651/1529/135 664/1513/135
f 651/1529/135 1350/1530/135 1358/1531/135
f 1353/1532/136 1350/1530/136 1351/1526/136
f 1353/1532/135 631/1527/135 1356/1528/135
f 1336/1533/137 1360/1534/137 1355/1535/137
f 1356/1528/137 1360/1534/137 1357/1522/137
f 723/1536/138 1368/1537/138 1367/1538/138
f 723/1536/138 1362/1539/138 730/1540/138
f 731/1541/138 1362/1539/138 1363/1542/138
f 774/1543/138 1365/1544/138 1369/1545/138
f 1364/1546/138 1370/1547/138 1366/1548/138
f 767/1549/138 1366/1548/138 1370/1547/138
f 767/1549/138 1365/1544/138 766/1550/138
f 731/1541/139 1368/1537/139 730/1540/139
f 731/1541/140 1376/1551/140 1379/1552/140
f 1373/1553/140 727/1554/140 1372/1555/140
f 768/1556/140 1374/1557/140 1365/1544/140
f 1377/1558/140 1368/1537/140 1379/1552/140
f 734/1559/140 1369/1545/140 1372/1555/140
f 734/1559/140 727/1554/140 1376/1551/140
f 768/1556/140 1370/1547/140 1380/1560/140
f 1380/1560/140 1370/1547/140 1371/1561/140
f 1381/1562/141 1385/1563/141 1378/1564/141
f 1376/1551/142 1386/1565/142 1381/1562/142
f 722/1566/142 1376/1551/142 727/1554/142
f 1374/1557/142 1383/1567/142 1382/1568/142
f 722/1566/143 1374/1557/143 1382/1568/143
f 708/1569/142 706/1570/142 1384/1571/142
f 1387/1572/144 722/1566/144 725/1573/144
f 708/1569/144 774/1574/144 1388/1575/144
f 724/1576/144 1387/1572/144 725/1573/144
f 697/1577/144 1384/1571/144 1364/1578/144
f 725/1573/144 1363/1579/144 1362/1580/144
f 1361/1581/144 1386/1565/144 724/1576/144
f 1362/1580/144 723/1582/144 724/1576/144
f 1391/1583/145 1390/1584/145 1389/1585/145
f 1399/1586/146 1394/1587/146 1398/1588/146
f 1397/1589/146 1396/1590/146 1391/1583/146
f 1397/1589/146 1395/1591/146 1398/1588/146
f 1400/1592/147 1403/1593/147 1405/1594/147
f 1400/1592/147 1402/1595/147 1404/1596/147
f 1401/1597/147 1406/1598/147 1403/1593/147
f 1406/1598/148 1408/1599/148 1405/1594/148
f 1408/1599/148 1409/1600/148 1390/1601/148
f 1410/1602/149 1412/1603/149 1411/1604/149
f 1413/1605/150 1410/1602/150 1411/1604/150
f 1414/1606/151 1415/1607/151 1418/1608/151
f 1419/1609/151 1416/1610/151 1417/1611/151
f 1421/1612/151 1420/1613/151 1414/1606/151
f 1422/1614/152 428/1615/152 1423/1616/152
f 388/1617/152 390/1618/152 1424/1619/152
f 388/1617/152 430/1620/152 390/1618/152
f 1423/1616/153 428/1615/153 1426/1621/153
f 428/1615/153 389/1622/153 431/1623/153
f 1426/1621/153 1430/1624/153 1431/1625/153
f 1432/1626/153 1427/1627/153 1433/1628/153
f 1431/1625/154 1419/1629/154 1433/1628/154
f 1419/1629/154 1434/1630/154 1433/1628/154
f 1430/1624/154 1435/1631/154 1436/1632/154
f 1414/1633/154 1430/1624/154 1436/1632/154
f 1438/1634/155 1437/1635/155 1439/1636/155
f 1441/1637/156 1440/1638/156 1442/1639/156
f 1440/1638/157 1444/1640/157 1443/1641/157
f 1439/1642/157 1443/1641/157 1444/1640/157
f 1457/1643/158 1455/1644/158 1456/1645/158
f 42/1646/158 1459/1647/158 50/1648/158
f 9/1649/158 45/1650/158 42/1646/158
f 1454/1651/158 1447/1652/158 1445/1653/158
f 1450/1654/158 1458/1655/158 1451/1656/158
f 1454/1651/158 1453/1657/158 1457/1643/158
f 17/1658/159 45/1650/159 18/1659/159
f 1459/1647/159 44/1660/159 1463/1661/159
f 1456/1645/159 1461/1662/159 1462/1663/159
f 1455/1644/159 1460/1664/159 1461/1662/159
f 18/1659/159 1462/1663/159 17/1658/159
f 44/1660/160 43/1665/160 1475/1666/160
f 1472/1667/160 1474/1668/160 1466/1669/160
f 1462/1663/160 1469/1670/160 1468/1671/160
f 1466/1669/160 1468/1671/160 1469/1670/160
f 1471/1672/160 1461/1662/160 1464/1673/160
f 1464/1673/160 1470/1674/160 1473/1675/160
f 17/1658/160 1462/1663/160 1467/1676/160
f 44/1660/160 10/1677/160 51/1678/160
f 1472/1667/161 1451/1679/161 1474/1668/161
f 10/1677/161 50/1680/161 51/1678/161
f 51/1678/161 1452/1681/161 1475/1666/161
f 1448/1682/161 1470/1674/161 1476/1683/161
f 9/1684/161 1474/1668/161 1451/1679/161
f 1448/1682/161 1472/1667/161 1473/1675/161
f 1446/1685/161 1447/1686/161 1476/1683/161
f 90/1687/162 1479/1688/162 1478/1689/162
f 1220/1690/162 110/1691/162 1483/1692/162
f 1480/1693/162 110/1691/162 90/1687/162
f 142/1694/162 1220/1690/162 152/1695/162
f 151/1696/162 1221/1697/162 152/1695/162
f 1482/1698/162 1478/1689/162 1479/1688/162
f 22/1699/162 1194/1700/162 1481/1701/162
f 28/1702/162 21/1703/162 1484/1704/162
f 142/1694/162 1221/1697/162 1194/1700/162
f 1194/1700/163 1205/1705/163 144/1706/163
f 28/1702/163 1196/1707/163 1194/1700/163
f 102/1708/163 1485/1709/163 1482/1698/163
f 1220/1690/163 141/1710/163 144/1706/163
f 28/1702/164 1484/1704/164 29/1711/164
f 102/1708/163 1220/1690/163 144/1706/163
f 127/1712/165 109/1713/165 103/1714/165
f 103/1714/166 1490/1715/166 1485/1709/166
f 99/1716/165 1490/1715/165 109/1713/165
f 125/1717/165 1487/1718/165 1492/1719/165
f 99/1716/165 127/1712/165 125/1717/165
f 90/1720/167 1489/1721/167 99/1716/167
f 1488/1722/167 1478/1723/167 1477/1724/167
f 1492/1719/167 126/1725/167 125/1717/167
f 139/1726/167 1480/1727/167 126/1725/167
f 1193/1728/167 1192/1729/167 1481/1730/167
f 1193/1728/167 1217/1731/167 1192/1729/167
f 139/1726/167 1492/1719/167 1217/1731/167
f 125/1717/167 1480/1727/167 90/1720/167
f 1494/1732/168 1496/1733/168 1493/1734/168
f 923/1735/169 1499/1736/169 1496/1733/169
f 955/1737/169 1502/1738/169 948/1739/169
f 918/1740/169 1502/1738/169 1498/1741/169
f 948/1739/169 1500/1742/169 955/1737/169
f 952/1743/170 1501/1744/170 948/1739/170
f 1497/1745/170 1503/1746/170 1502/1738/170
f 948/1739/170 1503/1746/170 952/1743/170
f 1506/1747/170 1505/1748/170 1504/1749/170
f 1504/1749/170 1499/1736/170 1509/1750/170
f 1494/1751/171 1493/1752/171 1510/1753/171
f 1505/1748/171 1506/1747/171 1510/1753/171
f 966/1754/172 929/1755/172 941/1756/172
f 1518/1757/172 1517/1758/172 929/1755/172
f 1521/1759/172 1523/1760/172 1522/1761/172
f 1524/1762/172 1526/1763/172 1525/1764/172
f 1513/1765/172 1527/1766/172 1525/1764/172
f 1518/1757/173 1519/1767/173 1520/1768/173
f 1523/1760/172 1526/1763/172 1524/1762/172
f 1516/1769/172 1514/1770/172 1513/1765/172
f 1519/1767/172 1523/1760/172 1521/1759/172
f 928/1771/174 940/1772/174 934/1773/174
f 1522/1761/174 1531/1774/174 1528/1775/174
f 1535/1776/174 1534/1777/174 1536/1778/174
f 1525/1764/174 1537/1779/174 1529/1780/174
f 1530/1781/174 1524/1762/174 1525/1764/174
f 1532/1782/174 1530/1781/174 1531/1774/174
f 1522/1761/174 1524/1762/174 1532/1782/174
f 1536/1778/174 1520/1768/174 1528/1775/174
f 934/1773/174 1517/1758/174 1518/1757/174
f 1540/1783/174 1538/1784/174 1537/1779/174
f 921/1785/175 1544/1786/175 1549/1787/175
f 1534/1777/175 1543/1788/175 1546/1789/175
f 969/1790/175 928/1771/175 921/1785/175
f 1539/1791/175 1548/1792/175 1538/1784/175
f 1545/1793/175 1543/1788/175 1548/1792/175
f 1554/1794/176 1551/1795/176 1555/1796/176
f 1552/1797/176 1545/1793/176 1515/1798/176
f 1546/1789/176 1551/1795/176 1554/1794/176
f 965/1799/176 1546/1789/176 1553/1800/176
f 915/1801/176 966/1802/176 965/1799/176
f 1555/1796/176 1513/1803/176 1512/1804/176
f 1556/1805/177 1558/1806/177 1557/1807/177
f 1509/1808/178 1500/1809/178 1501/1810/178
f 1290/1811/178 1237/1812/178 1263/1813/178
f 1563/1814/178 1572/1815/178 1565/1816/178
f 1568/1817/178 1564/1818/178 1565/1816/178
f 1570/1819/178 1569/1820/178 1571/1821/178
f 1567/1822/178 1561/1823/178 1562/1824/178
f 1237/1812/178 1561/1823/178 1559/1825/178
f 1563/1814/178 1571/1821/178 1566/1826/178
f 1562/1824/179 1579/1827/179 1576/1828/179
f 1228/1829/179 1573/1830/179 1562/1824/179
f 1575/1831/179 1578/1832/179 1584/1833/179
f 1567/1822/179 1575/1831/179 1564/1818/179
f 1500/1809/179 953/1834/179 955/1835/179
f 1243/1836/179 1290/1811/179 1263/1813/179
f 1570/1819/179 1584/1833/179 1580/1837/179
f 1574/1838/179 955/1835/179 953/1834/179
f 1250/1839/179 1500/1809/179 955/1835/179
f 1498/1840/179 949/1841/179 955/1835/179
f 1585/1842/179 1570/1819/179 1580/1837/179
f 1583/1843/179 1581/1844/179 1582/1845/179
f 1577/1846/179 1579/1827/179 1582/1845/179
f 1250/1839/180 1238/1847/180 1243/1836/180
f 1573/1830/180 1586/1848/180 1579/1827/180
f 1498/1840/180 1503/1849/180 1502/1850/180
f 1502/1850/180 964/1851/180 949/1841/180
f 1586/1848/180 1238/1847/180 1556/1852/180
f 1581/1844/181 1583/1843/181 1587/1853/181
f 618/1854/182 1594/1855/182 1588/1856/182
f 1598/1857/182 1595/1858/182 1597/1859/182
f 1591/1860/182 1597/1859/182 1592/1861/182
f 1058/1862/182 665/1863/182 666/1864/182
f 1058/1862/182 652/1865/182 642/1866/182
f 1078/1867/182 666/1864/182 665/1863/182
f 652/1865/182 1593/1868/182 1595/1858/182
f 629/1869/182 1589/1870/182 642/1866/182
f 1596/1871/183 641/1872/183 642/1866/183
f 1595/1858/184 1606/1873/184 1596/1871/184
f 1599/1874/184 1604/1875/184 1605/1876/184
f 1599/1874/184 1598/1857/184 1607/1877/184
f 629/1869/184 641/1872/184 630/1878/184
f 1609/1879/184 1603/1880/184 1601/1881/184
f 1602/1882/184 1609/1879/184 1607/1877/184
f 1611/1883/185 628/1884/185 1610/1885/185
f 653/1886/185 1082/1887/185 1081/1888/185
f 1615/1889/185 1061/1890/185 1091/1891/185
f 653/1886/185 1611/1883/185 1613/1892/185
f 1091/1891/185 1082/1887/185 1615/1889/185
f 1061/1890/185 626/1893/185 640/1894/185
f 1604/1875/185 1618/1895/185 1610/1885/185
f 1616/1896/185 1604/1875/185 1612/1897/185
f 1607/1877/185 1609/1879/185 1612/1897/185
f 1617/1898/186 1590/1899/186 1591/1900/186
f 667/1901/186 1082/1887/186 660/1902/186
f 626/1893/186 1588/1903/186 1614/1904/186
f 1592/1905/186 1618/1895/186 1617/1898/186
f 1060/1906/186 1615/1889/186 667/1901/186
f 1620/1907/186 1593/1908/186 1618/1895/186
f 1062/1909/186 1589/1910/186 618/1911/186
f 1078/1912/187 665/1913/187 667/1901/187
f 1060/1906/188 1589/1910/188 1066/1914/188
f 1619/1915/186 1078/1912/186 667/1901/186
f 1062/1909/186 1615/1889/186 1066/1914/186
f 1623/1916/189 1622/1917/189 1624/1918/189
f 1624/1918/190 1625/1919/190 1623/1916/190
f 823/1920/191 1627/1921/191 824/1922/191
f 1626/1923/192 823/1920/192 824/1922/192
f 805/1924/193 1628/1925/193 1621/1926/193
f 805/1924/193 1627/1921/193 823/1920/193
f 1207/1927/194 1219/1928/194 1218/1929/194
f 1216/1930/195 1629/1931/195 1636/1932/195
f 185/1933/194 1634/1934/194 1632/1935/194
f 1216/1930/194 1219/1928/194 1212/1936/194
f 1629/1931/194 1212/1936/194 1207/1927/194
f 208/1937/195 1631/1938/195 212/1939/195
f 165/1940/194 209/1941/194 208/1937/194
f 1633/1942/194 1218/1929/194 1219/1928/194
f 134/1943/196 1211/1944/196 1204/1945/196
f 1638/1946/196 1639/1947/196 1637/1948/196
f 168/1949/196 1643/1950/196 1644/1951/196
f 1641/1952/196 94/1953/196 1642/1954/196
f 105/1955/196 1636/1932/196 1211/1944/196
f 168/1949/196 165/1940/196 212/1939/196
f 1642/1954/196 1175/1956/196 1641/1952/196
f 130/1957/196 1176/1958/196 1175/1956/196
f 92/1959/196 1633/1942/196 1635/1960/196
f 1176/1958/197 132/1961/197 1182/1962/197
f 1176/1958/197 1647/1963/197 1641/1952/197
f 1643/1950/197 96/1964/197 1648/1965/197
f 1197/1966/197 1640/1967/197 1646/1968/197
f 132/1961/197 1204/1945/197 1197/1966/197
f 92/1959/197 1647/1963/197 96/1964/197
f 169/1969/197 1644/1951/197 1645/1970/197
f 219/1971/197 171/1972/197 169/1969/197
f 1198/1973/198 1646/1968/198 1651/1974/198
f 1648/1965/198 1180/1975/198 1631/1976/198
f 185/1977/198 1649/1978/198 171/1972/198
f 111/1979/198 1647/1963/198 1187/1980/198
f 113/1981/198 1187/1980/198 135/1982/198
f 132/1961/198 1198/1973/198 1206/1983/198
f 1182/1962/199 135/1982/199 1187/1980/199
f 1647/1963/199 1182/1962/199 1187/1980/199
f 113/1981/198 1207/1984/198 1218/1985/198
f 209/1986/198 171/1972/198 219/1971/198
f 206/1987/198 1648/1965/198 1650/1988/198
f 1206/1983/198 1629/1989/198 1207/1984/198
f 1144/1990/200 1173/1991/200 1146/1992/200
f 1144/1990/200 1222/1993/200 1186/1994/200
f 57/1995/200 52/1996/200 1653/1997/200
f 3/1998/200 1653/1997/200 1658/1999/200
f 240/2000/200 272/2001/200 271/2002/200
f 1146/1992/200 1171/2003/200 1156/2004/200
f 95/2005/200 159/2006/200 156/2007/200
f 1052/2008/200 1047/2009/200 1043/2010/200
f 1660/2011/200 1053/2012/200 1052/2008/200
f 24/2013/200 52/1996/200 1654/2014/200
f 1652/2015/200 1658/1999/200 1655/2016/200
f 24/2013/200 1659/2017/200 156/2007/200
f 97/2018/200 1171/2003/200 1183/2019/200
f 57/1995/200 13/2020/200 1654/2014/200
f 1253/2021/200 1254/2022/200 1266/2023/200
f 1254/2022/200 1043/2010/200 1656/2024/200
f 1148/2025/200 271/2002/200 1222/1993/200
f 838/2026/201 793/2027/201 783/2028/201
f 68/2029/201 1666/2030/201 1165/2031/201
f 68/2029/201 95/2005/201 156/2007/201
f 1044/2032/201 1051/2033/201 1052/2008/201
f 240/2000/201 287/2034/201 1045/2035/201
f 1052/2008/201 1667/2036/201 1660/2011/201
f 783/2028/201 1658/1999/201 1661/2037/201
f 795/2038/201 1663/2039/201 809/2040/201
f 1658/1999/201 795/2038/201 1665/2041/201
f 1156/2004/201 1165/2031/201 1166/2042/201
f 271/2002/201 1157/2043/201 280/2044/201
f 1665/2041/201 1662/2045/201 1664/2046/201
f 287/2034/201 317/2047/201 285/2048/201
f 240/2000/201 280/2044/201 239/2049/201
f 841/2050/202 1669/2051/202 1663/2039/202
f 1671/2052/202 1672/2053/202 1669/2051/202
f 1050/2054/202 1045/2035/202 1042/2055/202
f 317/2047/202 288/2056/202 285/2048/202
f 288/2056/202 233/2057/202 1675/2058/202
f 25/2059/202 31/2060/202 1140/2061/202
f 1673/2062/202 1662/2045/202 810/2063/202
f 58/2064/202 11/2065/202 5/2066/202
f 1669/2051/202 809/2040/202 1663/2039/202
f 1662/2045/202 809/2040/202 810/2063/202
f 838/2026/202 1670/2067/202 841/2050/202
f 1149/2068/202 1166/2042/202 1164/2069/202
f 31/2060/202 11/2065/202 1668/2070/202
f 233/2057/202 280/2044/202 281/2071/202
f 1669/2051/202 1674/2072/202 812/2073/202
f 1676/2074/202 813/2075/202 814/2076/202
f 5/2066/202 1664/2046/202 1673/2062/202
f 812/2073/203 1676/2074/203 814/2076/203
f 812/2073/204 814/2076/204 1673/2062/204
f 814/2076/202 59/2077/202 58/2064/202
f 779/2078/205 1671/2052/205 841/2050/205
f 797/2079/205 1676/2074/205 803/2080/205
f 790/2081/205 1672/2053/205 781/2082/205
f 67/2083/205 97/2084/205 87/2085/205
f 237/2086/205 273/2087/205 241/2088/205
f 236/2089/205 1251/2090/205 1656/2091/205
f 1653/2092/205 1678/2093/205 1655/2094/205
f 803/2080/205 1674/2072/205 790/2081/205
f 790/2081/205 1677/2095/205 803/2080/205
f 1672/2053/205 780/2096/205 781/2082/205
f 781/2082/205 780/2096/205 1678/2093/205
f 779/2078/205 1670/2067/205 1655/2094/205
f 781/2082/205 1679/2097/205 790/2081/205
f 30/2098/205 59/2077/205 52/2099/205
f 52/2099/205 797/2079/205 1677/2095/205
f 1186/2100/205 1222/2101/205 1185/2102/205
f 1185/2102/205 31/2060/205 87/2085/205
f 1251/2090/205 1253/2103/205 1266/2104/205
f 960/2105/206 970/2106/206 971/2107/206
f 970/2106/206 1684/2108/206 1682/2109/206
f 1683/2110/206 1685/2111/206 1680/2112/206
f 1684/2108/206 1691/2113/206 1688/2114/206
f 1682/2109/206 1686/2115/206 1689/2116/206
f 959/2117/206 1687/2118/206 1690/2119/206
f 1693/2120/207 1694/2121/207 970/2106/207
f 939/2122/208 1690/2119/208 1692/2123/208
f 919/2124/207 959/2117/207 935/2125/207
f 1688/2114/207 1694/2121/207 1695/2126/207
f 930/2127/209 931/2128/209 935/2125/209
f 1701/2129/209 326/2130/209 327/2131/209
f 930/2127/209 1698/2132/209 1699/2133/209
f 1700/2134/209 327/2131/209 1699/2133/209
f 328/2135/209 1701/2129/209 327/2131/209
f 1702/2136/210 1680/2137/210 1704/2138/210
f 1702/2136/211 1697/2139/211 1703/2140/211
f 324/2141/211 1701/2129/211 328/2135/211
f 938/2142/211 971/2143/211 920/2144/211
f 324/2141/211 1700/2134/211 1681/2145/211
f 376/2146/211 375/2147/211 1701/2129/211
f 933/2148/210 1700/2134/210 1698/2132/210
f 1708/2149/212 1713/2150/212 1707/2151/212
f 1708/2149/212 358/2152/212 1712/2153/212
f 1711/2154/212 357/2155/212 1709/2156/212
f 1706/2157/212 1713/2150/212 1710/2158/212
f 1714/2159/213 1718/2160/213 1717/2161/213
f 347/2162/213 1711/2154/213 340/2163/213
f 1713/2150/213 1712/2153/213 1719/2164/213
f 1719/2164/213 1718/2160/213 1714/2159/213
f 1715/2165/214 1721/2166/214 1718/2160/214
f 1717/2161/214 1721/2166/214 1722/2167/214
f 1716/2168/214 1722/2167/214 1723/2169/214
f 1709/2170/215 346/2171/215 337/2172/215
f 1721/2166/215 1725/2173/215 1722/2167/215
f 1724/2174/215 1707/2175/215 1725/2173/215
f 1708/2176/215 1707/2175/215 1724/2174/215
f 1727/2177/216 1729/2178/216 1728/2179/216
f 1735/2180/216 455/2181/216 1734/2182/216
f 502/2183/216 1730/2184/216 1729/2178/216
f 524/2185/216 450/2186/216 1736/2187/216
f 1731/2188/216 1737/2189/216 1735/2180/216
f 1733/2190/216 1737/2189/216 1740/2191/216
f 1726/2192/216 1742/2193/216 1741/2194/216
f 502/2183/216 1736/2187/216 500/2195/216
f 1737/2189/217 1745/2196/217 1739/2197/217
f 1738/2198/217 1746/2199/217 1737/2189/217
f 500/2195/217 1749/2200/217 1742/2193/217
f 456/2201/217 1743/2202/217 1736/2187/217
f 456/2201/217 1739/2197/217 1745/2196/217
f 1741/2194/217 1749/2200/217 1748/2203/217
f 500/2195/217 1743/2202/217 1744/2204/217
f 1747/2205/218 1758/2206/218 1752/2207/218
f 1750/2208/218 503/2209/218 505/2210/218
f 510/2211/218 1753/2212/218 1750/2208/218
f 1745/2196/218 1752/2207/218 1755/2213/218
f 503/2209/218 1744/2204/218 505/2210/218
f 505/2210/218 456/2201/218 1757/2214/218
f 454/2215/218 1755/2213/218 1756/2216/218
f 1754/2217/218 528/2218/218 1756/2216/218
f 529/2219/218 1757/2214/218 528/2218/218
f 1727/2220/219 1760/2221/219 1734/2222/219
f 1755/2213/219 1734/2222/219 1760/2221/219
f 1756/2216/219 1763/2223/219 1754/2217/219
f 1728/2224/219 1762/2225/219 1727/2220/219
f 1731/2226/219 1755/2213/219 1758/2206/219
f 1731/2226/219 1759/2227/219 1733/2228/219
f 1753/2212/219 1754/2217/219 1761/2229/219
f 1730/2230/219 1763/2223/219 1728/2224/219
f 1767/2231/220 1764/2232/220 1766/2233/220
f 1004/2234/220 765/2235/220 1770/2236/220
f 1770/2236/220 764/2237/220 1771/2238/220
f 1766/2233/220 1778/2239/220 1768/2240/220
f 753/2241/220 999/2242/220 757/2243/220
f 979/2244/220 1768/2240/220 1775/2245/220
f 765/2235/220 763/2246/220 1005/2247/220
f 1780/2248/220 1373/2249/220 1365/2250/220
f 1366/2251/220 776/2252/220 1772/2253/220
f 747/2254/220 1004/2234/220 1769/2255/220
f 989/2256/220 988/2257/220 979/2244/220
f 997/2258/220 1005/2247/220 999/2242/220
f 763/2246/220 757/2243/220 999/2242/220
f 766/2259/220 1771/2238/220 764/2237/220
f 1382/2260/220 1777/2261/220 1383/2262/220
f 776/2252/220 1365/2250/220 1382/2260/220
f 764/2237/220 997/2258/220 753/2241/220
f 1779/2263/220 753/2241/220 1773/2264/220
f 989/2256/220 1775/2245/220 1773/2264/220
f 1374/2265/221 1382/2260/221 1373/2249/221
f 1785/2266/222 1781/2267/222 1774/2268/222
f 1782/2269/222 1788/2270/222 1784/2271/222
f 1784/2271/222 1787/2272/222 1783/2273/222
f 1775/2245/222 1783/2273/222 1789/2274/222
f 759/2275/222 1790/2276/222 1374/2265/222
f 1784/2271/222 1774/2268/222 1782/2269/222
f 1781/2267/222 1791/2277/222 1782/2269/222
f 752/2278/222 759/2275/222 1776/2279/222
f 759/2275/222 1779/2263/222 1789/2274/222
f 754/2280/222 759/2275/222 1792/2281/222
f 1798/2282/223 1799/2283/223 1796/2284/223
f 1787/2272/223 1800/2285/223 1794/2286/223
f 1788/2270/223 1796/2284/223 1793/2287/223
f 1792/2281/223 1794/2286/223 1801/2288/223
f 754/2280/223 761/2289/223 1790/2276/223
f 1609/2290/223 1797/2291/223 1612/2292/223
f 748/2293/223 1795/2294/223 1801/2288/223
f 1609/2290/223 1798/2282/223 1785/2266/223
f 1607/2295/224 1765/2296/224 1798/2282/224
f 1612/2292/224 1602/2297/224 1607/2295/224
f 1767/2298/224 1799/2283/224 1798/2282/224
f 981/2299/224 1800/2285/224 1799/2283/224
f 981/2299/224 1004/2300/224 990/2301/224
f 1771/2302/224 1800/2285/224 1770/2303/224
f 1370/2304/224 1802/2305/224 1801/2288/224
f 1370/2304/224 1772/2306/224 1380/2307/224
f 177/2308/225 1806/2309/225 170/2310/225
f 1811/2311/225 1804/2312/225 1805/2313/225
f 1812/2314/225 1813/2315/225 1810/2316/225
f 1120/2317/226 1116/2318/226 1117/2319/226
f 1814/2320/225 223/2321/225 1808/2322/225
f 1814/2320/225 1807/2323/225 1816/2324/225
f 1117/2319/226 220/2325/226 1120/2317/226
f 1813/2315/227 1809/2326/227 1821/2327/227
f 1820/2328/227 1822/2329/227 1816/2324/227
f 1822/2329/227 78/2330/227 1824/2331/227
f 1821/2327/227 1820/2328/227 1810/2316/227
f 221/2332/227 216/2333/227 1124/2334/227
f 216/2333/227 223/2321/227 1818/2335/227
f 78/2330/227 160/2336/227 74/2337/227
f 1112/2338/227 187/2339/227 177/2308/227
f 1826/2340/227 1827/2341/227 1825/2342/227
f 1817/2343/227 175/2344/227 1827/2341/227
f 1112/2338/227 1120/2317/227 1130/2345/227
f 1123/2346/228 1109/2347/228 1137/2348/228
f 1833/2349/228 1836/2350/228 1826/2340/228
f 1834/2351/228 1837/2352/228 1828/2353/228
f 187/2339/228 1835/2354/228 1833/2349/228
f 74/2337/228 1832/2355/228 1824/2331/228
f 213/2356/228 1123/2346/228 1130/2345/228
f 161/2357/228 160/2336/228 1823/2358/228
f 79/2359/228 160/2336/228 161/2357/228
f 213/2356/228 1824/2331/228 1832/2355/228
f 161/2357/228 1820/2328/228 1831/2360/228
f 1831/2360/228 1819/2361/228 1830/2362/228
f 71/2363/228 161/2357/228 158/2364/228
f 187/2339/228 1110/2365/228 1109/2347/228
f 1807/2366/229 1808/2367/229 1838/2368/229
f 158/2364/229 70/2369/229 71/2363/229
f 170/2370/229 1115/2371/229 213/2356/229
f 170/2370/229 1806/2372/229 1841/2373/229
f 1835/2354/229 1841/2373/229 1840/2374/229
f 70/2369/229 1807/2366/229 1838/2368/229
f 1115/2371/229 1109/2347/229 1125/2375/229
f 1848/2376/230 1843/2377/230 1844/2378/230
f 1846/2379/230 1845/2380/230 1847/2381/230
f 1843/2377/230 1846/2379/230 1844/2378/230
f 1849/2382/231 1851/2383/231 1850/2384/231
f 1852/2385/232 1856/2386/232 1855/2387/232
f 1858/2388/232 1856/2386/232 1853/2389/232
f 1858/2388/232 1854/2390/232 1857/2391/232
f 1856/2386/233 1859/2392/233 1843/2393/233
f 1842/2394/233 1855/2387/233 1861/2395/233
f 1859/2392/233 1854/2390/233 1845/2396/233
f 1397/2397/234 1393/2398/234 1863/2399/234
f 1405/2400/234 1862/2401/234 1408/2402/234
f 1402/2403/234 1408/2402/234 1393/2398/234
f 1399/2404/235 1867/2405/235 1395/2406/235
f 234/2407/235 1406/2408/235 1864/2409/235
f 232/2410/235 234/2407/235 243/2411/235
f 1395/2406/235 1408/2402/235 1403/2412/235
f 232/2410/236 243/2411/236 231/2413/236
f 1398/2414/236 231/2413/236 881/2415/236
f 1403/2412/236 1398/2414/236 1399/2404/236
f 891/2416/236 882/2417/236 881/2415/236
f 880/2418/237 882/2417/237 891/2416/237
f 1400/2419/237 1869/2420/237 880/2418/237
f 1397/2421/237 1400/2419/237 1402/2422/237
f 440/2423/238 974/2424/238 1871/2425/238
f 1316/2426/238 1315/2427/238 1324/2428/238
f 482/2429/238 972/2430/238 945/2431/238
f 1871/2425/238 1872/2432/238 1870/2433/238
f 1565/2434/238 1881/2435/238 1875/2436/238
f 1873/2437/238 1883/2438/238 1880/2439/238
f 1579/2440/238 1561/2441/238 1568/2442/238
f 1874/2443/239 1576/2444/239 1575/2445/239
f 440/2423/238 1316/2426/238 1878/2446/238
f 942/2447/238 945/2431/238 1873/2437/238
f 1881/2435/238 1882/2448/238 1875/2436/238
f 468/2449/238 482/2429/238 974/2424/238
f 972/2430/238 468/2449/238 467/2450/238
f 1568/2442/240 1575/2445/240 1576/2444/240
f 467/2450/241 460/2451/241 461/2452/241
f 1885/2453/241 1240/2454/241 1880/2439/241
f 1883/2438/241 963/2455/241 957/2456/241
f 461/2452/241 1884/2457/241 911/2458/241
f 1562/2459/241 1586/2460/241 1573/2461/241
f 963/2455/241 911/2458/241 936/2462/241
f 1885/2453/241 956/2463/241 936/2462/241
f 1227/2464/241 1562/2459/241 1573/2461/241
f 1227/2464/241 1886/2465/241 1289/2466/241
f 956/2463/241 946/2467/241 957/2456/241
f 1246/2468/241 1262/2469/241 1886/2465/241
f 1888/2470/242 1319/2471/242 1898/2472/242
f 1895/2473/242 1889/2474/242 1894/2475/242
f 936/2462/242 925/2476/242 927/2477/242
f 925/2476/242 1884/2457/242 1888/2470/242
f 1891/2478/242 1319/2471/242 1321/2479/242
f 463/2480/242 476/2481/242 462/2482/242
f 1287/2483/242 1288/2484/242 1892/2485/242
f 1262/2469/242 1885/2453/242 1260/2486/242
f 1258/2487/242 1288/2484/242 1893/2488/242
f 1289/2466/242 1886/2465/242 1287/2483/242
f 1889/2474/242 1289/2466/242 1892/2485/242
f 1287/2483/242 1262/2469/242 1893/2488/242
f 1318/2489/242 1891/2478/242 1321/2479/242
f 1319/2471/243 1891/2478/243 1320/2490/243
f 463/2480/243 1872/2491/243 910/2492/243
f 926/2493/243 942/2494/243 1245/2495/243
f 482/2496/243 926/2493/243 471/2497/243
f 1315/2498/243 448/2499/243 1320/2490/243
f 1315/2498/243 1891/2478/243 1328/2500/243
f 1328/2500/243 1877/2501/243 1324/2502/243
f 458/2503/243 1319/2471/243 1320/2490/243
f 471/2497/243 974/2504/243 482/2496/243
f 1565/2505/243 1564/2506/243 1575/2507/243
f 1564/2506/243 1875/2508/243 1895/2473/243
f 1876/1454/243 1896/2509/243 1875/2508/243
f 1245/2495/243 1285/2510/243 1258/2487/243
f 449/2511/243 1872/2491/243 458/2503/243
f 463/2480/243 1898/2472/243 458/2503/243
f 517/2512/243 449/2511/243 448/2499/243
f 958/2513/244 1883/2514/244 1879/2515/244
f 1905/2516/244 551/2517/244 541/2518/244
f 1261/2519/244 951/2520/244 1885/2521/244
f 1259/2522/244 1893/2523/244 1260/2524/244
f 530/2525/244 1902/2526/244 1901/2527/244
f 943/2528/244 957/2529/244 958/2513/244
f 961/2530/244 956/2531/244 951/2520/244
f 603/2532/244 530/2525/244 1904/2533/244
f 541/2518/244 1901/2527/244 1907/2534/244
f 1260/2524/244 1273/2535/244 1261/2519/244
f 1903/2536/244 1879/2515/244 1883/2514/244
f 1259/2522/244 1885/2521/244 956/2531/244
f 951/2520/245 603/2532/245 1264/2537/245
f 961/2530/245 951/2520/245 947/2538/245
f 1910/2539/245 541/2518/245 543/2540/245
f 1241/2541/245 1264/2537/245 1270/2542/245
f 543/2540/245 1907/2534/245 555/2543/245
f 616/2544/245 1907/2534/245 1906/2545/245
f 616/2544/245 614/2546/245 688/2547/245
f 596/2548/245 1905/2516/245 1910/2539/245
f 1880/2549/246 1913/2550/246 1241/2541/246
f 1246/2551/246 1873/2552/246 1880/2549/246
f 555/2543/246 1916/2553/246 1912/2554/246
f 615/2555/246 688/2547/246 614/2546/246
f 615/2555/246 556/2556/246 1909/2557/246
f 1886/2558/246 1270/2542/246 1287/2559/246
f 1886/2558/246 1286/2560/246 1230/2561/246
f 1916/2553/246 557/2562/246 556/2556/246
f 604/2563/246 592/2564/246 1912/2554/246
f 1286/2560/246 1287/2559/246 1892/2565/246
f 1271/2566/246 595/2567/246 604/2563/246
f 557/2562/246 555/2543/246 1909/2557/246
f 1244/2568/247 944/2569/247 1873/2552/247
f 1879/2570/247 1913/2550/247 1873/2552/247
f 556/2556/247 550/2571/247 1916/2553/247
f 608/2572/247 1915/2573/247 552/2574/247
f 1273/2575/247 1288/2576/247 1274/2577/247
f 604/2563/247 1273/2575/247 1274/2577/247
f 1286/2560/247 1892/2565/247 1288/2576/247
f 549/2578/247 1914/2579/247 1917/2580/247
f 552/2574/247 1916/2553/247 550/2571/247
f 552/2574/247 550/2571/247 1917/2580/247
f 958/2581/247 944/2569/247 943/2582/247
f 1244/2568/247 1286/2560/247 1893/2583/247
f 533/2584/248 594/2585/248 1918/2586/248
f 676/2587/248 583/2588/248 674/2589/248
f 991/2590/248 676/2587/248 674/2589/248
f 582/2591/248 691/2592/248 583/2588/248
f 1922/2593/248 686/2594/248 691/2592/248
f 991/2590/248 1003/2595/248 992/2596/248
f 533/2584/248 1920/2597/248 1923/2598/248
f 691/2592/248 1919/2599/248 1918/2586/248
f 1925/2600/249 594/2585/249 598/2601/249
f 1927/2602/249 1928/2603/249 1931/2604/249
f 533/2584/249 1923/2598/249 534/2605/249
f 594/2585/249 533/2584/249 1927/2602/249
f 1933/2606/250 1929/2607/250 1930/2608/250
f 609/2609/250 581/2610/250 1932/2611/250
f 580/2612/250 1934/2613/250 599/2614/250
f 580/2612/250 599/2614/250 1932/2611/250
f 609/2609/251 1928/2603/251 1936/2615/251
f 1935/2616/250 580/2612/250 581/2610/250
f 548/2617/252 1919/2618/252 1936/2615/252
f 584/2619/252 676/2620/252 1934/2613/252
f 581/2610/252 584/2619/252 1935/2616/252
f 581/2610/252 612/2621/252 1922/2622/252
f 681/2623/252 676/2620/252 1921/2624/252
f 1922/2622/252 582/2625/252 584/2619/252
f 547/2626/252 548/2617/252 1920/2627/252
f 612/2621/252 1936/2615/252 1919/2618/252
f 1938/2628/253 36/2629/253 35/2630/253
f 36/2629/253 1937/2631/253 1939/2632/253
f 1940/2633/254 1942/2634/254 1939/2632/254
f 1942/2634/255 1943/2635/255 1944/2636/255
f 38/2637/256 1944/2636/256 1943/2635/256
f 33/2638/256 40/2639/256 1938/2640/256
f 1843/2641/257 1841/2642/257 1945/2643/257
f 1826/2644/257 1948/2645/257 1946/2646/257
f 1861/2647/257 1844/2648/257 1947/2649/257
f 1826/2644/257 1840/2650/257 1841/2642/257
f 1827/2651/258 1825/2652/258 1950/2653/258
f 1856/2654/258 1947/2649/258 1853/2655/258
f 1827/2651/258 1839/2656/258 1833/2657/258
f 1841/2642/258 1856/2654/258 1949/2658/258
f 1833/2657/259 1839/2656/259 1835/2659/259
f 1857/2660/259 1951/2661/259 1859/2662/259
f 1955/2663/259 1953/2664/259 1954/2665/259
f 1857/2660/259 1952/2666/259 1835/2659/259
f 1945/2667/260 1836/2668/260 1956/2669/260
f 1846/2670/260 1859/2662/260 1951/2661/260
f 1953/2664/260 1955/2663/260 1956/2669/260
f 1834/2671/260 1836/2668/260 1840/2672/260
f 1963/2673/261 1958/2674/261 1959/2675/261
f 1957/2676/261 1963/2673/261 1959/2675/261
f 1962/2677/261 1960/2678/261 1957/2676/261
f 1965/2679/262 1961/2680/262 1967/2681/262
f 1963/2673/263 1960/2678/263 1965/2679/263
f 1969/2682/264 1966/2683/264 1968/2684/264
f 1030/2685/265 1984/2686/265 1983/2687/265
f 1983/2687/265 1980/2688/265 1970/2689/265
f 1979/2690/265 1971/2691/265 1978/2692/265
f 1978/2692/265 1972/2693/265 1980/2688/265
f 1977/2694/265 1970/2689/265 1982/2695/265
f 1026/2696/265 1036/2697/265 1030/2685/265
f 844/2698/266 866/2699/266 871/2700/266
f 1979/2690/266 1985/2701/266 1986/2702/266
f 1983/2687/266 1991/2703/266 1981/2704/266
f 1993/2705/266 1992/2706/266 1990/2707/266
f 866/2699/266 1990/2707/266 1991/2703/266
f 1992/2706/267 2003/2708/267 1989/2709/267
f 1994/2710/267 1998/2711/267 1996/2712/267
f 842/2713/267 1024/2714/267 2000/2715/267
f 845/2716/267 868/2717/267 866/2699/267
f 1997/2718/267 2004/2719/267 1999/2720/267
f 1028/2721/267 1033/2722/267 1035/2723/267
f 1035/2723/267 2002/2724/267 2001/1604/267
f 1995/2725/267 1999/2720/267 2004/2719/267
f 1999/2720/268 1977/2726/268 2006/2727/268
f 1019/2728/268 2000/2715/268 1024/2714/268
f 1972/2729/268 2005/2730/268 1996/2712/268
f 2006/2727/268 1996/2712/268 1997/2718/268
f 1974/2731/268 1999/2720/268 2000/2715/268
f 1024/2714/268 1036/2732/268 1019/2728/268
f 1975/2733/268 1035/2723/268 2001/1604/268
f 1972/2729/268 2006/2727/268 1977/2726/268
f 1976/2734/268 2005/2730/268 1971/2735/268
f 2007/2736/269 2013/2737/269 2014/2738/269
f 2011/2739/269 2013/2737/269 2010/2740/269
f 2008/2741/269 2009/2742/269 2014/2738/269
f 1540/2743/270 1548/2744/270 1550/2745/270
f 1548/2744/270 2016/2746/270 1550/2745/270
f 2014/2738/270 2018/2747/270 2017/2748/270
f 2012/2749/270 2017/2748/270 1537/2750/270
f 2019/2751/270 2013/2737/270 2015/2752/270
f 1548/2744/271 1537/2750/271 1538/2753/271
f 1538/2753/271 2020/2754/271 2026/2755/271
f 2020/2754/271 2018/2747/271 2023/2756/271
f 2025/2757/271 2021/2758/271 2026/2755/271
f 2025/2757/272 2028/2759/272 2021/2758/272
f 2027/2760/272 2022/2761/272 2028/2759/272
f 2010/2762/272 2007/2763/272 2027/2760/272
f 2029/2764/273 1702/2765/273 1704/2766/273
f 1702/2765/273 2031/2767/273 1704/2766/273
f 2034/2768/274 2032/2769/274 2033/2770/274
f 1683/2771/275 2029/2772/275 1685/2773/275
f 1683/2771/275 2034/2768/275 2033/2770/275
f 1788/2774/276 2037/2775/276 2036/2776/276
f 2044/2777/276 2046/2778/276 2036/2776/276
f 996/2779/276 2040/2780/276 2039/2781/276
f 2039/2781/276 737/2782/276 996/2779/276
f 745/2783/276 1769/2784/276 1007/2785/276
f 996/2779/276 1012/2786/276 995/2787/276
f 2042/2788/276 1013/2789/276 2041/2790/276
f 1348/2791/276 1359/2792/276 1356/2793/276
f 1007/2785/276 2049/2794/276 1347/2795/276
f 1793/2796/276 2048/2797/276 1784/2798/276
f 772/2799/276 694/2800/276 2041/2790/276
f 1775/2801/276 2048/2797/276 982/2802/276
f 643/2803/277 634/2804/277 635/2805/277
f 772/2799/276 996/2779/276 756/2806/276
f 989/2807/276 982/2802/276 1769/2784/276
f 737/2782/276 1784/2798/276 1775/2801/276
f 2047/2808/278 1796/2809/278 2058/2810/278
f 2053/2811/279 1350/2812/279 1351/2813/279
f 636/2814/278 2049/2794/278 634/2804/278
f 1769/2784/193 982/2802/193 988/2815/193
f 976/2816/278 1769/2784/278 988/2815/278
f 2051/2817/278 2045/2818/278 2054/2819/278
f 1793/2796/278 2051/2817/278 2055/2820/278
f 645/2821/280 1351/2813/280 2056/2822/280
f 1768/2823/278 982/2802/278 2052/2824/278
f 643/2803/278 1346/2825/278 2059/2826/278
f 643/2803/193 1768/2823/193 2053/2811/193
f 1344/2827/278 644/2828/278 645/2821/278
f 1350/2812/281 2056/2822/281 1351/2813/281
f 695/2829/282 1016/2830/282 704/2831/282
f 773/2832/282 977/2833/282 770/2834/282
f 1782/2835/282 1796/2809/282 1791/2836/282
f 1791/2836/282 2055/2820/282 2061/2837/282
f 2060/2838/282 1350/2812/282 1358/2839/282
f 2059/2826/282 646/2840/282 647/2841/282
f 1350/2812/282 2057/2842/282 1358/2839/282
f 645/2821/282 646/2840/282 1344/2827/282
f 985/2843/282 773/2832/282 770/2834/282
f 743/2844/282 985/2843/282 770/2834/282
f 1774/2845/282 2061/2837/282 735/2846/282
f 646/2840/282 1341/2847/282 647/2841/282
f 645/2821/282 2060/2838/282 2063/2848/282
f 1774/2845/282 2058/2810/282 1782/2835/282
f 2064/2849/283 2038/2850/283 2037/2851/283
f 985/2843/283 994/2852/283 1008/2853/283
f 1359/2854/283 2063/2848/283 1360/2855/283
f 2064/2849/284 735/2846/284 2062/2856/284
f 984/2857/283 735/2846/283 2065/2858/283
f 2040/2859/285 994/2852/285 2065/2858/285
f 700/2860/283 2066/2861/283 701/2862/283
f 1014/2863/283 2042/2864/283 700/2860/283
f 701/2862/190 1016/2830/190 1008/2853/190
f 994/2852/283 1012/2865/283 1014/2863/283
f 705/2866/190 700/2860/190 2042/2864/190
f 2066/2861/286 1360/2855/286 701/2862/286
f 2070/2867/287 2074/2868/287 2075/2869/287
f 2067/2870/288 2072/2871/288 2073/2872/288
f 2074/2868/288 2072/2871/288 2069/2873/288
f 2071/2874/289 2077/2875/289 2076/2876/289
f 2077/2875/289 2078/2877/289 2079/2878/289
f 2079/2878/289 2080/2879/289 2081/2880/289
f 2080/2879/290 2085/2881/290 2083/2882/290
f 2081/2880/290 2083/2882/290 2086/2883/290
f 2080/2879/290 2078/2877/290 2084/2884/290
f 2087/2885/291 2089/2886/291 2088/2887/291
f 2088/2887/291 2067/2888/291 2086/2883/291
f 2092/2889/292 2094/2890/292 2093/2891/292
f 1751/2892/292 1732/2893/292 1735/2894/292
f 2094/2890/292 2091/2895/292 2097/2896/292
f 1755/2897/292 2098/2898/292 2097/2896/292
f 2096/2899/292 2092/2889/292 2095/2900/292
f 2100/2901/292 381/2902/292 1721/2903/292
f 1534/2904/292 1544/2905/292 1541/2906/292
f 1721/2903/292 1714/2907/292 1725/2908/292
f 403/2909/292 434/2910/292 381/2902/292
f 403/2909/293 405/2911/293 1546/2912/293
f 1751/2892/293 1739/2913/293 1745/2914/293
f 1739/2913/293 1518/2915/293 2103/2916/293
f 2102/2917/293 1544/2905/293 1554/2918/293
f 1519/2919/293 2106/2920/293 2103/2916/293
f 382/2921/293 2100/2901/293 435/2922/293
f 397/2923/293 435/2922/293 405/2911/293
f 2102/2917/293 1555/2924/293 1514/2925/293
f 401/2926/294 405/2911/294 2105/2927/294
f 405/2911/293 1555/2924/293 1554/2918/293
f 1555/2924/295 406/2928/295 1551/2929/295
f 432/2930/295 406/2928/295 2105/2927/295
f 2109/2931/295 1746/2932/295 2107/2933/295
f 1555/2924/295 2112/2934/295 2110/2935/295
f 2106/2920/295 1523/2936/295 2108/2937/295
f 1740/2938/295 1746/2932/295 1737/2939/295
f 1545/2940/295 1529/2941/295 2111/2942/295
f 1522/2943/295 2115/2944/295 1523/2936/295
f 1529/2941/295 2114/2945/295 1530/2946/295
f 401/2926/295 2105/2927/295 406/2928/295
f 406/2928/295 410/2947/295 1545/2940/295
f 1530/2946/295 1532/2948/295 2111/2942/295
f 1522/2943/295 2110/2935/295 2111/2942/295
f 432/2930/295 2104/2949/295 2113/2950/295
f 2115/2944/295 2116/2951/295 2108/2937/295
f 1758/2952/296 1731/2953/296 2098/2954/296
f 1535/2955/296 409/2956/296 2121/2957/296
f 2116/2951/296 2122/2958/296 2119/2959/296
f 2092/2960/296 2120/2961/296 2122/2958/296
f 2118/2962/296 2123/2963/296 2122/2958/296
f 1722/2964/296 1717/2965/296 432/2930/296
f 1725/2966/296 1717/2965/296 1722/2964/296
f 2095/2967/296 2123/2963/296 2121/2957/296
f 2093/2968/296 2098/2954/296 2120/2961/296
f 410/2947/296 434/2969/296 409/2956/296
f 1758/2952/296 1740/2938/296 1731/2953/296
f 1543/2970/296 1535/2955/296 1529/2941/296
f 2125/2971/297 808/2972/297 819/2973/297
f 820/2974/297 2131/2975/297 2126/2976/297
f 1957/2977/297 1965/2978/297 1960/2979/297
f 1960/2979/297 2128/2980/297 2132/2981/297
f 1669/2982/297 793/2983/297 782/2984/297
f 792/2985/297 1663/2986/297 819/2973/297
f 784/2987/297 1678/2988/297 2130/2989/297
f 827/2990/297 819/2973/297 1672/2991/297
f 781/2992/298 782/2984/298 1678/2988/298
f 1658/2993/297 2124/2994/297 2129/2995/297
f 782/2984/297 1658/2993/297 1655/2996/297
f 782/2984/297 1672/2991/297 1669/2982/297
f 1474/2997/299 2136/2998/299 2134/2999/299
f 790/3000/299 2133/3001/299 802/3002/299
f 827/2990/299 790/3000/299 1674/3003/299
f 812/3004/299 811/3005/299 1673/3006/299
f 811/3005/299 1674/3003/299 790/3000/299
f 60/3007/299 2135/3008/299 61/3009/299
f 58/3010/299 60/3007/299 1673/3006/299
f 801/3011/299 2133/3001/299 1653/3012/299
f 801/3011/299 811/3005/299 802/3002/299
f 784/2987/299 1679/3013/299 790/3000/299
f 1451/3014/299 1467/3015/299 1474/2997/299
f 2136/2998/299 2138/3016/299 2134/2999/299
f 58/3010/299 1654/3017/299 1668/3018/299
f 2139/3019/299 57/3020/299 63/3021/299
f 61/3009/299 817/3022/299 1673/3006/299
f 12/3023/299 2135/3008/299 58/3010/299
f 1653/3012/299 2130/2989/299 63/3021/299
f 2138/3016/300 1468/3024/300 2147/3025/300
f 1668/3018/300 11/3026/300 12/3023/300
f 11/3026/301 1654/3017/301 13/3027/301
f 1666/3028/300 13/3027/300 1659/3029/300
f 2147/3025/300 1471/3030/300 2144/3031/300
f 1467/3015/301 1468/3024/301 2137/3032/301
f 1449/3033/301 1469/3034/301 2145/3035/301
f 13/3027/300 2139/3019/300 16/3036/300
f 2143/3037/300 2146/3038/300 2142/3039/300
f 1458/3040/300 1666/3028/300 2141/3041/300
f 2145/3035/301 1469/3034/301 1468/3024/301
f 1450/3042/302 2149/3043/302 1963/3044/302
f 1471/3030/302 1450/3042/302 1472/3045/302
f 794/3046/302 792/3047/302 808/3048/302
f 794/3046/302 2148/3049/302 2141/3041/302
f 2149/3043/302 2142/3039/302 2125/3050/302
f 2127/3051/302 1963/3044/302 1965/3052/302
f 89/3053/303 1478/3054/303 2153/3055/303
f 81/3056/303 91/3057/303 89/3053/303
f 2150/3058/303 2140/3059/303 2147/3060/303
f 82/3061/303 2147/3060/303 2140/3059/303
f 1478/3054/303 1490/3062/303 1489/3063/303
f 1490/3062/304 110/3064/304 109/3065/304
f 110/3064/304 1479/3066/304 91/3057/304
f 23/3067/304 69/3068/304 82/3061/304
f 91/3057/304 69/3068/304 1483/3069/304
f 23/3067/304 2155/3070/304 32/3071/304
f 1487/3072/304 127/3073/304 128/3074/304
f 108/3075/304 109/3065/304 127/3073/304
f 109/3065/304 1483/3069/304 128/3074/304
f 108/3075/304 1487/3072/304 2153/3055/304
f 1487/3072/305 1492/3076/305 138/3077/305
f 1487/3072/306 126/3078/306 1492/3076/306
f 1456/3079/307 1468/3080/307 2145/3081/307
f 1466/3082/307 2145/3081/307 1468/3080/307
f 1466/3082/307 2137/3083/307 2136/3084/307
f 128/3074/307 1480/3085/307 126/3078/307
f 1462/3086/306 26/3087/306 2137/3083/306
f 32/3071/307 15/3088/307 26/3087/307
f 69/3068/307 157/3089/307 138/3077/307
f 81/3090/308 101/3091/308 157/3089/308
f 2145/3081/308 1466/3082/308 1469/3092/308
f 2136/3084/308 2150/3093/308 1469/3092/308
f 2136/3084/308 2156/3094/308 2134/3095/308
f 1455/3096/308 2145/3081/308 1469/3092/308
f 1461/3097/308 81/3090/308 65/3098/308
f 89/3099/308 2151/3100/308 101/3091/308
f 1956/3101/309 1954/3102/309 1953/3103/309
f 1953/3103/309 84/3104/309 1648/3105/309
f 1648/3105/309 1650/3106/309 1645/3107/309
f 118/3108/309 1179/3109/309 119/3110/309
f 118/3108/309 119/3110/309 1191/3111/309
f 83/3112/310 115/3113/310 1191/3111/310
f 115/3113/309 2158/3114/309 1201/3115/309
f 1215/3116/311 2164/3117/311 1633/3118/311
f 1643/3119/311 1650/3106/311 1631/3120/311
f 1179/3109/311 1200/3121/311 1215/3116/311
f 112/3122/312 1219/3123/312 1208/3124/312
f 1208/3124/312 1629/3125/312 1651/3126/312
f 94/3127/313 1178/3128/313 1177/3129/313
f 129/3130/312 1178/3128/312 106/3131/312
f 106/3131/312 1635/3132/312 1219/3123/312
f 1213/3133/312 1212/3134/312 1219/3123/312
f 93/3135/312 94/3127/312 1642/3136/312
f 2164/3117/312 1213/3133/312 1635/3132/312
f 1642/3136/314 1187/3137/314 1647/3138/314
f 85/3139/314 1955/3140/314 2167/3141/314
f 1208/3124/314 1651/3126/314 1206/3142/314
f 136/3143/314 1187/3137/314 135/3144/314
f 1208/3124/314 135/3144/314 129/3130/314
f 1955/3140/314 1954/3145/314 1956/3146/314
f 1202/3147/314 1651/3126/314 2158/3148/314
f 1189/3149/314 85/3139/314 1647/3138/314
f 135/3144/314 1202/3147/314 136/3143/314
f 129/3130/314 1187/3137/314 1177/3129/314
f 1978/3150/315 2005/3151/315 2168/3152/315
f 1143/3153/315 1153/3154/315 1155/3155/315
f 2179/3156/315 1153/3154/315 2175/3157/315
f 2172/3158/315 2174/3159/315 2175/3157/315
f 2176/3160/315 2169/3161/315 2180/3162/315
f 1971/3163/315 2170/3164/315 2177/3165/315
f 2176/3160/316 2187/3166/316 2177/3165/316
f 2178/3167/316 2187/3166/316 2176/3160/316
f 2184/3168/316 2185/3169/316 2181/3170/316
f 2178/3167/316 2184/3168/316 2182/3171/316
f 2188/3172/317 2193/3173/317 1152/3174/317
f 2181/3170/317 2185/3169/317 2188/3172/317
f 1147/3175/317 1154/3176/317 1152/3174/317
f 2192/3177/317 2189/3178/317 2191/3179/317
f 2192/3177/318 2195/3180/318 2172/3181/318
f 2171/3182/318 2190/3183/318 1154/3176/318
f 1147/3175/318 1155/3184/318 1154/3176/318
f 2173/3185/318 2174/3186/318 2195/3180/318
f 1143/3187/318 1147/3175/318 2194/3188/318
f 1985/3189/318 2168/3190/318 1986/3191/318
f 2169/3192/318 1986/3191/318 2197/3193/318
f 2171/3182/318 2197/3193/318 2196/3194/318
f 325/3195/319 1701/3196/319 376/3197/319
f 2198/3198/319 360/3199/319 2201/3200/319
f 368/3201/319 1703/3202/319 376/3197/319
f 325/3195/319 1689/3203/319 327/3204/319
f 1689/3203/319 2199/3205/319 2200/3206/319
f 360/3199/319 368/3201/319 1701/3196/319
f 1699/3207/319 329/3208/319 327/3204/319
f 1699/3207/320 1686/3209/320 1700/3210/320
f 2206/3211/320 2202/3212/320 2204/3213/320
f 329/3208/320 338/3214/320 349/3215/320
f 349/3215/320 2204/3213/320 2202/3212/320
f 329/3208/320 1686/3209/320 2203/3216/320
f 2208/3217/321 338/3214/321 348/3218/321
f 2203/3216/321 322/3219/321 333/3220/321
f 333/3220/321 359/3221/321 348/3218/321
f 2208/3217/321 2205/3222/321 2206/3211/321
f 2210/3223/322 2211/3224/322 2212/3225/322
f 363/3226/322 2212/3225/322 2211/3224/322
f 1681/3227/322 1682/3228/322 1703/3229/322
f 322/3219/322 368/3230/322 363/3226/322
f 2209/3231/323 1681/3227/323 368/3230/323
f 2216/3232/324 1131/3233/324 2213/3234/324
f 1161/3235/324 2217/3236/324 2214/3237/324
f 2219/3238/324 2174/3239/324 2195/3240/324
f 1161/3235/325 1169/3241/325 1160/3242/325
f 1129/3243/325 2218/3244/325 1131/3233/325
f 2175/3245/326 2189/3246/326 2194/3247/326
f 1129/3243/326 2222/3248/326 1127/3249/326
f 1129/3243/326 1127/3249/326 2218/3244/326
f 1162/3250/326 1169/3241/326 1170/3251/326
f 2221/3252/326 2193/3253/326 2189/3246/326
f 1169/3241/326 2172/3254/326 2194/3247/326
f 2216/3232/326 1162/3250/326 2220/3255/326
f 1163/3256/327 1162/3250/327 1170/3251/327
f 2194/3247/327 2193/3253/327 2192/3257/327
f 1163/3256/328 2192/3257/328 2221/3252/328
f 2214/3258/329 2223/3259/329 2224/3260/329
f 1297/3261/330 1323/3262/330 1325/3263/330
f 1307/3264/330 2228/3265/330 2227/3266/330
f 913/3267/331 912/3268/331 973/3269/331
f 2230/3270/331 2231/3271/331 2232/3272/331
f 2227/3266/331 443/3273/331 2230/3270/331
f 443/3273/331 912/3268/331 465/3274/331
f 973/3269/332 914/3275/332 913/3267/332
f 518/3276/332 465/3274/332 914/3275/332
f 441/3277/332 1872/3278/332 1871/3279/332
f 1305/3280/332 518/3276/332 2229/3281/332
f 1305/3280/332 1303/3282/332 1312/3283/332
f 458/3284/332 1888/3285/332 1898/3286/332
f 2235/3287/332 1898/3286/332 2234/3288/332
f 2235/3287/332 2232/3272/332 2231/3271/332
f 518/3276/333 449/3289/333 1870/3290/333
f 449/3289/334 1871/3279/334 1870/3290/334
f 447/3291/334 1312/3283/334 1320/3292/334
f 1300/3293/334 2236/3294/334 2226/3295/334
f 1320/3292/334 1891/3296/334 1321/3297/334
f 1888/3285/334 449/3289/334 1320/3292/334
f 1322/3298/334 2225/3299/334 1888/3285/334
f 1891/3296/334 1300/3293/334 1325/3300/334
f 1743/3301/335 524/3302/335 523/3303/335
f 488/3304/335 452/3305/335 1736/3306/335
f 605/3307/335 587/3308/335 588/3309/335
f 2241/3310/335 2245/3311/335 2250/3312/335
f 2026/3313/335 2021/3314/335 2028/3315/335
f 2251/3316/335 1428/3317/335 1432/3318/335
f 523/3303/335 1734/3319/335 1760/3320/335
f 2250/3312/335 2244/3321/335 1432/3318/335
f 1583/3322/336 2237/3323/336 588/3309/336
f 1583/3322/335 1582/3324/335 1587/3325/335
f 2243/3326/335 451/3327/335 2242/3328/335
f 2248/3329/335 2247/3330/335 2243/3326/335
f 2239/3331/335 2242/3328/335 2238/3332/335
f 1420/3333/337 1428/3317/337 2251/3316/337
f 1428/3317/337 2257/3334/337 2256/3335/337
f 2028/3315/337 2025/3336/337 2026/3313/337
f 2248/3329/337 2254/3337/337 2247/3330/337
f 2249/3338/337 2256/3335/337 2258/3339/337
f 505/3340/337 1743/3301/337 523/3303/337
f 1762/3341/337 2259/3342/337 2261/3343/337
f 1762/3341/337 1763/3344/337 2255/3345/337
f 2254/3337/337 2025/3336/337 2252/3346/337
f 496/3347/337 1750/3348/337 606/3349/337
f 600/3350/337 605/3307/337 606/3349/337
f 2246/3351/337 587/3308/337 600/3350/337
f 1420/3333/337 1416/3352/337 2260/3353/337
f 504/3354/337 2255/3345/337 1761/3355/337
f 1761/3355/337 1763/3344/337 2261/3343/337
f 496/3347/337 1744/3356/337 505/3340/337
f 1749/3357/338 1761/3355/338 1730/3358/338
f 2274/3359/338 2270/3360/338 2263/3361/338
f 2259/3342/338 2266/3362/338 2261/3343/338
f 1433/3363/338 1420/3333/338 1419/3364/338
f 422/3365/338 2267/3366/338 2268/3367/338
f 2270/3360/338 424/3368/338 2264/3369/338
f 416/3370/338 2259/3342/338 2258/3339/338
f 499/3371/339 501/3372/339 513/3373/339
f 404/3374/338 422/3365/338 2268/3367/338
f 2265/3375/338 2262/3376/338 1742/3377/338
f 1433/3363/338 2260/3353/338 2271/3378/338
f 2263/3361/338 2257/3334/338 2274/3359/338
f 2273/3379/340 2245/3380/340 2281/3381/340
f 499/3371/340 485/3382/340 2237/3383/340
f 2238/3384/340 453/3385/340 2282/3386/340
f 2278/3387/340 404/3374/340 2267/3366/340
f 414/3388/340 2276/3389/340 2239/3390/340
f 2280/3391/340 2240/3392/340 2239/3390/340
f 2277/3393/341 2280/3391/341 2276/3389/341
f 2277/3393/340 2245/3380/340 2240/3392/340
f 420/3394/340 2267/3366/340 424/3368/340
f 2279/3395/340 2269/3396/340 2282/3386/340
f 452/3397/340 485/3382/340 513/3373/340
f 545/3398/342 1901/3399/342 2287/3400/342
f 1895/3401/342 1894/3402/342 1899/3403/342
f 591/3404/343 540/3405/343 1915/3406/343
f 1580/3407/342 2289/3408/342 1584/3409/342
f 1578/3410/342 2286/3411/342 1584/3409/342
f 1580/3407/342 2286/3411/342 2285/3412/342
f 590/3413/342 1895/3401/342 1578/3410/342
f 545/3398/342 1904/3414/342 551/3415/342
f 1917/3416/342 551/3415/342 552/3417/342
f 540/3405/342 1917/3416/342 552/3417/342
f 1912/3418/342 552/3417/342 551/3415/342
f 1570/3419/344 2292/3420/344 2289/3408/344
f 1917/3416/344 540/3405/344 550/3421/344
f 542/3422/344 1909/3423/344 1901/3399/344
f 550/3421/344 557/3424/344 542/3422/344
f 590/3413/344 557/3424/344 1916/3425/344
f 1580/3407/344 1571/3426/344 1570/3419/344
f 2290/3427/344 1909/3423/344 571/3428/344
f 1881/3429/345 1896/3430/345 1875/3431/345
f 2296/3432/345 2294/3433/345 2295/3434/345
f 568/3435/345 2294/3433/345 2293/3436/345
f 569/3437/345 568/3435/345 578/3438/345
f 2295/3434/346 2299/3439/346 2296/3432/346
f 544/3440/346 2284/3441/346 2299/3439/346
f 1567/3442/346 1899/3443/346 1889/3444/346
f 2300/3445/346 1578/3446/346 1568/3447/346
f 1568/3447/346 2298/3448/346 1572/3449/346
f 1910/3450/346 1904/3451/346 1905/3452/346
f 591/3453/346 1889/3444/346 1894/3454/346
f 545/3455/346 569/3437/346 1910/3450/346
f 1576/3456/346 1567/3442/346 1568/3447/346
f 1874/3457/346 1578/3446/346 1899/3443/346
f 2286/3458/346 2300/3445/346 2285/3459/346
f 2301/3460/347 2081/3461/347 2088/3462/347
f 725/3463/347 719/3464/347 718/3465/347
f 734/3466/347 1388/3467/347 725/3463/347
f 733/3468/347 1372/3469/347 734/3466/347
f 2088/3462/347 2304/3470/347 2089/3471/347
f 1104/3472/348 1387/3473/348 2303/3474/348
f 1099/3475/347 1105/3476/347 1104/3472/347
f 1376/3477/347 725/3463/347 1387/3473/347
f 2088/3462/349 2083/3478/349 2087/3479/349
f 1102/3480/349 1378/3481/349 2304/3470/349
f 1100/3482/349 1105/3476/349 2305/3483/349
f 1378/3481/349 1381/3484/349 1379/3485/349
f 1443/3486/350 716/3487/350 1386/3488/350
f 732/3489/350 2311/3490/350 1379/3485/350
f 2310/3491/350 740/3492/350 2309/3493/350
f 740/3492/350 739/3494/350 2312/3495/350
f 1444/3496/350 1443/3486/350 2308/3497/350
f 730/3498/350 1379/3485/350 1386/3488/350
f 730/3498/350 724/3499/350 1362/3500/350
f 1362/3500/351 717/3501/351 739/3494/351
f 2080/3502/352 2311/3490/352 2314/3503/352
f 740/3492/352 2312/3495/352 741/3504/352
f 2309/3493/352 741/3504/352 2314/3503/352
f 1369/3505/352 1388/3506/352 1372/3507/352
f 719/3508/352 2313/3509/352 2303/3510/352
f 1369/3505/352 2312/3495/352 1363/3511/352
f 2080/3502/352 2301/3512/352 2084/3513/352
f 1269/3514/353 1239/3515/353 1225/3516/353
f 1269/3514/353 1506/3517/353 2315/3518/353
f 1506/3517/353 1504/3519/353 1510/3520/353
f 1505/3521/354 2318/3522/354 2320/3523/354
f 1510/3520/354 1504/3519/354 1505/3521/354
f 1223/3524/355 2320/3523/355 2319/3525/355
f 2322/3526/355 1223/3524/355 1236/3527/355
f 1236/3527/356 1268/3528/356 1275/3529/356
f 1275/3529/356 1268/3528/356 2315/3530/356
f 1239/3531/356 2321/3532/356 2316/3533/356
f 493/3534/357 2327/3535/357 2324/3536/357
f 2325/3537/357 2327/3535/357 2331/3538/357
f 493/3534/357 2328/3539/357 494/3540/357
f 2323/3541/357 1618/3542/357 1799/3543/357
f 1799/3543/357 2052/3544/357 2047/3545/357
f 2048/3546/357 2047/3545/357 2052/3544/357
f 1620/3547/357 1610/3548/357 1618/3542/357
f 1605/3549/358 1766/3550/358 1767/3551/358
f 1592/3552/358 1599/3553/358 1610/3548/358
f 1782/3554/358 2064/3555/358 2037/3556/358
f 1766/3550/358 1782/3554/358 2058/3557/358
f 2331/3538/358 2333/3558/358 2335/3559/358
f 1783/3560/358 2048/3546/358 1784/3561/358
f 2334/3562/358 1592/3552/358 2335/3559/358
f 1784/3561/358 2052/3544/358 2058/3557/358
f 2337/3563/358 1783/3560/358 2037/3556/358
f 1781/3564/358 2061/3565/358 1782/3554/358
f 2038/3566/359 2340/3567/359 2339/3568/359
f 2051/3569/359 2038/3566/359 2061/3565/359
f 1617/3570/359 2051/3569/359 2055/3571/359
f 2338/3572/359 2342/3573/359 2341/3574/359
f 1597/3575/359 1617/3570/359 1604/3576/359
f 1781/3564/359 1764/3577/359 1798/3578/359
f 2051/3569/360 2046/3579/360 2036/3580/360
f 2046/3579/360 2347/3581/360 2323/3582/360
f 491/3583/360 2344/3584/360 497/3585/360
f 2345/3586/360 2343/3587/360 2344/3584/360
f 2325/3588/360 2341/3574/360 2345/3586/360
f 493/3589/360 2348/3590/360 2328/3591/360
f 492/3592/360 497/3585/360 2348/3590/360
f 1993/3593/361 2354/3594/361 2350/3595/361
f 1970/3596/361 2356/3597/361 2357/3598/361
f 1022/3599/361 2357/3598/361 2355/3600/361
f 1022/3599/361 1038/3601/361 1021/3602/361
f 2353/3603/361 1993/3593/361 2351/3604/361
f 1982/3605/361 2350/3595/361 2354/3594/361
f 902/3606/362 2356/3597/362 2359/3607/362
f 1982/3605/362 2358/3608/362 2006/3609/362
f 896/3610/362 907/3611/362 902/3606/362
f 1990/3612/362 1996/3613/362 2358/3608/362
f 1977/3614/362 2359/3607/362 2356/3597/362
f 909/3615/363 2361/3616/363 908/3617/363
f 895/3618/363 908/3617/363 896/3610/363
f 2363/3619/363 2364/3620/363 2365/3621/363
f 896/3610/363 2362/3622/363 2363/3619/363
f 2004/3623/364 1970/3624/364 1973/3625/364
f 909/3615/364 897/3626/364 901/3627/364
f 1973/3625/364 2368/3628/364 2364/3620/364
f 2352/3629/364 2366/3630/364 901/3627/364
f 1020/3631/364 1021/3632/364 1038/3633/364
f 2367/3634/364 2362/3622/364 2351/3635/364
f 2350/3636/364 2004/3623/364 1994/3637/364
f 2369/3638/365 2371/3639/365 2370/3640/365
f 2372/3641/366 2370/3640/366 2371/3639/366
f 807/3642/367 831/3643/367 836/3644/367
f 786/3645/368 2374/3646/368 2373/3647/368
f 2377/3648/367 831/3643/367 822/3649/367
f 2375/3650/369 1810/3651/369 2380/3652/369
f 1812/3653/369 1820/3654/369 1831/3655/369
f 1812/3653/370 1830/3656/370 2381/3657/370
f 821/3658/370 2380/3652/370 1812/3653/370
f 798/3659/370 830/3660/370 821/3658/370
f 1830/3656/370 1831/3655/370 2379/3661/370
f 1805/3662/371 1821/3663/371 1813/3664/371
f 835/3665/371 2373/3666/371 2383/3667/371
f 830/3660/371 787/3668/371 835/3665/371
f 1454/3669/372 1473/3670/372 1448/3671/372
f 7/3672/372 2135/3673/372 14/3674/372
f 834/3675/373 2131/3676/373 2386/3677/373
f 54/3678/373 834/3675/373 840/3679/373
f 1473/3670/373 2384/3680/373 2143/3681/373
f 7/3672/373 2149/3682/373 2131/3676/373
f 54/3678/372 829/3683/372 56/3684/372
f 829/3683/372 61/3685/372 56/3684/372
f 1464/3686/374 1445/3687/374 2389/3688/374
f 54/3678/375 818/3689/375 829/3683/375
f 1464/3686/376 1465/3690/376 2387/3691/376
f 60/3692/376 2135/3673/376 818/3689/376
f 60/3692/377 814/3693/377 1673/3694/377
f 1445/3687/376 2146/3695/376 2142/3696/376
f 14/3674/376 60/3692/376 6/3697/376
f 785/3698/376 2388/3699/376 2390/3700/376
f 62/3701/376 840/3679/376 803/3702/376
f 1664/3703/376 2146/3695/376 6/3697/376
f 811/3704/376 802/3705/376 800/3706/376
f 814/3693/378 811/3704/378 1673/3694/378
f 800/3706/376 2133/3707/376 1664/3703/376
f 802/3705/376 814/3693/376 1676/3708/376
f 2133/3707/376 803/3702/376 1677/3709/376
f 1445/3687/379 1476/3710/379 2389/3688/379
f 1669/3711/379 796/3712/379 782/3713/379
f 1662/3714/380 819/3715/380 2125/3716/380
f 1671/3717/380 828/3718/380 819/3715/380
f 1677/3709/380 1679/3719/380 2133/3707/380
f 2130/3720/379 2393/3721/379 788/3722/379
f 780/3723/380 782/3713/380 1678/3724/380
f 796/3712/380 2133/3707/380 1678/3724/380
f 1669/3711/379 780/3723/379 1671/3717/379
f 1678/3724/379 1679/3719/379 2130/3720/379
f 819/3715/379 810/3725/379 1669/3711/379
f 2125/3716/380 828/3718/380 1447/3726/380
f 832/3727/381 2126/3728/381 2384/3729/381
f 2126/3728/382 2128/3730/382 2149/3731/382
f 828/3718/382 839/3732/382 832/3727/382
f 261/3733/383 1107/3734/383 1113/3735/383
f 225/3736/383 226/3737/383 2395/3738/383
f 261/3733/383 2394/3739/383 226/3737/383
f 1113/3735/383 1135/3740/383 2396/3741/383
f 264/3742/384 2397/3743/384 1136/3744/384
f 1135/3740/384 1128/3745/384 1132/3746/384
f 225/3736/384 264/3742/384 261/3733/384
f 1132/3746/384 1128/3745/384 2216/3747/384
f 2222/3748/384 2217/3749/384 2398/3750/384
f 1122/3751/385 201/3752/385 2213/3753/385
f 2398/3750/385 2217/3749/385 2213/3753/385
f 201/3752/385 1119/3754/385 184/3755/385
f 184/3755/385 2399/3756/385 183/3757/385
f 1122/3751/385 1136/3744/385 198/3758/385
f 192/3759/385 1119/3754/385 203/3760/385
f 204/3761/386 2401/3762/386 201/3752/386
f 182/3763/386 2400/3764/386 279/3765/386
f 195/3766/386 2394/3767/386 200/3768/386
f 270/3769/386 200/3768/386 260/3770/386
f 201/3752/386 182/3763/386 270/3769/386
f 167/3771/387 218/3772/387 166/3773/387
f 167/3771/387 1638/3774/387 2402/3775/387
f 1637/3776/387 2405/3777/387 1638/3774/387
f 166/3773/388 2407/3778/388 1639/3779/388
f 2405/3777/388 1637/3776/388 1639/3779/388
f 218/3772/388 2406/3780/388 211/3781/388
f 180/3782/388 218/3772/388 211/3781/388
f 164/3783/389 2408/3784/389 2409/3785/389
f 164/3783/389 180/3782/389 211/3781/389
f 2408/3784/390 2403/3786/390 2409/3785/390
f 1818/3787/391 1814/3788/391 1815/3789/391
f 2413/3790/391 75/3791/391 162/3792/391
f 1815/3789/392 2412/3793/392 2411/3794/392
f 1818/3787/393 1832/3795/393 1808/3796/393
f 1808/3796/393 2414/3797/393 1814/3788/393
f 76/3798/393 1832/3795/393 1824/3799/393
f 147/3800/393 854/3801/393 148/3802/393
f 2415/3803/393 856/3804/393 854/3801/393
f 73/3805/393 2413/3790/393 147/3800/393
f 1832/3795/394 73/3805/394 79/3806/394
f 1807/3807/394 2417/3808/394 2414/3797/394
f 858/3809/394 2415/3803/394 861/3810/394
f 146/3811/394 858/3809/394 1822/3812/394
f 72/3813/395 79/3806/395 161/3814/395
f 79/3806/394 148/3802/394 146/3811/394
f 72/3813/394 1811/3815/394 1838/3816/394
f 1816/3817/396 2416/3818/396 2410/3819/396
f 1811/3815/396 1822/3812/396 1816/3817/396
f 2184/3820/397 2188/3821/397 2185/3822/397
f 2185/3822/397 2420/3823/397 2421/3824/397
f 2421/3824/398 2422/3825/398 2423/3826/398
f 2423/3826/399 2424/3827/399 2425/3828/399
f 2181/3829/400 2419/3830/400 2424/3827/400
f 2184/3831/400 2181/3829/400 2188/3832/400
f 2296/3833/401 2299/3834/401 2294/3835/401
f 559/3836/401 554/3837/401 2296/3833/401
f 559/3836/401 2426/3838/401 1936/3839/401
f 2427/3840/401 1345/3841/401 1589/3842/401
f 658/3843/401 657/3844/401 1345/3841/401
f 1091/3845/401 1066/3846/401 1059/3847/401
f 2427/3840/401 2429/3848/401 2430/3849/401
f 1339/3850/401 659/3851/401 1335/3852/401
f 1074/3853/401 621/3854/401 687/3855/401
f 1929/3856/401 1918/3857/401 1919/3858/401
f 1351/3859/401 2060/3860/401 1353/3861/401
f 1068/3862/401 1615/3863/401 1088/3864/401
f 1351/3859/401 1606/3865/401 1596/3866/401
f 1611/3867/401 639/3868/401 640/3869/401
f 1059/3847/401 642/3870/401 1091/3845/401
f 1353/3861/401 2053/3871/401 1351/3859/401
f 639/3868/401 1091/3845/401 640/3869/401
f 642/3870/401 1606/3865/401 1611/3867/401
f 657/3844/401 1339/3850/401 2056/3872/401
f 560/3873/402 585/3874/402 620/3875/402
f 559/3836/402 620/3875/402 2431/3876/402
f 1077/3877/402 1088/3864/402 1084/3878/402
f 1600/3879/402 1611/3867/402 1606/3865/402
f 648/3880/402 565/3881/402 1084/3878/402
f 1354/3882/402 1600/3879/402 2057/3883/402
f 1335/3852/402 1354/3882/402 1358/3884/402
f 621/3854/402 560/3873/402 559/3836/402
f 2060/3860/402 1358/3884/402 1353/3861/402
f 1613/3885/402 639/3868/402 1611/3867/402
f 2053/3871/402 1358/3884/402 2057/3883/402
f 1334/3886/402 2432/3887/402 2434/3888/402
f 679/3889/403 1619/3890/403 1593/3891/403
f 1343/3892/403 1334/3886/403 1340/3893/403
f 1593/3891/403 1613/3885/403 1600/3879/403
f 580/3894/403 1935/3895/403 584/3896/403
f 564/3897/403 562/3898/403 1922/3899/403
f 597/3900/403 580/3894/403 1932/3901/403
f 1089/3902/403 1080/3903/403 1086/3904/403
f 564/3897/403 2433/3905/403 649/3906/403
f 2435/3907/403 1931/3908/403 1926/3909/403
f 561/3910/403 562/3898/403 685/3911/403
f 691/3912/403 1932/3901/403 584/3896/403
f 562/3898/403 1924/3913/403 691/3912/403
f 692/3914/403 1924/3913/403 1926/3909/403
f 554/3915/404 1924/3913/404 561/3910/404
f 1918/3916/404 1926/3909/404 1924/3913/404
f 679/3889/404 1073/3917/404 687/3918/404
f 672/3919/404 671/3920/404 2437/3921/404
f 2428/3922/404 662/3923/404 671/3920/404
f 1089/3902/404 662/3923/404 678/3924/404
f 1068/3925/404 1073/3917/404 678/3924/404
f 679/3889/404 1080/3903/404 678/3924/404
f 2294/3926/404 2299/3927/404 2295/3928/404
f 561/3910/404 687/3918/404 2295/3928/404
f 1065/3929/404 2436/3930/404 2437/3921/404
f 2428/3922/405 672/3919/405 2438/3931/405
f 672/3919/406 670/3932/406 2438/3931/406
f 2435/3907/404 1927/3933/404 2426/3934/404
f 1310/3935/407 1308/3936/407 1311/3937/407
f 2263/3938/407 2448/3939/407 2447/3940/407
f 1418/3941/407 1426/3942/407 1431/3943/407
f 2280/3944/407 2442/3945/407 2277/3946/407
f 2274/3947/407 2275/3948/407 2272/3949/407
f 2442/3945/407 2275/3948/407 2277/3946/407
f 2274/3947/407 2280/3944/407 2277/3946/407
f 2446/3950/407 1308/3936/407 2439/3951/407
f 2263/3938/407 2242/3952/407 2239/3953/407
f 355/3954/407 2441/3955/407 343/3956/407
f 2264/3957/407 2263/3938/407 2447/3940/407
f 1431/3943/407 355/3954/407 343/3956/407
f 2444/3958/407 2446/3950/407 2445/3959/407
f 2447/3940/408 2448/3939/408 2452/3960/408
f 2238/3961/408 413/3962/408 2455/3963/408
f 2116/3964/408 2443/3965/408 2444/3958/408
f 422/3966/408 439/3967/408 2268/3968/408
f 1430/3969/408 2449/3970/408 1436/3971/408
f 2242/3952/408 422/3966/408 417/3972/408
f 2093/3973/408 2445/3959/408 2456/3974/408
f 2093/3973/408 2454/3975/408 2120/3976/408
f 420/3977/408 422/3966/408 2268/3968/408
f 425/3978/408 1426/3942/408 1430/3969/408
f 2109/3979/408 2120/3976/408 2454/3975/408
f 413/3962/408 420/3977/408 2278/3980/408
f 413/3962/409 2095/3981/409 2458/3982/409
f 2278/3980/409 2268/3968/409 2267/3983/409
f 334/3984/409 342/3985/409 335/3986/409
f 412/3987/409 2267/3983/409 439/3967/409
f 2095/3981/409 2462/3988/409 2096/3989/409
f 1523/3990/409 2461/3991/409 2460/3992/409
f 2096/3989/409 2456/3974/409 2458/3982/409
f 2108/3993/409 2109/3979/409 2454/3975/409
f 1306/3994/409 2453/3995/409 2460/3992/409
f 1295/3996/409 1313/3997/409 1306/3994/409
f 335/3986/409 352/3998/409 1280/3999/409
f 1280/3999/409 1281/4000/409 1277/4001/409
f 1521/4002/409 2454/3975/409 2096/3989/409
f 1516/4003/409 1523/3990/409 2110/4004/409
f 2110/4004/409 1521/4002/409 1528/4005/409
f 2459/4006/410 1327/4007/410 2464/4008/410
f 2461/3991/410 1516/4003/410 1526/4009/410
f 1302/4010/410 1326/4011/410 1295/3996/410
f 1279/4012/410 1277/4001/410 1281/4000/410
f 433/4013/410 411/4014/410 412/3987/410
f 334/3984/410 2441/4015/410 355/4016/410
f 2114/4017/410 2271/4018/410 1295/3996/410
f 1525/4019/410 2111/4020/410 1530/4021/410
f 1531/4022/410 1530/4021/410 2111/4020/410
f 2462/3988/410 2121/4023/410 2123/4024/410
f 2123/4024/410 2465/4025/410 2122/4026/410
f 1528/4005/410 2123/4024/410 2122/4026/410
f 1531/4022/410 2114/4017/410 1530/4021/410
f 1528/4005/410 2111/4020/410 2110/4004/410
f 2110/4004/410 1526/4009/410 1516/4003/410
f 2466/4027/410 2442/4028/410 2439/4029/410
f 2271/4018/410 2272/4030/410 2275/4031/410
f 334/3984/410 2463/4032/410 331/4033/410
f 2102/4034/411 1536/4035/411 1551/4036/411
f 407/4037/412 1551/4036/412 1552/4038/412
f 2446/4039/411 2092/4040/411 2458/4041/411
f 2007/4042/411 2470/4043/411 2468/4044/411
f 395/4045/411 1553/4046/411 405/4047/411
f 405/4047/412 406/4048/412 2105/4049/412
f 393/4050/412 405/4047/412 2105/4049/412
f 2112/4051/411 1552/4038/411 1551/4036/411
f 1536/4035/413 2091/4052/413 2462/4053/413
f 2465/4054/412 2118/4055/412 2123/4056/412
f 1554/4057/411 1553/4046/411 2102/4034/411
f 2248/4058/413 2023/4059/413 2445/4060/413
f 2254/4061/412 2248/4058/412 2243/4062/412
f 2009/4063/411 2023/4059/411 2027/4064/411
f 2091/4052/411 2458/4041/411 2096/4065/411
f 406/4048/411 1554/4057/411 1551/4036/411
f 2123/4056/411 2096/4065/411 2092/4040/411
f 2247/4066/414 2254/4061/414 2243/4062/414
f 2456/4067/414 2455/4068/414 2458/4041/414
f 2013/4069/414 2018/4070/414 2472/4071/414
f 1520/4072/414 2103/4073/414 2097/4074/414
f 1519/4075/414 1542/4076/414 2102/4034/414
f 1512/4077/414 2469/4078/414 2103/4073/414
f 2102/4034/414 1512/4077/414 1519/4075/414
f 2013/4069/414 2027/4064/414 2023/4059/414
f 2098/4079/415 2451/4080/415 2474/4081/415
f 2097/4074/416 2106/4082/416 2454/4083/416
f 2106/4082/415 2471/4084/415 2460/4085/415
f 2460/4085/415 2115/4086/415 2108/4087/415
f 2451/4080/416 2120/4088/416 2119/4089/416
f 2115/4086/415 2120/4088/415 2454/4083/415
f 2115/4086/417 1531/4090/417 2122/4091/417
f 2451/4080/417 2122/4091/417 2446/4092/417
f 394/4093/417 1513/4094/417 2461/4095/417
f 394/4093/417 393/4096/417 407/4097/417
f 1536/4098/417 2111/4099/417 2112/4100/417
f 1524/4101/417 2115/4086/417 2461/4095/417
f 2014/4102/417 2474/4081/417 2444/4103/417
f 2014/4102/417 2020/4104/417 2009/4105/417
f 1531/4090/417 1532/4106/417 2111/4099/417
f 1524/4101/418 2111/4099/418 1532/4106/418
f 2118/4107/417 2465/4108/417 2122/4091/417
f 1531/4090/417 2118/4107/417 2122/4091/417
f 1513/4094/417 2112/4100/417 2111/4099/417
f 536/4109/419 577/4110/419 574/4111/419
f 574/4111/419 2477/4112/419 2342/4113/419
f 2338/4114/419 2333/4115/419 2345/4116/419
f 2478/4117/419 2333/4115/419 2335/4118/419
f 2331/4119/420 2480/4120/420 2335/4118/420
f 570/4121/420 572/4122/420 576/4123/420
f 2326/4124/420 2335/4118/420 2341/4125/420
f 2291/4126/420 2292/4127/420 2479/4128/420
f 572/4122/420 2341/4125/420 2477/4112/420
f 1563/4129/421 2289/4130/421 2479/4128/421
f 539/4131/421 2482/4132/421 2325/4133/421
f 589/4134/421 576/4123/421 2289/4130/421
f 1577/4135/421 2286/4136/421 2481/4137/421
f 2326/4124/421 2347/4138/421 2325/4133/421
f 539/4131/421 576/4123/421 589/4134/421
f 1566/4139/421 2286/4136/421 1584/4140/421
f 2324/4141/422 538/4142/422 2345/4143/422
f 538/4142/422 601/4144/422 2475/4145/422
f 2324/4141/422 2476/4146/422 2327/4147/422
f 1577/4135/422 2481/4137/422 1585/4148/422
f 589/4134/422 1585/4148/422 601/4144/422
f 2484/4149/423 2485/4150/423 2483/4151/423
f 2486/4152/424 2485/4150/424 2484/4149/424
f 668/4153/425 672/4154/425 2437/4155/425
f 2427/4156/425 2491/4157/425 2430/4158/425
f 672/4154/426 2438/4159/426 673/4160/426
f 2488/4161/425 2489/4162/425 672/4154/425
f 2427/4156/427 2438/4159/427 672/4154/427
f 1064/4163/428 682/4164/428 671/4165/428
f 2428/4166/429 689/4167/429 2491/4157/429
f 671/4165/428 2427/4156/428 668/4153/428
f 671/4165/428 668/4153/428 2437/4155/428
f 1075/4168/429 2489/4162/429 2492/4169/429
f 1056/4170/429 1085/4171/429 1075/4168/429
f 689/4167/430 2494/4172/430 690/4173/430
f 2493/4174/430 689/4167/430 690/4173/430
f 2442/4175/431 2281/4176/431 2202/4177/431
f 2448/4178/431 421/4179/431 2496/4180/431
f 2256/4181/431 2277/4182/431 2274/4183/431
f 2274/4183/431 2452/4184/431 2448/4178/431
f 2466/4185/431 2277/4182/431 2442/4175/431
f 421/4179/431 2498/4186/431 423/4187/431
f 2274/4183/431 2276/4188/431 2270/4189/431
f 2211/4190/431 2202/4177/431 2212/4191/431
f 2497/4192/431 2211/4190/431 2212/4191/431
f 2263/4193/432 2452/4184/432 2270/4189/432
f 2280/4194/432 2466/4185/432 2439/4195/432
f 2270/4189/432 2280/4194/432 2263/4193/432
f 2258/4196/432 415/4197/432 2452/4184/432
f 2211/4190/432 2208/4198/432 2206/4199/432
f 2241/4200/432 2258/4196/432 2280/4194/432
f 2497/4192/432 2210/4201/432 2211/4190/432
f 2439/4195/432 2499/4202/432 2240/4203/432
f 419/4204/432 421/4179/432 415/4197/432
f 2252/4205/433 2241/4200/433 2249/4206/433
f 2249/4206/433 2501/4207/433 2502/4208/433
f 2250/4209/434 2281/4210/434 2256/4211/434
f 2250/4209/434 2502/4208/434 2501/4207/434
f 2180/4212/435 2183/4213/435 2178/4214/435
f 2357/4215/435 2359/4216/435 2365/4217/435
f 1684/4218/435 1694/4219/435 1691/4220/435
f 316/4221/436 310/4222/436 308/4223/436
f 308/4223/435 2356/4224/435 2178/4214/435
f 1691/4220/435 2365/4217/435 2506/4225/435
f 2508/4226/437 2509/4227/437 2507/4228/437
f 2364/4229/437 2510/4230/437 2507/4228/437
f 310/4222/437 316/4221/437 309/4231/437
f 1972/4232/437 2358/4233/437 2006/4234/437
f 1997/4235/437 2367/4236/437 2363/4237/437
f 2176/4238/437 1972/4232/437 2359/4216/437
f 1998/4239/437 2006/4234/437 2358/4233/437
f 2176/4238/437 2511/4240/437 2170/4241/437
f 2511/4240/438 2169/4242/438 2170/4241/438
f 1980/4243/438 1991/4244/438 2350/4245/438
f 2004/4246/438 2358/4233/438 2354/4247/438
f 2367/4236/438 1998/4239/438 2004/4246/438
f 1995/4248/438 2510/4230/438 2367/4236/438
f 1981/4249/438 2169/4242/438 2512/4250/438
f 2357/4251/439 2368/4252/439 2349/4253/439
f 1991/4244/439 1974/4254/439 2000/4255/439
f 869/4256/439 867/4257/439 877/4258/439
f 2000/4255/439 2368/4252/439 1695/4259/439
f 2180/4260/439 2196/4261/439 2503/4262/439
f 1694/4263/439 2504/4264/439 1695/4259/439
f 696/4265/440 701/4266/440 2066/4267/440
f 765/4268/440 1013/4269/440 2041/4270/440
f 1010/4271/440 2517/4272/440 2066/4267/440
f 1794/4273/440 758/4274/440 1770/4275/440
f 2074/4276/440 2516/4277/440 2077/4278/440
f 713/4279/440 1010/4271/440 699/4280/440
f 699/4280/440 994/4281/440 1000/4282/440
f 2039/4283/440 999/4284/440 753/4285/440
f 1773/4286/440 751/4287/440 753/4285/440
f 998/4288/440 999/4284/440 1005/4289/440
f 775/4290/440 2074/4276/440 1770/4275/440
f 998/4288/441 758/4274/441 999/4284/441
f 999/4284/440 1013/4269/440 1005/4289/440
f 699/4280/440 701/4266/440 1014/4291/440
f 2065/4292/440 1000/4282/440 994/4281/440
f 996/4293/441 2065/4292/441 994/4281/441
f 1013/4269/440 994/4281/440 1014/4291/440
f 1014/4291/440 696/4265/440 2041/4270/440
f 2040/4294/442 2065/4292/442 2039/4283/442
f 738/4295/443 1000/4282/443 2040/4294/443
f 714/4296/443 1011/4297/443 1017/4298/443
f 2069/4299/443 2518/4300/443 2072/4301/443
f 1779/4302/443 1794/4273/443 1789/4303/443
f 2314/4304/443 2310/4305/443 2309/4306/443
f 713/4279/443 1000/4282/443 714/4296/443
f 1789/4303/443 2076/4307/443 2309/4306/443
f 711/4308/443 2520/4309/443 1011/4297/443
f 2072/4301/443 2077/4278/443 2516/4277/443
f 2076/4307/444 2072/4301/444 2071/4310/444
f 2310/4305/444 739/4311/444 738/4295/444
f 2312/4312/444 1776/4313/444 715/4314/444
f 739/4311/444 741/4315/444 2312/4312/444
f 741/4315/444 2310/4305/444 2314/4304/444
f 760/4316/444 1792/4317/444 1795/4318/444
f 2522/4319/444 728/4320/444 715/4314/444
f 759/4321/444 1780/4322/444 1776/4313/444
f 2071/4310/444 2521/4323/444 1792/4317/444
f 720/4324/445 2066/4325/445 2515/4326/445
f 1780/4322/445 749/4327/445 764/4328/445
f 696/4329/445 2066/4325/445 700/4330/445
f 700/4330/445 2041/4331/445 696/4329/445
f 775/4332/445 1801/4333/445 2514/4334/445
f 749/4327/446 1801/4333/446 764/4328/446
f 720/4324/445 764/4328/445 2042/4335/445
f 2524/4336/447 2526/4337/447 2527/4338/447
f 2526/4337/448 2529/4339/448 2527/4338/448
f 2232/4340/449 2531/4341/449 2528/4342/449
f 2230/4343/449 2232/4340/449 2235/4344/449
f 2231/4345/450 2525/4346/450 2531/4341/450
f 2230/4343/450 2235/4344/450 2231/4345/450
f 2532/4347/451 2508/4348/451 2507/4349/451
f 1247/4350/451 2534/4351/451 2535/4352/451
f 506/4353/451 507/4354/451 515/4355/451
f 1247/4350/451 1283/4356/451 1255/4357/451
f 1231/4358/452 1256/4359/452 1282/4360/452
f 2266/4361/453 1282/4360/453 2279/4362/453
f 1708/4363/452 1719/4364/452 1712/4365/452
f 1763/4366/452 1729/4367/452 2255/4368/452
f 529/4369/452 1763/4366/452 2255/4368/452
f 1728/4370/452 2279/4362/452 1729/4367/452
f 487/4371/452 508/4372/452 529/4369/452
f 1712/4365/452 1256/4359/452 1248/4373/452
f 1757/4374/452 529/4369/452 526/4375/452
f 2537/4376/452 2346/4377/452 2344/4378/452
f 1762/4379/454 1729/4367/454 1727/4380/454
f 1724/4381/455 1713/4382/455 1719/4364/455
f 1757/4374/455 526/4375/455 528/4383/455
f 492/4384/454 2344/4378/454 487/4371/454
f 2255/4368/455 1756/4385/455 528/4383/455
f 1727/4380/455 2283/4386/455 2253/4387/455
f 396/4388/455 2283/4386/455 1713/4382/455
f 525/4389/455 1756/4385/455 2253/4387/455
f 396/4388/455 436/4390/455 402/4391/455
f 487/4371/455 528/4383/455 2539/4392/455
f 492/4384/455 2348/4393/455 495/4394/455
f 495/4394/454 2344/4378/454 492/4384/454
f 391/4395/456 402/4391/456 436/4390/456
f 1276/4396/456 1283/4397/456 2259/4398/456
f 525/4389/456 516/4399/456 2539/4392/456
f 2532/4400/457 2507/4401/457 2509/4402/457
f 2259/4398/456 2282/4403/456 2269/4404/456
f 1257/4405/456 1283/4397/456 1276/4396/456
f 826/4406/458 777/4406/458 833/4406/458
f 1661/4406/458 1652/4406/458 1670/4406/458
f 1214/4406/459 282/4406/459 278/4406/459
f 318/4406/459 289/4406/459 291/4406/459
f 1410/4406/459 1413/4406/459 1412/4406/459
f 1249/4406/459 1278/4406/459 1252/4406/459
f 1394/4406/459 1407/4406/459 1401/4406/459
f 1049/4406/459 1047/4406/459 1053/4406/459
f 336/4406/459 2463/4406/459 1415/4406/459
f 336/4406/459 2441/4406/459 331/4406/459
f 390/4406/459 419/4406/459 2498/4406/459
f 418/4406/459 2500/4406/459 2502/4406/459
f 2015/4406/459 2024/4406/459 2019/4406/459
f 1452/4406/459 1463/4406/459 1475/4406/459
f 2468/4406/459 2472/4406/459 2474/4406/459
f 429/4406/459 390/4406/459 430/4406/459
f 1049/4406/459 1667/4406/459 1675/4406/459
f 857/4406/459 155/4406/459 2411/4406/459
f 490/4406/459 2346/4406/459 2537/4406/459
f 2101/4406/459 2117/4406/459 2099/4406/459
f 197/4406/459 173/4406/459 1134/4406/459
f 2429/4406/459 2491/4406/459 690/4406/459
f 1588/4406/459 1608/4406/459 1614/4406/459
f 1069/4406/459 1079/4406/459 1090/4406/459
f 857/4406/459 2415/4406/459 854/4406/459
f 122/4406/459 77/4406/459 2413/4406/459
f 1330/4406/459 1332/4406/459 1329/4406/459
f 888/4406/459 884/4406/459 890/4406/459
f 1023/4406/459 1032/4406/459 1027/4406/459
f 2486/4406/459 2484/4406/459 2483/4406/459
f 2517/4406/459 2522/4406/459 2523/4406/459
f 2308/4406/459 1439/4406/459 1444/4406/459
f 1439/4406/459 2302/4406/459 2313/4406/459
f 1094/4406/459 1103/4406/459 1096/4406/459
f 2419/4406/459 2423/4406/459 2425/4406/459
f 1692/4406/459 1698/4406/459 1696/4406/459
f 654/4406/459 2436/4406/459 2432/4406/459
f 1079/4406/459 2490/4406/459 1090/4406/459
f 1069/4406/459 683/4406/459 2494/4406/459
f 1425/4406/459 429/4406/459 1422/4406/459
f 2430/4406/459 2429/4406/459 2438/4406/459
f 1053/4406/459 1046/4406/459 379/4406/459
f 379/4406/459 1055/4406/459 372/4406/459
f 922/4406/459 937/4406/459 932/4406/459
f 1336/4406/459 1355/4406/459 2063/4406/459
f 155/4406/459 2413/4406/459 162/4406/459
f 1341/4406/459 2043/4406/459 1348/4406/459
f 637/4406/459 1348/4406/459 636/4406/459
f 637/4406/459 2059/4406/459 647/4406/459
f 837/4406/459 806/4406/459 1627/4406/459
f 172/4406/459 1118/4406/459 217/4406/459
f 256/4406/459 235/4406/459 1184/4406/459
f 1442/4406/459 1444/4406/459 1441/4406/459
f 457/4406/459 2539/4406/459 2328/4406/459
f 278/4406/459 1190/4406/459 1203/4406/459
f 495/4406/459 497/4406/459 490/4406/459
f 2476/4406/459 2537/4406/459 2346/4406/459
f 804/4406/459 1621/4406/459 1625/4406/459
f 1627/4406/460 804/4406/460 824/4406/460
f 1040/4406/459 343/4406/459 356/4406/459
f 2179/4406/459 2195/4406/459 2219/4406/459
f 1415/4406/459 2449/4406/459 1418/4406/459
f 2191/4406/459 2219/4406/459 2195/4406/459
f 2191/4406/459 2224/4406/459 2189/4406/459
f 2332/4406/459 2476/4406/459 2333/4406/459
f 2332/4406/459 2480/4406/459 2327/4406/459
f 619/4406/459 2493/4406/459 2491/4406/459
f 875/4406/459 854/4406/459 2415/4406/459
f 654/4406/459 2430/4406/459 2438/4406/459
f 670/4406/459 2438/4406/459 673/4406/459
f 2374/4406/459 2376/4406/459 2378/4406/459
f 217/4406/459 1111/4406/459 174/4406/459
f 418/4406/459 2498/4406/459 419/4406/459
f 509/4406/461 507/4406/461 515/4406/461
f 497/4406/459 2535/4406/459 2346/4406/459
f 494/4406/459 2348/4406/459 495/4406/459
f 1948/4406/459 1952/4406/459 1946/4406/459
f 507/4406/459 2348/4406/459 516/4406/459
f 2533/4406/459 515/4406/459 516/4406/459
f 2386/4406/458 2390/4406/458 2388/4406/458
f 1850/4406/458 1855/4406/458 1860/4406/458
f 1968/4406/458 1961/4406/458 1962/4406/458
f 2393/4406/458 2385/4406/458 2392/4406/458
f 2337/4406/462 2329/4406/462 2330/4406/462
f 2068/4406/462 2082/4406/462 2086/4406/462
f 1499/4406/462 1493/4406/462 1496/4406/462
f 1367/4406/462 1385/4406/462 1361/4406/462
f 986/4406/462 1009/4406/462 978/4406/462
f 1442/4406/462 1443/4406/462 2308/4406/462
f 1437/4406/462 2308/4406/462 1443/4406/462
f 2519/4406/462 2520/4406/462 2522/4406/462
f 2302/4406/462 1437/4406/462 2307/4406/462
f 1098/4406/462 2305/4406/462 1099/4406/462
f 2305/4406/462 1092/4406/462 1095/4406/462
f 1738/4406/463 1759/4406/463 1747/4406/463
f 1150/4406/463 1167/4406/463 1145/4406/463
f 1624/4406/463 1628/4406/463 1626/4406/463
f 2524/4406/463 2529/4406/463 2531/4406/463
f 1412/4406/463 1413/4406/463 1411/4406/463
f 1331/4406/463 1329/4406/463 1332/4406/463
f 2483/4406/463 2485/4406/463 2486/4406/463
f 2378/4406/463 2382/4406/463 2383/4406/463
f 1421/4406/463 1423/4406/463 2251/4406/463
f 1806/4406/463 1828/4406/463 1837/4406/463
f 291/4406/463 304/4406/463 1048/4406/463
f 1842/4406/463 1850/4406/463 1860/4406/463
f 1639/4406/463 1638/4406/463 2405/4406/463
f 2127/4406/463 1958/4406/463 1968/4406/463
f 2138/4406/463 27/4406/463 2152/4406/463
f 2412/4406/463 2417/4406/463 2410/4406/463
f 2397/4406/463 2400/4406/463 2399/4406/463
f 1393/4406/463 1867/4406/463 1869/4406/463
f 2355/4406/463 2366/4406/463 2352/4406/463
f 15/4406/463 2155/4406/463 27/4406/463
f 311/4406/463 1039/4406/463 319/4406/463
f 319/4406/463 1054/4406/463 313/4406/463
f 1389/4406/463 1394/4406/463 1865/4406/463
f 1920/4406/463 534/4406/463 1923/4406/463
f 1393/4406/463 1865/4406/463 1395/4406/463
f 33/4406/463 1938/4406/463 35/4406/463
f 1939/4406/463 1944/4406/463 33/4406/463
f 2202/4406/463 2208/4406/463 2210/4406/463
f 1550/4406/463 1539/4406/463 1540/4406/463
f 2127/4406/463 1957/4406/463 1959/4406/463
f 1375/4406/463 1777/4406/463 761/4406/463
f 1959/4406/463 2132/4406/463 2150/4406/463
f 1938/4406/463 19/4406/463 2155/4406/463
f 2138/4406/463 2150/4406/463 2134/4406/463
f 892/4406/463 900/4406/463 906/4406/463
f 2207/4406/463 2210/4406/463 2208/4406/463
f 1417/4406/463 2244/4406/463 2260/4406/463
f 1416/4406/463 1432/4406/463 1434/4406/463
f 1649/4406/463 1634/4406/463 2405/4406/463
f 2002/4406/463 1984/4406/463 1975/4406/463
f 2033/4406/463 2031/4406/463 2030/4406/463
f 548/4406/463 1930/4406/463 534/4406/463
f 1309/4406/463 1311/4406/463 1310/4406/463
f 1911/4406/463 1902/4406/463 1914/4406/463
f 1327/4406/463 1301/4406/463 1311/4406/463
f 1638/4406/463 2407/4406/463 2409/4406/463
f 1067/4406/463 1083/4406/463 1072/4406/463
f 2210/4406/463 2497/4406/463 2212/4406/463
f 1515/4406/463 1550/4406/463 1540/4406/463
f 2161/4406/463 2167/4406/463 2159/4406/463
f 1710/4406/463 1723/4406/463 1706/4406/463
f 1293/4406/463 1302/4406/463 1327/4406/463
f 2287/4406/463 2297/4406/463 2284/4406/463
f 1383/4406/463 768/4406/463 776/4406/463
f 768/4406/463 1772/4406/463 776/4406/463
f 707/4406/463 1371/4406/463 1384/4406/463
f 721/4406/463 726/4406/463 1777/4406/463
f 776/4406/463 706/4406/463 1383/4406/463
f 761/4406/463 1380/4406/463 768/4406/463
f 558/4406/463 1930/4406/463 1933/4406/463
f 1539/4406/463 2008/4406/463 1540/4406/463
f 2369/4406/463 2372/4406/463 2371/4406/463
f 1301/4406/463 2440/4406/463 1310/4406/463
f 1314/4406/463 2443/4406/463 2464/4406/463
f 2198/4406/463 2202/4406/463 2212/4406/463
f 2205/4406/463 2501/4406/463 2499/4406/463
f 1864/4406/464 1868/4406/464 1866/4406/464
f 2394/4406/464 178/4406/464 242/4406/464
f 1477/4406/464 1486/4406/464 1488/4406/464
f 2406/4406/464 2402/4406/464 2408/4406/464
f 2167/4406/464 2163/4406/464 2166/4406/464
f 870/4406/464 869/4406/464 877/4406/464
f 1684/4406/464 1695/4406/464 2504/4406/464
f 1680/4406/464 2029/4406/464 1704/4406/464
f 2508/4406/464 2538/4406/464 2536/4406/464
f 1025/4406/464 1033/4406/464 1034/4406/464
f 2100/4406/464 2113/4406/464 2104/4406/464
f 392/4406/464 427/4406/464 408/4406/464
f 602/4406/464 1931/4406/464 692/4406/464
f 1932/4406/464 692/4406/464 693/4406/464
f 2453/4406/464 2464/4406/464 2450/4406/464
f 693/4406/464 620/4406/464 597/4406/464
f 2516/4406/464 2075/4406/464 2069/4406/464
f 2069/4406/464 2514/4406/464 2521/4406/464
f 566/4406/464 620/4406/464 567/4406/464
f 610/4406/464 2435/4406/464 2426/4406/464
f 2370/4406/464 2372/4406/464 2369/4406/464
f 883/4406/464 887/4406/464 889/4406/464
f 1392/4406/464 1404/4406/464 1390/4406/464
f 178/4406/464 260/4406/464 269/4406/464
f 845/4406/464 1988/4406/464 844/4406/464
f 1680/4406/464 2031/4406/464 2032/4406/464
f 693/4406/464 1931/4406/464 1928/4406/464
f 1852/4406/464 1849/4406/464 1947/4406/464
f 1945/4406/464 1846/4406/464 1844/4406/464
f 1031/4406/464 1033/4406/464 1029/4406/464
f 1987/4406/464 1031/4406/464 845/4406/464
f 2504/4406/464 1697/4406/464 2029/4406/464
f 1132/4406/464 2222/4406/464 1127/4406/464
f 2218/4406/464 1127/4406/464 1131/4406/464
f 1988/4406/464 846/4406/464 869/4406/464
f 1470/4406/464 2391/4406/464 2384/4406/464
f 2389/4406/464 1470/4406/464 1465/4406/464
f 1688/4406/464 2532/4406/464 870/4406/464
f 262/4406/464 200/4406/464 2394/4406/464
f 2508/4406/464 2532/4406/464 2509/4406/464
f 2396/4406/464 1106/4406/464 1133/4406/464
f 2218/4406/464 1114/4406/464 2396/4406/464
f 2398/4406/464 2220/4406/464 2215/4406/464
f 1131/4406/464 2222/4406/464 2398/4406/464
f 199/4406/464 260/4406/464 200/4406/464
f 194/4406/464 260/4406/464 199/4406/464
f 204/4406/464 163/4406/464 269/4406/464
f 194/4406/464 1114/4406/464 2213/4406/464
f 1877/4406/464 1884/4406/464 1878/4406/464
f 361/4406/464 345/4406/464 367/4406/464
f 2360/4406/464 2351/4406/464 2362/4406/464
f 442/4406/464 478/4406/464 511/4406/464
f 2467/4406/464 2471/4406/464 2469/4406/464
f 954/4406/464 1503/4406/464 952/4406/464
f 2526/4406/464 2530/4406/464 2528/4406/464
f 2225/4406/464 2233/4406/464 2234/4406/464
f 983/4406/464 1006/4406/464 1003/4406/464
f 2433/4406/464 597/4406/464 585/4406/464
f 1003/4406/464 993/4406/464 992/4406/464
f 602/4406/464 1932/4406/464 599/4406/464
f 1267/4406/464 2315/4406/464 2320/4406/464
f 1/4406/464 2340/4406/464 2323/4406/464
f 2045/4406/464 2044/4406/464 2050/4406/464
f 2085/4406/464 2304/4406/464 2311/4406/464
f 1934/4406/464 675/4406/464 602/4406/464
f 924/4406/464 1574/4406/464 1497/4406/464
f 954/4406/464 1509/4406/464 1559/4406/464
f 952/4406/464 1574/4406/464 953/4406/464
f 953/4406/464 1509/4406/464 952/4406/464
f 1560/4406/464 924/4406/464 1494/4406/464
f 962/4406/464 918/4406/464 1497/4406/464
f 675/4406/464 1921/4406/464 993/4406/464
f 2301/4406/464 2085/4406/464 2084/4406/464
f 2301/4406/464 2516/4406/464 2067/4406/464
f 2322/4406/464 1235/4406/464 1275/4406/464
f 1275/4406/464 1292/4406/464 2322/4406/464
f 566/4406/464 650/4406/464 1934/4406/464
f 597/4406/464 599/4406/464 1932/4406/464
f 593/4406/464 607/4406/464 2426/4406/464
f 826/4406/464 791/4406/464 778/4406/464
f 64/4406/464 98/4406/464 150/4406/464
f 1453/4406/465 1476/4406/465 2389/4406/465
f 1844/4406/464 1951/4406/464 1853/4406/464
f 1847/4406/464 1854/4406/464 1951/4406/464
f 1958/4406/464 1967/4406/464 1969/4406/464
f 1949/4406/464 1853/4406/464 1858/4406/464
f 1234/4406/466 1291/4406/466 1224/4406/466
f 2337/4406/466 2339/4406/466 1/4406/466
f 1989/4406/466 2005/4406/466 2168/4406/466
f 101/4406/466 138/4406/466 2157/4406/466
f 478/4406/466 498/4406/466 511/4406/466
f 2035/4406/466 2054/4406/466 2050/4406/466
f 1715/4406/466 337/4406/466 1720/4406/466
f 1294/4406/466 1304/4406/466 1299/4406/466
f 1986/4406/466 2005/4406/466 1976/4406/466
f 1900/4406/466 1908/4406/466 1913/4406/466
f 2318/4406/466 2321/4406/466 2319/4406/466
f 1517/4406/466 1549/4406/466 1511/4406/466
f 300/4406/466 893/4406/466 894/4406/466
f 1630/4406/466 1640/4406/466 1636/4406/466
f 1940/4406/466 1943/4406/466 1941/4406/466
f 1158/4406/466 1142/4406/466 1168/4406/466
f 1804/4406/466 2381/4406/466 1809/4406/466
f 2158/4406/466 2164/4406/466 2160/4406/466
f 1196/4406/466 1205/4406/466 1199/4406/466
f 37/4406/466 2139/4406/466 21/4406/466
f 2157/4406/466 137/4406/466 98/4406/466
f 286/4406/466 894/4406/466 893/4406/466
f 286/4406/466 292/4406/466 904/4406/466
f 1174/4406/466 1192/4406/466 1188/4406/466
f 20/4406/466 1484/4406/466 21/4406/466
f 20/4406/466 1481/4406/466 1196/4406/466
f 1217/4406/466 1205/4406/466 1196/4406/466
f 1209/4406/466 1491/4406/466 1485/4406/466
f 332/4406/466 367/4406/466 1709/4406/466
f 340/4406/466 1709/4406/466 337/4406/466
f 1830/4406/466 1821/4406/466 2381/4406/466
f 2139/4406/466 4/4406/466 16/4406/466
f 4/4406/466 2129/4406/466 2124/4406/466
f 100/4406/466 2151/4406/466 2154/4406/466
f 2187/4406/466 2505/4406/466 2183/4406/466
f 1979/4406/466 1976/4406/466 2511/4406/466
f 1819/4406/466 2379/4406/466 2373/4406/466
f 2503/4406/466 2182/4406/466 2196/4406/466
f 2197/4406/466 2196/4406/466 2512/4406/466
f 2511/4406/466 2183/4406/466 2196/4406/466
f 1602/4406/466 1797/4406/466 1603/4406/466
f 1572/4406/466 1566/4406/466 2300/4406/466
f 2226/4406/466 2229/4406/466 2228/4406/466
f 710/4406/466 755/4406/466 729/4406/466
f 1566/4406/466 2292/4406/466 1571/4406/466
f 1342/4406/466 1333/4406/466 1337/4406/466
f 2489/4406/466 2494/4406/466 2492/4406/466
f 1687/4406/466 1692/4406/466 1690/4406/466
f 1435/4406/466 1429/4406/466 1425/4406/466
f 2420/4406/466 2424/4406/466 2422/4406/466
f 1741/4406/466 1753/4406/466 1726/4406/466
f 2199/4406/466 2203/4406/466 2200/4406/466
f 1897/4406/466 1882/4406/466 1887/4406/466
f 1603/4406/466 1778/4406/466 1765/4406/466
f 1797/4406/466 1616/4406/466 1603/4406/466
f 1581/4406/466 1587/4406/466 1582/4406/466
f 586/4406/466 600/4406/466 606/4406/466
f 586/4406/466 2237/4406/466 1581/4406/466
f 1571/4406/466 2285/4406/466 2300/4406/466
f 577/4406/466 1569/4406/466 2292/4406/466
f 531/4406/466 600/4406/466 2475/4406/466
f 2479/4406/466 2298/4406/466 2292/4406/466
f 2285/4406/466 2288/4406/466 1585/4406/466
f 1557/4406/466 1572/4406/466 2481/4406/466
f 2475/4406/466 601/4406/466 577/4406/466
f 5/1/1 11/11/1 13/2/1
f 12/7/1 11/11/1 5/1/1
f 5/1/1 6/6/1 14/5/1
f 14/5/1 7/4/1 8/8/1
f 12/7/1 5/1/1 14/5/1
f 12/7/1 8/8/1 9/16/1
f 18/9/1 17/17/1 26/22/1
f 12/7/1 9/16/1 18/9/1
f 25/10/1 11/11/1 12/7/1
f 18/9/1 26/22/1 25/10/1
f 11/11/1 25/10/1 24/12/1
f 16/13/1 4/4407/1 3/3/1
f 21/15/1 16/13/1 13/2/1
f 13/2/1 24/12/1 22/14/1
f 9/16/1 10/19/1 17/17/1
f 10/19/1 9/16/1 8/8/1
f 8/8/1 2/4408/1 15/20/1
f 15/20/1 26/22/1 17/17/1
f 10/19/1 8/8/1 15/20/1
f 15/20/1 27/23/1 23/21/1
f 20/18/2 22/14/2 28/25/2
f 30/27/2 24/12/2 25/10/2
f 38/33/2 37/4409/2 29/26/2
f 28/25/2 22/14/2 24/12/2
f 38/33/2 29/26/2 28/25/2
f 19/24/2 33/34/2 38/33/2
f 32/29/2 23/21/2 19/24/2
f 25/10/2 26/22/2 32/29/2
f 31/28/2 25/10/2 32/29/2
f 32/29/2 19/24/2 38/33/2
f 38/33/2 28/25/2 24/12/2
f 30/27/467 31/28/467 32/29/467
f 38/33/2 24/12/2 30/27/2
f 33/34/2 35/30/2 36/32/2
f 49/35/3 48/55/3 46/36/3
f 40/38/3 36/32/3 34/31/3
f 34/31/3 41/4410/3 43/4411/3
f 34/31/3 43/4411/3 44/39/3
f 37/4409/3 38/33/3 40/38/3
f 40/38/3 34/31/3 44/39/3
f 45/41/3 42/40/3 49/35/3
f 40/38/3 44/39/3 45/41/3
f 47/4412/3 37/4409/3 40/38/3
f 46/36/3 48/55/3 47/4412/3
f 45/41/3 49/35/3 39/37/3
f 46/36/3 47/4412/3 40/38/3
f 40/38/3 45/41/3 39/37/3
f 44/39/3 43/4411/3 42/40/3
f 42/40/4 43/4411/4 51/42/4
f 58/44/4 60/62/4 6/45/4
f 62/47/4 54/56/4 56/48/4
f 52/50/4 59/58/4 58/44/4
f 62/47/4 53/57/4 48/55/4
f 49/35/468 56/48/468 54/56/468
f 54/56/4 62/47/4 48/55/4
f 52/50/4 57/51/4 63/60/4
f 63/60/4 47/4412/4 48/55/4
f 63/60/4 48/55/4 53/57/4
f 52/50/469 63/60/469 53/57/469
f 62/47/4 60/62/4 58/44/4
f 59/58/4 52/50/4 53/57/4
f 62/47/4 58/44/4 59/58/4
f 3/59/4 4/4413/4 63/60/4
f 5/46/4 3/59/4 57/51/4
f 61/54/4 60/62/4 62/47/4
f 55/49/4 56/48/4 61/54/4
f 61/54/4 56/48/4 49/35/4
f 49/35/4 42/40/4 50/43/4
f 51/42/4 43/4411/4 41/4410/4
f 61/54/4 49/35/4 50/43/4
f 51/42/4 41/4410/4 2/61/4
f 61/54/4 50/43/4 51/42/4
f 2/61/4 8/52/4 61/54/4
f 7/53/4 6/45/4 60/62/4
f 67/63/6 87/4414/6 88/64/6
f 88/64/6 84/79/6 83/78/6
f 80/4415/6 64/4416/6 65/4417/6
f 80/4415/6 65/4417/6 81/77/6
f 68/65/6 88/64/6 83/78/6
f 69/4418/6 66/76/6 68/65/6
f 80/4415/6 81/77/6 82/67/6
f 82/67/6 69/4418/6 68/65/6
f 68/65/6 83/78/6 85/66/6
f 85/66/6 80/4415/6 82/67/6
f 72/68/6 79/75/6 71/69/6
f 75/73/6 76/81/6 73/71/6
f 73/71/6 79/75/6 74/72/6
f 74/72/6 78/74/6 75/73/6
f 78/74/6 74/72/6 79/75/6
f 81/77/6 65/4417/6 66/76/6
f 66/76/6 69/4418/6 82/67/6
f 86/80/6 87/4414/6 67/63/6
f 67/63/6 70/70/6 71/69/6
f 71/69/6 79/75/6 73/71/6
f 76/81/6 75/73/6 77/4419/6
f 67/63/6 71/69/6 73/71/6
f 76/81/6 77/4419/6 86/80/6
f 86/80/6 67/63/6 73/71/6
f 84/79/7 119/97/7 111/94/7
f 84/79/7 111/94/7 96/88/7
f 94/87/7 93/109/7 85/66/7
f 84/79/7 96/88/7 92/82/7
f 92/82/7 94/87/7 85/66/7
f 88/64/7 87/4414/7 97/83/7
f 106/85/7 124/103/7 105/86/7
f 107/89/7 106/85/7 94/87/7
f 94/87/7 92/82/7 96/88/7
f 96/88/7 111/94/7 107/89/7
f 109/92/7 110/110/7 104/90/7
f 104/90/7 102/136/7 103/91/7
f 113/95/7 112/104/7 106/85/7
f 106/85/7 107/89/7 111/94/7
f 114/98/7 119/97/7 84/79/7
f 84/79/7 88/64/7 95/84/7
f 97/83/7 87/4414/7 86/80/7
f 114/98/7 84/79/7 95/84/7
f 97/83/7 86/80/7 122/99/7
f 114/98/7 95/84/7 97/83/7
f 115/111/7 118/96/7 114/98/7
f 123/100/7 116/134/7 115/111/7
f 122/99/7 121/101/7 120/102/7
f 123/100/7 115/111/7 114/98/7
f 122/99/7 120/102/7 123/100/7
f 123/100/7 114/98/7 97/83/7
f 121/101/7 116/134/7 123/100/7
f 91/108/7 110/110/7 90/4420/7
f 99/105/7 109/92/7 108/93/7
f 89/107/7 91/108/7 90/4420/7
f 99/105/7 108/93/7 100/106/7
f 89/107/7 90/4420/7 99/105/7
f 100/106/7 101/4421/7 89/107/7
f 104/90/7 110/110/7 91/108/7
f 89/107/7 101/4421/7 98/4422/7
f 89/107/7 98/4422/7 80/4415/7
f 93/109/7 94/87/7 105/86/7
f 105/86/7 102/136/7 104/90/7
f 91/108/7 89/107/7 80/4415/7
f 105/86/7 104/90/7 91/108/7
f 93/109/7 105/86/7 91/108/7
f 91/108/470 80/4415/470 85/66/470
f 99/105/7 90/4420/7 110/110/7
f 111/94/7 119/97/7 118/96/7
f 118/96/7 117/112/7 113/95/7
f 117/112/8 115/111/8 131/114/8
f 130/113/8 124/103/8 112/104/8
f 129/116/8 135/124/8 132/117/8
f 130/113/8 112/104/8 129/116/8
f 132/117/8 134/4423/8 130/113/8
f 125/118/8 127/121/8 128/119/8
f 128/119/8 127/121/8 103/91/8
f 103/91/8 102/136/8 144/122/8
f 144/122/8 140/139/8 139/123/8
f 139/123/8 126/120/8 128/119/8
f 128/119/8 103/91/8 144/122/8
f 135/124/8 129/116/8 112/104/8
f 113/95/8 117/112/8 136/115/8
f 143/127/8 136/115/8 131/114/8
f 131/114/8 115/111/8 116/134/8
f 131/114/8 116/134/8 145/135/8
f 146/132/8 143/127/8 131/114/8
f 149/142/8 147/133/8 148/126/8
f 148/126/471 146/132/471 131/114/471
f 148/126/8 131/114/8 145/135/8
f 122/99/8 149/142/8 148/126/8
f 133/125/8 121/101/8 122/99/8
f 148/126/8 145/135/8 133/125/8
f 143/127/8 142/131/8 141/128/8
f 141/128/8 144/122/8 130/113/8
f 141/128/8 130/113/8 134/4423/8
f 132/117/8 135/124/8 136/115/8
f 141/128/8 134/4423/8 132/117/8
f 132/117/8 136/115/8 143/127/8
f 138/129/8 126/120/8 139/123/8
f 126/120/8 138/129/8 100/106/8
f 100/106/8 108/93/8 127/121/8
f 125/118/8 126/120/8 100/106/8
f 142/131/8 140/139/8 144/122/8
f 116/134/8 121/101/8 133/125/8
f 102/136/8 105/86/8 130/113/8
f 64/4424/9 150/4425/9 137/130/9
f 137/130/9 139/123/9 151/137/9
f 151/137/472 152/144/472 153/141/472
f 154/140/9 143/127/9 146/132/9
f 154/140/9 146/132/9 161/153/9
f 158/155/9 70/154/9 67/4426/9
f 154/140/9 161/153/9 158/155/9
f 153/141/9 154/140/9 158/155/9
f 158/155/9 67/4426/9 159/147/9
f 156/149/9 68/148/9 66/146/9
f 153/141/9 158/155/9 159/147/9
f 159/147/9 156/149/9 66/146/9
f 157/138/9 65/145/9 64/4424/9
f 159/147/9 66/146/9 157/138/9
f 153/141/9 159/147/9 157/138/9
f 157/138/9 64/4424/9 137/130/9
f 151/137/9 153/141/9 157/138/9
f 140/139/472 152/144/472 151/137/472
f 153/141/9 152/144/9 142/131/9
f 142/131/9 143/127/9 154/140/9
f 159/147/9 67/4426/9 68/148/9
f 72/150/9 161/153/9 160/151/9
f 161/153/9 72/150/9 70/154/9
f 161/153/9 146/132/9 147/133/9
f 147/133/9 155/143/9 162/158/9
f 162/158/9 75/157/9 78/152/9
f 160/151/472 161/153/472 147/133/472
f 162/158/9 78/152/9 160/151/9
f 179/178/10 163/4427/10 164/165/10
f 179/178/10 164/165/10 180/164/10
f 182/169/10 181/176/10 179/178/10
f 188/175/10 184/171/10 183/170/10
f 183/170/10 182/169/10 179/178/10
f 183/170/10 179/178/10 180/164/10
f 187/173/10 188/175/10 183/170/10
f 186/4428/10 187/173/10 183/170/10
f 183/170/10 180/164/10 166/4429/10
f 166/4429/10 167/163/10 168/162/10
f 166/4429/10 168/162/10 165/4430/10
f 173/174/10 175/172/10 177/4431/10
f 176/166/10 174/168/10 173/174/10
f 183/170/10 166/4429/10 165/4430/10
f 176/166/10 173/174/10 177/4431/10
f 183/170/10 165/4430/10 185/159/10
f 176/166/10 177/4431/10 170/161/10
f 186/4428/10 183/170/10 185/159/10
f 169/4432/10 176/166/10 170/161/10
f 170/161/10 186/4428/10 185/159/10
f 171/160/10 169/4432/10 170/161/10
f 185/159/10 165/4430/10 168/162/10
f 168/162/10 169/4432/10 171/160/10
f 167/163/10 166/4429/10 180/164/10
f 187/173/10 186/4428/10 170/161/10
f 170/161/10 177/4431/10 175/172/10
f 187/173/10 175/172/10 173/174/10
f 196/179/11 192/185/11 198/180/11
f 178/177/11 181/176/11 195/182/11
f 190/184/11 198/180/11 192/185/11
f 189/181/11 198/180/11 184/171/11
f 184/171/11 188/175/11 197/187/11
f 197/187/11 196/179/11 189/181/11
f 193/188/11 195/182/11 182/169/11
f 182/169/11 184/171/11 198/180/11
f 190/184/11 191/186/11 194/189/11
f 182/169/11 198/180/11 190/184/11
f 194/189/11 199/4433/11 193/188/11
f 193/188/11 182/169/11 190/184/11
f 193/188/11 199/4433/11 200/183/11
f 210/200/12 204/4434/12 201/193/12
f 201/193/12 203/192/12 202/190/12
f 205/194/12 196/179/12 197/187/12
f 210/200/12 201/193/12 202/190/12
f 202/190/12 205/194/12 197/187/12
f 197/187/12 207/211/12 206/195/12
f 209/191/12 208/196/12 210/200/12
f 197/187/12 206/195/12 209/191/12
f 209/191/12 210/200/12 202/190/12
f 201/193/12 204/4434/12 194/189/12
f 194/189/12 191/186/12 203/192/12
f 202/190/12 203/192/12 192/185/12
f 192/185/12 196/179/12 205/194/12
f 218/197/13 167/4435/13 164/198/13
f 211/199/13 164/198/13 163/4436/13
f 210/200/13 208/196/13 212/201/13
f 212/201/13 168/202/13 167/4435/13
f 212/201/13 167/4435/13 218/197/13
f 211/199/13 163/4436/13 210/200/13
f 212/201/13 218/197/13 211/199/13
f 219/203/13 169/4437/13 168/202/13
f 168/202/13 212/201/13 208/196/13
f 208/196/13 206/195/13 219/203/13
f 223/206/13 220/4438/13 213/204/13
f 213/204/13 216/212/13 221/205/13
f 221/205/13 214/209/13 222/207/13
f 217/210/13 172/4439/13 176/208/13
f 176/208/13 224/4440/13 222/207/13
f 214/209/13 215/4441/13 217/210/13
f 176/208/13 222/207/13 214/209/13
f 223/206/13 222/207/13 224/4440/13
f 224/4440/13 176/208/13 169/4437/13
f 220/4438/13 223/206/13 224/4440/13
f 220/4438/13 224/4440/13 169/4437/13
f 220/4438/13 169/4437/13 219/203/13
f 213/204/13 220/4438/13 219/203/13
f 207/211/13 217/210/13 215/4441/13
f 215/4441/13 214/209/13 221/205/13
f 215/4441/13 221/205/13 216/212/13
f 213/204/13 219/203/13 206/195/13
f 207/211/13 215/4441/13 216/212/13
f 216/212/13 213/204/13 206/195/13
f 234/218/14 230/4442/14 228/4443/14
f 228/4443/14 226/214/14 225/213/14
f 225/213/14 227/215/14 229/4444/14
f 229/4444/14 235/4445/14 236/220/14
f 237/219/14 233/221/14 231/217/14
f 229/4444/14 236/220/14 237/219/14
f 234/218/14 228/4443/14 225/213/14
f 225/213/14 229/4444/14 237/219/14
f 237/219/14 231/217/14 232/216/14
f 232/216/14 234/218/14 225/213/14
f 241/224/15 240/4446/15 239/223/15
f 239/223/15 233/221/15 236/220/15
f 245/225/15 244/238/15 246/226/15
f 248/230/15 238/232/15 251/228/15
f 251/228/15 250/4447/15 249/229/15
f 248/230/15 249/229/15 244/238/15
f 248/230/15 244/238/15 245/225/15
f 238/232/15 248/230/15 245/225/15
f 247/227/15 246/226/15 242/231/15
f 238/232/15 245/225/15 247/227/15
f 252/234/15 250/4447/15 251/228/15
f 238/232/15 247/227/15 242/231/15
f 253/235/15 252/234/15 251/228/15
f 253/235/15 251/228/15 238/232/15
f 256/4448/15 255/236/15 254/233/15
f 256/4448/15 254/233/15 253/235/15
f 236/220/15 235/4445/15 256/4448/15
f 241/224/15 236/220/15 256/4448/15
f 240/4446/15 241/224/15 256/4448/15
f 231/217/15 233/221/15 239/223/15
f 240/4446/15 256/4448/15 253/235/15
f 231/217/15 239/223/15 240/4446/15
f 230/4442/15 234/218/15 243/222/15
f 231/217/15 240/4446/15 253/235/15
f 231/217/15 253/235/15 238/232/15
f 242/231/15 230/4442/15 243/222/15
f 243/222/15 231/217/15 238/232/15
f 254/233/15 255/236/15 252/234/15
f 255/236/17 259/4449/17 268/237/17
f 244/238/17 266/245/17 263/239/17
f 265/241/17 257/246/17 249/229/17
f 249/229/17 250/4447/17 258/240/17
f 261/244/17 264/257/17 193/242/17
f 193/242/17 199/247/17 262/243/17
f 261/244/17 262/243/17 242/231/17
f 242/231/17 246/226/17 263/239/17
f 261/244/17 242/231/17 263/239/17
f 259/4449/17 255/236/17 256/4448/17
f 250/4447/17 252/234/17 268/237/17
f 268/237/17 259/4449/17 256/4448/17
f 264/257/17 261/244/17 263/239/17
f 264/257/17 263/239/17 266/245/17
f 268/237/17 256/4448/17 267/4450/17
f 258/240/17 250/4447/17 268/237/17
f 265/241/17 258/240/17 268/237/17
f 268/237/17 267/4450/17 264/257/17
f 265/241/17 268/237/17 264/257/17
f 244/238/17 249/229/17 257/246/17
f 265/241/17 264/257/17 266/245/17
f 266/245/17 244/238/17 257/246/17
f 199/247/17 193/242/17 270/248/17
f 270/248/18 195/259/18 181/251/18
f 181/251/18 179/4451/18 269/250/18
f 276/252/18 277/4452/18 273/253/18
f 282/256/18 276/252/18 275/254/18
f 275/254/18 274/4453/18 278/255/18
f 195/259/18 193/242/18 264/257/18
f 264/257/18 227/4454/18 226/258/18
f 226/258/18 279/263/18 195/259/18
f 276/252/18 282/256/18 229/4455/18
f 229/4455/18 227/4454/18 264/257/18
f 267/4450/18 278/255/18 274/4453/18
f 274/4453/18 275/254/18 273/253/18
f 274/4453/18 273/253/18 272/4456/18
f 264/257/18 267/4450/18 274/4453/18
f 277/4452/18 276/252/18 229/4455/18
f 281/262/18 277/4452/18 229/4455/18
f 274/4453/18 272/4456/18 271/260/18
f 280/261/18 281/262/18 229/4455/18
f 264/257/18 274/4453/18 271/260/18
f 280/261/18 229/4455/18 264/257/18
f 281/262/18 280/261/18 271/260/18
f 271/260/18 272/4456/18 273/253/18
f 273/253/463 277/4452/463 281/262/463
f 181/251/18 195/259/18 279/263/18
f 279/263/18 226/258/18 228/264/18
f 228/264/18 179/4451/18 181/251/18
f 295/265/19 293/4457/19 284/266/19
f 285/272/19 287/274/19 283/4458/19
f 283/4458/19 286/270/19 290/269/19
f 290/269/19 292/268/19 297/275/19
f 297/275/19 294/267/19 284/266/19
f 293/4457/19 295/265/19 296/4459/19
f 290/269/19 297/275/19 284/266/19
f 284/266/19 293/4457/19 296/4459/19
f 296/4459/19 291/4460/19 289/271/19
f 289/271/19 288/273/19 285/272/19
f 285/272/19 283/4458/19 290/269/19
f 284/266/19 296/4459/19 289/271/19
f 285/272/19 290/269/19 284/266/19
f 296/4459/20 295/265/20 298/279/20
f 299/278/20 294/267/20 297/275/20
f 304/277/20 296/4459/20 298/279/20
f 298/279/20 299/278/20 297/275/20
f 300/291/21 301/280/21 302/276/21
f 302/276/20 303/281/20 304/277/20
f 304/277/20 298/279/20 297/275/20
f 297/275/20 300/291/20 302/276/20
f 295/265/20 294/267/20 299/278/20
f 306/283/22 303/281/22 301/280/22
f 301/280/22 305/290/22 314/282/22
f 312/289/22 313/288/22 304/277/22
f 304/277/22 303/281/22 306/283/22
f 304/277/22 306/283/22 314/282/22
f 308/284/22 312/289/22 304/277/22
f 307/4461/473 309/286/473 310/285/473
f 310/285/22 308/284/22 304/277/22
f 310/285/22 304/277/22 314/282/22
f 300/291/22 307/4461/22 310/285/22
f 305/290/22 301/280/22 300/291/22
f 310/285/22 314/282/22 305/290/22
f 316/294/474 309/286/474 307/4461/474
f 307/4461/24 283/4462/24 287/295/24
f 317/292/24 288/296/24 289/4463/24
f 307/4461/24 287/295/24 317/292/24
f 312/289/475 308/284/475 316/294/475
f 316/294/24 307/4461/24 317/292/24
f 317/292/24 289/4463/24 318/4464/24
f 318/4464/24 319/297/24 320/293/24
f 315/4465/24 312/289/24 316/294/24
f 317/292/24 318/4464/24 320/293/24
f 320/293/24 315/4465/24 316/294/24
f 319/297/24 311/287/24 312/289/24
f 312/289/24 315/4465/24 320/293/24
f 325/300/26 324/4466/26 328/301/26
f 334/302/26 335/307/26 336/303/26
f 331/304/26 330/4467/26 326/299/26
f 326/299/26 327/298/26 329/308/26
f 331/304/26 326/299/26 329/308/26
f 334/302/26 331/304/26 329/308/26
f 334/302/26 329/308/26 333/305/26
f 323/4468/26 321/4469/26 332/306/26
f 322/4470/26 323/4468/26 332/306/26
f 335/307/26 334/302/26 333/305/26
f 333/305/26 322/4470/26 332/306/26
f 328/301/26 324/4466/26 323/4468/26
f 323/4468/26 322/4470/26 333/305/26
f 329/308/26 327/298/26 328/301/26
f 328/301/26 323/4468/26 333/305/26
f 339/322/28 341/4471/28 350/312/28
f 350/312/28 351/316/28 354/313/28
f 353/314/28 339/322/28 350/312/28
f 341/4471/28 339/322/28 342/324/28
f 335/307/28 332/306/28 340/320/28
f 340/320/28 347/321/28 348/310/28
f 340/320/28 348/310/28 338/309/28
f 341/4471/28 342/324/28 335/307/28
f 350/312/28 341/4471/28 335/307/28
f 335/307/28 340/320/28 338/309/28
f 356/315/28 343/325/28 355/4472/28
f 355/4472/28 352/323/28 353/314/28
f 355/4472/28 353/314/28 354/313/28
f 350/312/28 335/307/28 338/309/28
f 355/4472/28 354/313/28 351/316/28
f 351/316/28 350/312/28 338/309/28
f 356/315/28 355/4472/28 351/316/28
f 351/316/28 338/309/28 349/311/28
f 337/317/28 345/4473/28 344/318/28
f 340/320/28 337/317/28 346/319/28
f 339/322/28 353/314/28 352/323/28
f 352/323/28 355/4472/28 343/325/28
f 343/325/28 336/303/28 335/307/28
f 335/307/476 342/324/476 352/323/476
f 364/327/29 365/326/29 366/345/29
f 356/315/29 349/311/29 360/332/29
f 356/315/29 360/332/29 363/329/29
f 364/327/29 366/345/29 356/315/29
f 361/331/29 362/328/29 364/327/29
f 346/319/29 344/318/29 361/331/29
f 357/333/29 346/319/29 361/331/29
f 364/327/29 356/315/29 363/329/29
f 359/4474/29 348/310/29 347/321/29
f 361/331/29 364/327/29 363/329/29
f 363/329/29 359/4474/29 347/321/29
f 358/330/29 357/333/29 361/331/29
f 363/329/29 347/321/29 358/330/29
f 360/332/29 349/311/29 348/310/29
f 348/310/29 359/4474/29 363/329/29
f 347/321/29 346/319/29 357/333/29
f 323/334/30 324/348/30 376/335/30
f 371/339/30 370/341/30 362/328/30
f 362/328/30 361/331/30 367/4475/30
f 367/4475/30 321/4476/30 323/334/30
f 368/336/30 376/335/30 375/347/30
f 367/4475/30 323/334/30 368/336/30
f 369/343/30 371/339/30 362/328/30
f 369/343/30 362/328/30 367/4475/30
f 368/336/30 375/347/30 326/346/30
f 369/343/30 367/4475/30 368/336/30
f 378/4477/30 369/343/30 368/336/30
f 368/336/30 326/346/30 330/337/30
f 330/337/30 379/4478/30 374/340/30
f 374/340/30 373/342/30 377/338/30
f 377/338/30 378/4477/30 368/336/30
f 330/337/30 374/340/30 377/338/30
f 371/339/30 373/342/30 374/340/30
f 373/342/30 371/339/30 369/343/30
f 369/343/30 378/4477/30 377/338/30
f 372/344/30 365/326/30 362/328/30
f 362/328/30 370/341/30 374/340/30
f 374/340/30 379/4478/30 372/344/30
f 376/335/30 325/349/30 326/346/30
f 390/350/31 387/4479/31 389/351/31
f 399/4480/31 390/350/31 388/352/31
f 388/352/31 389/351/31 384/364/31
f 388/352/31 384/364/31 398/353/31
f 400/355/31 399/4480/31 388/352/31
f 386/4481/31 385/363/31 391/354/31
f 400/355/31 388/352/31 398/353/31
f 398/353/31 386/4481/31 391/354/31
f 396/365/31 380/366/31 381/357/31
f 397/356/31 382/358/31 383/359/31
f 396/365/31 381/357/31 397/356/31
f 392/4482/31 394/361/31 393/360/31
f 395/362/31 396/365/31 397/356/31
f 383/359/31 392/4482/31 393/360/31
f 393/360/31 395/362/31 397/356/31
f 385/363/31 386/4481/31 398/353/31
f 396/365/31 400/355/31 391/354/31
f 394/361/32 407/4483/32 406/369/32
f 401/368/32 405/370/32 395/362/32
f 394/361/32 406/369/32 401/368/32
f 410/372/32 409/4484/32 403/371/32
f 403/371/32 405/370/32 406/369/32
f 416/373/32 404/4485/32 420/374/32
f 414/378/32 420/374/32 413/376/32
f 413/376/32 412/379/32 411/377/32
f 413/376/32 420/374/32 404/4485/32
f 404/4485/32 416/373/32 415/382/32
f 415/382/32 419/381/32 399/4480/32
f 399/4480/32 400/355/32 402/367/32
f 395/362/32 405/370/32 403/371/32
f 396/365/477 395/362/477 403/371/477
f 402/367/32 396/365/32 403/371/32
f 402/367/32 403/371/32 409/4484/32
f 404/4485/32 415/382/32 399/4480/32
f 412/379/32 413/376/32 404/4485/32
f 394/361/32 392/4482/32 408/4486/32
f 410/372/32 406/369/32 407/4483/32
f 407/4483/32 394/361/32 408/4486/32
f 404/4485/32 399/4480/32 402/367/32
f 404/4485/32 402/367/32 409/4484/32
f 412/379/32 404/4485/32 409/4484/32
f 410/372/32 407/4483/32 408/4486/32
f 412/379/32 409/4484/32 410/372/32
f 410/372/32 408/4486/32 411/377/32
f 424/385/33 414/378/33 411/377/33
f 426/383/33 425/391/33 422/384/33
f 424/385/33 411/377/33 426/383/33
f 421/386/33 423/4487/33 418/380/33
f 411/377/33 408/4486/33 427/387/33
f 424/385/33 422/384/33 417/375/33
f 431/388/33 429/404/33 430/389/33
f 430/389/33 423/4487/33 421/386/33
f 421/386/33 415/382/33 416/373/33
f 416/373/33 422/384/33 425/391/33
f 425/391/33 431/388/33 428/390/33
f 428/390/33 430/389/33 421/386/33
f 421/386/33 416/373/33 425/391/33
f 439/392/34 425/391/34 426/383/34
f 389/403/34 431/388/34 425/391/34
f 389/403/34 425/391/34 439/392/34
f 437/395/34 384/4488/34 389/403/34
f 391/398/34 385/401/34 438/402/34
f 437/395/34 389/403/34 439/392/34
f 391/398/34 438/402/34 437/395/34
f 381/396/34 380/400/34 436/399/34
f 436/399/34 391/398/34 437/395/34
f 437/395/34 439/392/34 433/393/34
f 433/393/34 426/383/34 427/387/34
f 383/4489/34 382/4490/34 435/397/34
f 383/4489/34 435/397/34 432/394/34
f 437/395/34 433/393/34 427/387/34
f 381/396/34 436/399/34 437/395/34
f 434/4491/34 381/396/34 437/395/34
f 427/387/34 383/4489/34 432/394/34
f 432/394/34 434/4491/34 437/395/34
f 435/397/34 382/4490/34 381/396/34
f 381/396/34 434/4491/34 432/394/34
f 385/401/34 384/4488/34 437/395/34
f 389/403/34 387/4492/34 429/404/34
f 460/420/35 440/419/35 448/405/35
f 448/405/35 449/415/35 441/406/35
f 441/406/35 458/417/35 463/4493/35
f 463/4493/35 462/427/35 461/407/35
f 461/407/35 460/420/35 448/405/35
f 441/406/35 463/4493/35 461/407/35
f 455/411/35 454/4494/35 456/412/35
f 465/4495/35 443/423/35 444/421/35
f 465/4495/35 444/421/35 464/416/35
f 463/4493/35 458/417/35 465/4495/35
f 454/4494/35 457/4496/35 466/4497/35
f 456/412/35 454/4494/35 466/4497/35
f 463/4493/35 465/4495/35 464/416/35
f 446/422/35 445/4498/35 453/409/35
f 462/427/35 463/4493/35 464/416/35
f 464/416/35 446/422/35 453/409/35
f 452/408/35 451/410/35 455/411/35
f 464/416/35 453/409/35 452/408/35
f 466/4497/35 462/427/35 464/416/35
f 456/412/35 466/4497/35 464/416/35
f 464/416/35 452/408/35 455/411/35
f 450/413/35 456/412/35 464/416/35
f 460/420/35 461/407/35 459/418/35
f 459/418/35 442/4499/35 440/419/35
f 444/421/35 445/4498/35 446/422/35
f 443/423/35 465/4495/35 458/417/35
f 458/417/35 449/415/35 447/414/35
f 470/424/36 474/4500/36 473/425/36
f 469/429/36 468/433/36 467/4501/36
f 467/4501/36 461/407/36 462/427/36
f 462/427/36 476/4502/36 471/428/36
f 469/429/478 467/4501/478 462/427/478
f 486/431/36 483/4503/36 473/425/36
f 473/425/479 474/4500/479 475/430/479
f 475/430/36 477/442/36 486/431/36
f 482/434/36 471/428/36 470/424/36
f 470/424/480 472/426/480 481/432/480
f 481/432/36 479/4504/36 468/433/36
f 482/434/36 470/424/36 481/432/36
f 468/433/36 469/429/36 471/428/36
f 492/438/36 491/444/36 489/439/36
f 493/441/36 492/438/36 487/440/36
f 487/440/36 489/439/36 488/435/36
f 484/437/36 485/436/36 480/4505/36
f 487/440/36 488/435/36 484/437/36
f 466/4497/36 494/4506/36 493/441/36
f 493/441/36 487/440/36 484/437/36
f 484/437/36 480/4505/36 478/4507/36
f 478/4507/36 459/418/36 461/407/36
f 467/4501/36 468/433/36 479/4504/36
f 478/4507/36 461/407/36 467/4501/36
f 493/441/36 484/437/36 478/4507/36
f 470/424/36 471/428/36 476/4502/36
f 475/430/36 474/4500/36 470/424/36
f 475/430/36 470/424/36 476/4502/36
f 478/4507/36 467/4501/36 479/4504/36
f 481/432/36 472/426/36 473/425/36
f 478/4507/36 479/4504/36 481/432/36
f 475/430/36 476/4502/36 462/427/36
f 475/430/481 462/427/481 466/4497/481
f 493/441/36 478/4507/36 481/432/36
f 481/432/36 473/425/36 483/4503/36
f 481/432/36 483/4503/36 486/431/36
f 475/430/36 466/4497/36 493/441/36
f 477/442/36 475/430/36 493/441/36
f 493/441/36 481/432/36 486/431/36
f 492/438/36 495/445/36 490/443/36
f 493/441/36 494/4506/36 495/445/36
f 498/447/37 480/4505/37 485/436/37
f 499/446/37 501/457/37 498/447/37
f 500/451/37 503/4508/37 505/449/37
f 505/449/37 504/455/37 502/450/37
f 508/453/37 489/439/37 491/444/37
f 491/444/37 497/448/37 507/452/37
f 507/452/482 506/458/482 508/453/482
f 510/454/37 505/449/37 496/456/37
f 496/456/37 488/435/37 489/439/37
f 489/439/37 508/453/37 510/454/37
f 496/456/37 505/449/37 503/4508/37
f 500/451/37 502/450/37 501/457/37
f 496/456/37 503/4508/37 500/451/37
f 485/436/37 488/435/37 496/456/37
f 501/457/37 499/446/37 485/436/37
f 485/436/37 496/456/37 500/451/37
f 504/455/38 523/479/38 524/460/38
f 454/464/38 528/485/38 525/465/38
f 525/465/38 516/4509/38 457/463/38
f 518/483/38 447/482/38 448/468/38
f 517/467/38 440/466/38 442/4510/38
f 518/483/38 448/468/38 517/467/38
f 512/472/38 520/474/38 521/481/38
f 518/483/38 517/467/38 442/4510/38
f 512/472/38 521/481/38 518/483/38
f 527/476/38 519/473/38 514/471/38
f 512/472/38 518/483/38 442/4510/38
f 522/470/38 527/476/38 514/471/38
f 512/472/38 442/4510/38 511/4511/38
f 514/471/38 512/472/38 511/4511/38
f 511/4511/38 498/447/38 501/457/38
f 513/469/38 453/4512/38 445/4513/38
f 511/4511/38 501/457/38 513/469/38
f 514/471/38 511/4511/38 513/469/38
f 513/469/38 445/4513/38 522/470/38
f 512/472/38 514/471/38 519/473/38
f 522/470/38 445/4513/38 444/475/38
f 502/450/38 524/460/38 451/477/38
f 451/477/38 453/4512/38 513/469/38
f 513/469/38 501/457/38 502/450/38
f 443/478/38 521/481/38 520/474/38
f 520/474/38 519/473/38 527/476/38
f 527/476/38 444/475/38 443/478/38
f 526/480/38 528/485/38 454/464/38
f 454/464/38 455/484/38 524/460/38
f 523/479/38 504/455/38 510/454/38
f 454/464/38 524/460/38 523/479/38
f 510/454/38 529/462/38 526/480/38
f 526/480/38 454/464/38 523/479/38
f 521/481/38 443/478/38 447/482/38
f 528/485/38 529/462/38 508/453/38
f 508/453/483 506/458/483 515/461/483
f 515/461/38 516/4509/38 525/465/38
f 525/465/38 528/485/38 508/453/38
f 547/486/39 548/4514/39 534/487/39
f 538/492/39 536/4515/39 537/493/39
f 540/502/484 552/490/484 530/489/484
f 530/489/39 551/491/39 545/501/39
f 545/501/39 544/500/39 546/4516/39
f 546/4516/39 548/4514/39 547/486/39
f 533/488/39 534/487/39 532/4517/39
f 545/501/484 546/4516/484 547/486/484
f 533/488/39 532/4517/39 531/495/39
f 545/501/39 547/486/39 533/488/39
f 530/489/39 545/501/39 533/488/39
f 531/495/39 535/4518/39 537/493/39
f 531/495/484 537/493/484 536/4515/484
f 530/489/39 533/488/39 531/495/39
f 549/496/39 550/498/39 540/502/39
f 540/502/39 530/489/39 531/495/39
f 531/495/39 536/4515/39 538/492/39
f 538/492/39 539/494/39 549/496/39
f 549/496/39 540/502/39 531/495/39
f 545/501/39 551/491/39 541/499/39
f 541/499/39 543/503/39 544/500/39
f 550/498/39 542/497/39 543/503/39
f 543/503/39 541/499/39 551/491/39
f 551/491/39 552/490/39 550/498/39
f 555/504/40 543/503/40 542/497/40
f 555/504/40 557/505/40 571/537/40
f 571/537/40 568/4519/40 569/506/40
f 569/506/40 544/500/40 543/503/40
f 555/504/40 571/537/40 569/506/40
f 549/496/40 556/512/40 557/505/40
f 563/507/40 564/517/40 562/508/40
f 572/511/40 570/513/40 539/494/40
f 539/494/40 537/493/40 574/510/40
f 572/511/40 571/537/40 557/505/40
f 556/512/40 549/496/40 539/494/40
f 572/511/40 557/505/40 556/512/40
f 556/512/40 539/494/40 570/513/40
f 537/493/40 535/4518/40 573/514/40
f 553/515/40 560/520/40 559/4520/40
f 554/516/40 561/519/40 562/508/40
f 553/515/40 559/4520/40 554/516/40
f 565/518/40 560/520/40 553/515/40
f 553/515/40 562/508/40 564/517/40
f 559/4520/40 560/520/40 567/522/40
f 567/522/40 558/4521/40 546/4516/40
f 569/506/40 568/4519/40 563/507/40
f 575/509/40 562/508/40 561/519/40
f 569/506/485 563/507/485 575/509/485
f 559/4520/40 567/522/40 546/4516/40
f 554/516/40 559/4520/40 546/4516/40
f 544/500/40 569/506/40 575/509/40
f 544/500/40 575/509/40 561/519/40
f 554/516/40 546/4516/40 544/500/40
f 560/520/40 565/518/40 566/521/40
f 601/524/41 589/529/41 576/523/41
f 576/523/42 572/511/42 574/510/42
f 574/510/41 577/530/41 601/524/41
f 600/525/41 586/552/41 588/526/41
f 588/526/41 595/547/41 592/546/41
f 592/546/41 596/545/41 593/4522/41
f 593/4522/41 598/541/41 594/4523/41
f 594/4523/41 583/540/41 579/534/41
f 579/534/42 563/507/42 568/4519/42
f 579/534/41 568/4519/41 578/539/41
f 593/4522/41 594/4523/41 579/534/41
f 592/546/41 593/4522/41 579/534/41
f 579/534/41 578/539/41 591/538/41
f 592/546/41 579/534/41 591/538/41
f 601/524/41 600/525/41 587/527/41
f 589/529/41 601/524/41 587/527/41
f 588/526/41 592/546/41 591/538/41
f 589/529/42 587/527/42 588/526/42
f 571/537/41 572/511/41 576/523/41
f 589/529/41 588/526/41 591/538/41
f 590/528/41 571/537/41 576/523/41
f 589/529/41 591/538/41 590/528/41
f 582/535/41 584/544/41 564/517/41
f 564/517/41 563/507/41 579/534/41
f 579/534/41 583/540/41 582/535/41
f 578/539/41 568/4519/41 571/537/41
f 571/537/41 590/528/41 591/538/41
f 583/540/41 594/4523/41 598/541/41
f 581/543/42 580/531/42 597/533/42
f 597/533/41 585/536/41 565/518/41
f 565/518/41 564/517/41 584/544/41
f 581/543/41 597/533/41 565/518/41
f 599/532/41 580/531/41 584/544/41
f 584/544/41 582/535/41 583/540/41
f 583/540/41 602/542/41 599/532/41
f 608/549/43 603/4524/43 596/545/43
f 596/545/43 595/547/43 604/548/43
f 605/550/43 606/4525/43 531/551/43
f 531/551/43 532/4526/43 607/4527/43
f 607/4527/43 593/4522/43 596/545/43
f 607/4527/43 596/545/43 603/4524/43
f 595/547/43 588/526/43 605/550/43
f 604/548/43 595/547/43 605/550/43
f 607/4527/43 603/4524/43 608/549/43
f 608/549/43 604/548/43 605/550/43
f 531/551/43 607/4527/43 608/549/43
f 586/552/43 606/4525/43 605/550/43
f 612/555/44 553/563/44 560/559/44
f 560/559/44 620/562/44 610/560/44
f 610/560/44 609/554/44 611/553/44
f 611/553/44 612/555/44 560/559/44
f 553/563/44 613/4528/44 621/564/44
f 623/567/44 617/578/44 627/565/44
f 627/565/44 625/580/44 624/566/44
f 626/570/44 618/577/44 629/568/44
f 629/568/44 630/595/44 628/569/44
f 636/574/44 637/4529/44 633/573/44
f 632/572/45 631/571/45 635/575/45
f 636/574/44 633/573/44 632/572/44
f 635/575/45 634/4530/45 636/574/45
f 622/4531/44 567/561/44 560/559/44
f 621/564/44 613/4528/44 616/558/44
f 622/4531/44 560/559/44 621/564/44
f 623/567/44 624/566/44 622/4531/44
f 623/567/486 622/4531/486 621/564/486
f 621/564/44 616/558/44 614/557/44
f 614/557/44 615/556/44 619/576/44
f 619/576/44 636/574/44 634/4530/44
f 634/4530/45 635/575/45 630/595/45
f 634/4530/44 630/595/44 629/568/44
f 621/564/44 614/557/44 619/576/44
f 617/578/45 623/567/45 621/564/45
f 628/569/44 625/580/44 627/565/44
f 617/578/44 621/564/44 619/576/44
f 628/569/44 627/565/44 617/578/44
f 626/570/44 628/569/44 617/578/44
f 619/576/44 634/4530/44 629/568/44
f 618/577/44 626/570/44 617/578/44
f 619/576/44 629/568/44 618/577/44
f 650/4532/46 622/4531/46 624/566/46
f 638/579/46 625/580/46 628/569/46
f 650/4532/46 624/566/46 638/579/46
f 648/582/46 649/598/46 650/4532/46
f 628/569/46 640/594/46 639/581/46
f 648/582/46 650/4532/46 638/579/46
f 638/579/46 628/569/46 639/581/46
f 641/583/46 630/595/46 635/575/46
f 643/584/46 644/589/46 657/585/46
f 641/583/487 635/575/487 643/584/487
f 657/585/46 642/591/46 641/583/46
f 633/573/46 637/4529/46 647/586/46
f 631/571/46 644/589/46 643/584/46
f 644/589/46 631/571/46 633/573/46
f 633/573/46 646/587/46 645/588/46
f 657/585/46 644/589/46 645/588/46
f 645/588/46 646/587/46 658/590/46
f 642/591/46 657/585/46 651/592/46
f 641/583/46 642/591/46 640/594/46
f 640/594/46 628/569/46 630/595/46
f 640/594/46 642/591/46 652/593/46
f 655/597/46 656/600/46 651/592/46
f 651/592/46 657/585/46 658/590/46
f 647/586/46 659/599/46 658/590/46
f 648/582/46 639/581/46 640/594/46
f 640/594/46 653/596/46 649/598/46
f 655/597/46 658/590/46 659/599/46
f 659/599/46 654/4533/46 656/600/46
f 652/593/48 666/607/48 661/601/48
f 661/601/48 667/4534/48 660/602/48
f 660/602/48 653/596/48 652/593/48
f 669/4535/48 656/600/48 654/4533/48
f 654/4533/47 670/614/47 672/609/47
f 668/603/48 671/610/48 662/4536/48
f 654/4533/47 672/609/47 668/603/47
f 664/605/488 669/4535/488 654/4533/488
f 652/593/48 651/592/48 664/605/48
f 663/604/47 666/607/47 652/593/47
f 668/603/47 662/4536/47 663/604/47
f 664/605/48 654/4533/48 668/603/48
f 663/604/47 652/593/47 664/605/47
f 656/600/48 669/4535/48 664/605/48
f 665/606/47 667/4534/47 661/601/47
f 660/602/47 667/4534/47 678/608/47
f 678/608/47 679/4537/47 649/598/47
f 649/598/48 653/596/48 660/602/48
f 671/610/489 672/609/489 673/611/489
f 673/611/47 683/626/47 684/612/47
f 682/613/48 671/610/48 673/611/48
f 674/618/48 675/629/48 681/619/48
f 678/608/48 662/4536/48 680/621/48
f 676/620/48 681/619/48 650/4532/48
f 650/4532/47 649/598/47 679/4537/47
f 679/4537/47 678/608/47 677/622/47
f 680/621/48 662/4536/48 671/610/48
f 679/4537/48 677/622/48 680/621/48
f 676/620/48 650/4532/48 679/4537/48
f 579/616/47 674/618/47 676/620/47
f 684/612/48 575/615/48 563/617/48
f 563/617/48 579/616/48 676/620/48
f 676/620/48 679/4537/48 680/621/48
f 680/621/48 671/610/48 682/613/48
f 684/612/47 563/617/47 676/620/47
f 680/621/48 682/613/48 684/612/48
f 678/608/48 667/4534/48 665/606/48
f 665/606/47 666/607/47 663/604/47
f 663/604/48 662/4536/48 678/608/48
f 691/625/50 562/631/50 553/623/50
f 553/623/50 612/637/50 686/624/50
f 683/626/50 690/4538/50 689/627/50
f 675/629/50 674/618/50 583/628/50
f 562/631/50 691/625/50 583/628/50
f 583/628/50 579/616/50 575/615/50
f 687/633/50 613/4539/50 553/623/50
f 553/623/50 562/631/50 685/632/50
f 693/638/50 692/641/50 691/625/50
f 691/625/50 686/624/50 612/637/50
f 612/637/50 609/639/50 693/638/50
f 690/4538/50 619/4540/50 615/635/50
f 690/4538/50 615/635/50 688/634/50
f 575/615/50 684/612/50 689/627/50
f 689/627/50 690/4538/50 688/634/50
f 616/636/50 613/4539/50 687/633/50
f 685/632/50 562/631/50 575/615/50
f 616/636/50 687/633/50 685/632/50
f 575/615/50 689/627/50 688/634/50
f 688/634/50 616/636/50 685/632/50
f 602/630/50 583/628/50 691/625/50
f 699/657/51 698/4541/51 702/642/51
f 712/643/51 714/4542/51 713/644/51
f 713/644/51 699/657/51 702/642/51
f 720/647/51 700/651/51 701/650/51
f 701/650/51 699/657/51 709/645/51
f 709/645/51 714/4542/51 711/646/51
f 711/646/51 715/672/51 720/647/51
f 720/647/51 701/650/51 709/645/51
f 704/648/51 695/4543/51 703/649/51
f 711/646/51 714/4542/51 712/643/51
f 710/4544/51 711/646/51 712/643/51
f 698/4541/51 699/657/51 701/650/51
f 710/4544/51 712/643/51 702/642/51
f 702/642/51 698/4541/51 701/650/51
f 702/642/51 701/650/51 704/648/51
f 703/649/51 710/4544/51 702/642/51
f 697/653/51 708/662/51 706/654/51
f 696/652/51 700/651/51 705/4545/51
f 694/656/51 695/4543/51 704/648/51
f 704/648/51 701/650/51 696/652/51
f 696/652/51 705/4545/51 694/656/51
f 713/644/51 714/4542/51 709/645/51
f 716/658/51 718/661/51 719/659/51
f 720/647/51 715/672/51 716/658/51
f 720/647/490 716/658/490 717/660/490
f 705/4545/51 700/651/51 720/647/51
f 697/653/51 694/656/51 705/4545/51
f 721/674/51 706/654/51 708/662/51
f 708/662/51 697/653/51 705/4545/51
f 720/647/51 717/660/51 719/659/51
f 708/662/51 705/4545/51 720/647/51
f 718/661/51 721/674/51 708/662/51
f 708/662/51 720/647/51 719/659/51
f 722/663/52 725/671/52 734/664/52
f 723/667/52 724/666/52 716/658/52
f 728/669/52 711/646/52 710/4544/52
f 710/4544/52 729/697/52 732/670/52
f 732/670/52 730/668/52 723/667/52
f 723/667/52 716/658/52 715/672/52
f 728/669/52 710/4544/52 732/670/52
f 723/667/52 715/672/52 728/669/52
f 725/671/52 718/661/52 716/658/52
f 731/673/52 734/664/52 725/671/52
f 725/671/52 724/666/52 730/668/52
f 733/678/52 726/676/52 721/674/52
f 718/661/52 725/671/52 722/663/52
f 727/665/52 734/664/52 733/678/52
f 721/674/52 718/661/52 722/663/52
f 727/665/52 733/678/52 721/674/52
f 732/670/52 733/678/52 734/664/52
f 731/673/52 730/668/52 732/670/52
f 736/677/54 741/680/54 759/4546/54
f 754/675/54 748/707/54 750/706/54
f 736/677/54 759/4546/54 754/675/54
f 726/676/54 733/678/54 736/677/54
f 754/675/54 750/706/54 726/676/54
f 741/680/54 736/677/54 733/678/54
f 733/678/54 732/670/54 739/679/54
f 749/683/54 748/707/54 754/675/54
f 754/675/54 759/4546/54 760/682/54
f 752/684/54 759/4546/54 741/680/54
f 740/681/54 739/679/54 738/4547/54
f 752/684/54 741/680/54 740/681/54
f 751/685/54 753/689/54 752/684/54
f 740/681/54 738/4547/54 751/685/54
f 746/688/54 758/690/54 753/689/54
f 758/690/54 749/683/54 760/682/54
f 760/682/54 759/4546/54 752/684/54
f 752/684/54 753/689/54 758/690/54
f 742/691/54 756/694/54 737/692/54
f 737/692/54 735/4548/54 743/693/54
f 743/693/54 744/695/54 742/691/54
f 756/694/54 742/691/54 744/695/54
f 747/687/54 757/686/54 756/694/54
f 757/686/54 753/689/54 751/685/54
f 738/4547/54 739/679/54 732/670/54
f 756/694/54 757/686/54 751/685/54
f 751/685/54 738/4547/54 732/670/54
f 729/697/54 755/4549/54 743/693/54
f 729/697/54 743/693/54 735/4548/54
f 737/692/54 756/694/54 751/685/54
f 729/697/54 735/4548/54 737/692/54
f 737/692/54 751/685/54 732/670/54
f 746/688/55 747/687/55 763/698/55
f 765/705/491 763/698/491 772/712/491
f 694/701/55 697/716/55 774/702/55
f 774/702/55 766/709/55 764/704/55
f 775/703/55 765/705/55 772/712/55
f 774/702/55 764/704/55 775/703/55
f 775/703/55 772/712/55 694/701/55
f 758/690/55 746/688/55 762/699/55
f 762/699/55 763/698/55 765/705/55
f 758/690/55 765/705/55 764/704/55
f 767/710/55 768/718/55 761/708/55
f 761/708/55 748/707/55 749/683/55
f 749/683/55 764/704/55 766/709/55
f 767/710/55 761/708/55 749/683/55
f 772/712/492 745/696/492 744/695/492
f 744/695/55 770/700/55 773/711/55
f 773/711/55 771/715/55 772/712/55
f 769/713/55 770/700/55 743/693/55
f 743/693/55 755/4549/55 703/714/55
f 703/714/55 695/4550/55 773/711/55
f 769/713/55 743/693/55 703/714/55
f 773/711/55 695/4550/55 694/701/55
f 694/701/55 772/712/55 771/715/55
f 766/709/55 774/702/55 697/716/55
f 697/716/55 707/4551/55 776/717/55
f 747/687/55 745/696/55 772/712/55
f 767/710/55 766/709/55 776/717/55
f 787/721/56 799/736/56 798/719/56
f 798/719/56 807/745/56 786/720/56
f 784/722/56 790/725/56 803/747/56
f 803/747/56 785/737/56 788/723/56
f 788/723/56 780/729/56 781/724/56
f 784/722/56 803/747/56 788/723/56
f 802/727/56 790/725/56 781/724/56
f 781/724/56 782/730/56 796/726/56
f 796/726/56 800/741/56 802/727/56
f 782/730/56 793/746/56 795/731/56
f 792/4552/56 793/746/56 783/732/56
f 783/732/56 777/4553/56 778/733/56
f 778/733/56 791/766/56 794/734/56
f 794/734/58 792/4552/58 783/732/58
f 783/732/56 793/746/56 782/730/56
f 782/730/56 780/729/56 779/728/56
f 785/737/56 803/747/56 797/762/56
f 797/762/56 53/738/56 48/735/56
f 48/735/56 46/739/56 798/719/56
f 799/736/56 787/721/56 785/737/56
f 48/735/56 798/719/56 799/736/56
f 785/737/56 797/762/56 48/735/56
f 807/745/57 805/744/57 806/743/57
f 806/743/56 789/4554/56 786/720/56
f 793/746/56 792/4552/56 794/734/56
f 801/740/56 797/762/56 803/747/56
f 810/748/59 796/726/59 795/731/59
f 817/752/59 812/763/59 810/748/59
f 810/748/59 819/753/59 820/751/59
f 809/749/59 795/731/59 794/734/59
f 794/734/60 808/765/60 819/753/60
f 819/753/59 810/748/59 809/749/59
f 798/719/59 46/739/59 39/754/59
f 805/744/493 823/770/493 824/756/493
f 813/761/59 797/762/59 801/740/59
f 801/740/494 811/750/494 814/760/494
f 62/757/59 53/738/59 797/762/59
f 813/761/59 814/760/59 62/757/59
f 810/748/59 812/763/59 811/750/59
f 811/750/59 800/741/59 796/726/59
f 62/757/495 814/760/495 812/763/495
f 812/763/59 817/752/59 55/758/59
f 62/757/59 818/759/59 39/754/59
f 39/754/59 46/739/59 53/738/59
f 807/745/59 798/719/59 821/755/59
f 815/767/60 816/768/60 819/753/60
f 808/765/59 794/734/59 791/766/59
f 815/767/59 819/753/59 808/765/59
f 825/769/493 824/756/493 823/770/493
f 823/770/59 805/744/59 807/745/59
f 807/745/59 822/764/59 825/769/59
f 818/759/62 55/758/62 56/772/62
f 56/772/62 55/758/62 817/752/62
f 827/771/63 820/751/63 816/768/63
f 56/772/62 817/752/62 827/771/62
f 832/774/62 834/788/62 56/772/62
f 816/768/62 828/778/62 832/774/62
f 832/774/62 56/772/62 827/771/62
f 830/775/62 821/755/62 39/754/62
f 49/776/62 56/772/62 834/788/62
f 830/775/62 39/754/62 49/776/62
f 49/776/62 834/788/62 835/777/62
f 56/772/62 49/776/62 39/754/62
f 39/754/63 818/759/63 829/773/63
f 833/779/62 832/774/62 828/778/62
f 828/778/62 816/768/62 815/767/62
f 815/767/62 826/4555/62 833/779/62
f 830/775/62 835/777/62 836/780/62
f 836/780/496 831/781/496 822/764/496
f 822/764/62 821/755/62 830/775/62
f 836/780/62 837/786/62 825/769/62
f 825/769/62 822/764/62 831/781/62
f 838/782/64 783/4556/64 779/783/64
f 836/780/64 786/787/64 789/785/64
f 835/777/64 787/791/64 786/787/64
f 785/790/64 840/792/64 834/788/64
f 834/788/64 832/774/64 839/789/64
f 839/789/64 788/4557/64 785/790/64
f 839/789/64 832/774/64 833/779/64
f 833/779/64 777/4558/64 783/4556/64
f 833/779/64 783/4556/64 838/782/64
f 841/784/64 779/783/64 788/4557/64
f 833/779/64 838/782/64 841/784/64
f 841/784/64 788/4557/64 839/789/64
f 840/792/64 785/790/64 787/791/64
f 787/791/64 835/777/64 834/788/64
f 851/799/65 852/801/65 266/805/65
f 266/805/65 263/804/65 123/802/65
f 123/802/65 120/807/65 850/800/65
f 851/799/65 266/805/65 123/802/65
f 245/803/65 247/809/65 263/804/65
f 123/802/65 145/816/65 133/806/65
f 849/796/65 843/812/65 844/808/65
f 844/808/65 855/4559/65 247/809/65
f 247/809/65 245/803/65 847/798/65
f 848/797/65 849/796/65 844/808/65
f 247/809/65 847/798/65 848/797/65
f 854/813/65 853/4560/65 133/806/65
f 133/806/65 145/816/65 858/810/65
f 856/811/66 854/813/66 133/806/66
f 843/812/65 842/794/65 845/793/65
f 854/813/65 856/811/65 858/810/65
f 861/820/67 858/810/67 145/816/67
f 861/820/67 145/816/67 116/817/67
f 862/831/67 863/821/67 859/4561/67
f 247/809/67 855/4559/67 862/831/67
f 123/802/67 263/804/67 246/815/67
f 246/815/67 247/809/67 862/831/67
f 862/831/67 859/4561/67 860/818/67
f 865/4562/67 861/820/67 116/817/67
f 123/802/67 246/815/67 862/831/67
f 123/802/67 862/831/67 860/818/67
f 864/819/67 865/4562/67 116/817/67
f 116/817/67 123/802/67 860/818/67
f 860/818/67 859/4561/67 863/821/67
f 875/823/69 865/4562/69 864/819/69
f 874/822/69 873/4563/69 875/823/69
f 872/827/69 873/4563/69 874/822/69
f 874/822/69 864/819/69 863/821/69
f 866/826/69 871/825/69 872/827/69
f 872/827/69 863/821/69 862/831/69
f 869/829/69 867/828/69 868/824/69
f 866/826/69 872/827/69 862/831/69
f 869/829/69 868/824/69 866/826/69
f 842/833/497 868/824/497 867/828/497
f 867/828/70 877/834/70 846/832/70
f 843/838/70 871/825/70 868/824/70
f 872/827/70 879/4564/70 852/839/70
f 852/839/70 850/4565/70 876/840/70
f 876/840/70 873/4563/70 872/827/70
f 876/840/70 850/4565/70 120/842/70
f 121/841/70 133/843/70 853/4566/70
f 876/840/70 120/842/70 121/841/70
f 875/823/70 873/4563/70 876/840/70
f 121/841/70 853/4566/70 875/823/70
f 878/836/70 847/835/70 245/845/70
f 244/844/70 266/846/70 852/839/70
f 878/836/70 245/845/70 244/844/70
f 843/838/498 849/837/498 878/836/498
f 879/4564/70 872/827/70 871/825/70
f 244/844/70 852/839/70 879/4564/70
f 843/838/70 878/836/70 244/844/70
f 244/844/70 879/4564/70 871/825/70
f 882/849/72 881/848/72 238/4567/72
f 238/4567/72 251/854/72 885/850/72
f 885/850/72 883/4568/72 880/847/72
f 882/849/72 238/4567/72 885/850/72
f 265/851/72 884/4569/72 886/852/72
f 251/854/72 238/4567/72 265/851/72
f 887/856/73 885/850/73 251/854/73
f 250/855/73 258/853/73 886/852/73
f 887/856/73 251/854/73 250/855/73
f 886/852/73 888/4570/73 887/856/73
f 888/4570/74 890/869/74 257/862/74
f 249/860/499 248/861/499 878/858/499
f 888/4570/500 257/862/500 249/860/500
f 848/859/74 889/864/74 887/856/74
f 249/860/74 878/858/74 849/857/74
f 849/857/74 848/859/74 887/856/74
f 887/856/74 888/4570/74 249/860/74
f 847/865/76 878/858/76 248/861/76
f 248/861/76 238/871/76 881/867/76
f 891/863/76 880/866/76 883/4571/76
f 248/861/76 881/867/76 891/863/76
f 889/864/76 848/859/76 847/865/76
f 847/865/76 248/861/76 891/863/76
f 891/863/76 883/4571/76 889/864/76
f 265/868/76 257/862/76 890/869/76
f 238/871/76 248/861/76 257/862/76
f 301/874/77 302/4572/77 893/872/77
f 893/872/77 894/884/77 305/873/77
f 896/875/77 899/879/77 897/876/77
f 895/877/77 897/876/77 898/885/77
f 892/878/77 302/4572/77 301/874/77
f 301/874/77 305/873/77 899/879/77
f 301/874/77 899/879/77 896/875/77
f 895/877/77 898/885/77 892/878/77
f 301/874/77 896/875/77 895/877/77
f 899/879/78 305/873/78 314/880/78
f 897/876/78 899/879/78 902/881/78
f 903/883/78 314/880/78 305/873/78
f 898/885/78 897/876/78 901/882/78
f 902/881/79 314/880/79 306/887/79
f 286/889/79 290/891/79 306/887/79
f 306/887/79 314/880/79 903/883/79
f 907/888/79 905/892/79 901/882/79
f 905/892/79 906/4573/79 900/886/79
f 892/895/80 906/4573/80 905/892/80
f 892/895/80 905/892/80 909/896/80
f 303/894/80 302/4574/80 892/895/80
f 907/888/80 306/887/80 303/894/80
f 892/895/80 909/896/80 908/893/80
f 908/893/80 907/888/80 303/894/80
f 909/896/80 905/892/80 907/888/80
f 893/898/80 302/4574/80 303/894/80
f 303/894/80 306/887/80 290/891/80
f 290/891/80 292/897/80 893/898/80
f 912/899/81 520/917/81 519/902/81
f 519/902/81 470/923/81 471/903/81
f 471/903/81 910/916/81 914/901/81
f 913/900/81 912/899/81 519/902/81
f 471/903/81 914/901/81 913/900/81
f 928/906/81 921/4575/81 920/904/81
f 920/904/81 933/927/81 934/905/81
f 929/908/81 916/918/81 915/907/81
f 915/907/81 921/4575/81 928/906/81
f 928/906/81 934/905/81 929/908/81
f 918/911/81 917/4576/81 911/913/81
f 925/909/81 927/914/81 923/910/81
f 918/911/81 911/913/81 925/909/81
f 927/914/81 925/909/81 911/913/81
f 911/913/81 469/915/81 471/903/81
f 471/903/81 926/924/81 927/914/81
f 929/908/81 519/902/81 520/917/81
f 520/917/81 915/907/81 916/918/81
f 932/921/81 930/922/81 931/919/81
f 931/919/81 919/4577/81 922/920/81
f 930/922/81 933/927/81 920/904/81
f 920/904/81 919/4577/81 931/919/81
f 933/927/82 930/922/82 935/925/82
f 935/925/82 939/930/82 938/926/82
f 934/905/82 940/929/82 941/928/82
f 933/927/82 938/926/82 940/929/82
f 932/921/82 937/4578/82 939/930/82
f 935/925/82 930/922/82 932/921/82
f 942/933/82 926/924/82 470/923/82
f 942/933/82 470/923/82 472/931/82
f 481/932/82 945/959/82 942/933/82
f 923/910/82 955/941/82 953/934/82
f 514/935/82 481/932/82 472/931/82
f 472/931/82 470/923/82 519/902/82
f 514/935/82 519/902/82 929/908/82
f 942/933/82 945/959/82 944/948/82
f 943/936/82 956/945/82 936/942/82
f 942/933/82 944/948/82 943/936/82
f 927/914/82 926/924/82 942/933/82
f 943/936/82 936/942/82 927/914/82
f 950/939/82 954/961/82 952/940/82
f 948/937/82 955/941/82 949/938/82
f 950/939/82 952/940/82 948/937/82
f 952/940/82 953/934/82 955/941/82
f 955/941/82 923/910/82 927/914/82
f 936/942/82 956/945/82 951/943/82
f 955/941/501 927/914/501 936/942/501
f 947/944/82 950/939/82 949/938/82
f 949/938/82 955/941/82 936/942/82
f 951/943/82 947/944/82 949/938/82
f 947/944/82 951/943/82 956/945/82
f 943/936/82 944/948/82 946/946/82
f 957/947/83 946/946/83 944/948/83
f 945/959/83 481/932/83 479/950/83
f 479/950/83 962/977/83 964/951/83
f 964/951/83 950/939/83 947/944/83
f 961/960/83 957/947/83 963/952/83
f 964/951/83 947/944/83 961/960/83
f 963/952/83 945/959/83 479/950/83
f 964/951/83 961/960/83 963/952/83
f 938/926/83 939/930/83 959/953/83
f 959/953/83 939/930/83 937/4578/83
f 968/955/83 969/957/83 967/956/83
f 967/956/83 940/929/83 938/926/83
f 967/956/83 938/926/83 960/954/83
f 959/953/83 937/4578/83 968/955/83
f 967/956/83 960/954/83 959/953/83
f 966/958/83 941/928/83 940/929/83
f 940/929/83 967/956/83 969/957/83
f 969/957/83 965/967/83 966/958/83
f 963/952/83 957/947/83 958/949/83
f 958/949/83 944/948/83 945/959/83
f 946/946/83 957/947/83 961/960/83
f 512/962/83 514/935/83 941/928/83
f 966/958/83 965/967/83 512/962/83
f 481/932/83 514/935/83 512/962/83
f 919/963/84 920/4579/84 971/964/84
f 921/966/84 915/979/84 965/967/84
f 468/970/84 479/950/84 512/962/84
f 512/962/84 520/980/84 912/974/84
f 973/968/84 914/973/84 910/976/84
f 512/962/84 912/974/84 973/968/84
f 974/969/84 468/970/84 512/962/84
f 973/968/84 910/976/84 974/969/84
f 468/970/84 469/975/84 911/971/84
f 971/964/84 920/4579/84 921/966/84
f 921/966/84 969/957/84 968/955/84
f 968/955/84 922/4580/84 919/963/84
f 970/965/84 971/964/84 921/966/84
f 968/955/84 919/963/84 970/965/84
f 469/975/84 468/970/84 974/969/84
f 479/950/84 468/970/84 972/972/84
f 972/972/84 911/971/84 917/978/84
f 962/977/84 479/950/84 972/972/84
f 512/962/84 965/967/84 915/979/84
f 702/981/85 712/994/85 986/982/85
f 985/989/85 770/985/85 744/987/85
f 744/987/85 742/991/85 984/988/85
f 744/987/85 770/985/85 977/984/85
f 977/984/85 976/997/85 988/990/85
f 988/990/85 979/1011/85 742/991/85
f 744/987/85 977/984/85 988/990/85
f 980/992/85 979/1011/85 988/990/85
f 712/994/85 702/981/85 769/986/85
f 769/986/85 770/985/85 985/989/85
f 985/989/85 984/988/85 712/994/85
f 982/993/85 988/990/85 987/995/85
f 981/996/85 980/992/85 982/993/85
f 987/995/85 988/990/85 976/997/85
f 976/997/85 975/4581/85 983/998/85
f 983/998/85 981/996/85 987/995/85
f 1001/1000/86 986/982/86 712/994/86
f 712/994/86 714/1016/86 1002/999/86
f 994/1002/86 984/988/86 742/991/86
f 742/991/502 756/1005/502 996/1001/502
f 990/1004/86 981/996/86 983/998/86
f 983/998/86 992/1017/86 991/1003/86
f 999/1010/86 757/1007/86 746/1008/86
f 746/1008/86 762/1021/86 998/1009/86
f 757/1007/86 999/1010/86 996/1001/86
f 756/1005/86 742/991/86 979/1011/86
f 995/1012/86 996/1001/86 999/1010/86
f 999/1010/86 997/1013/86 709/1014/86
f 709/1014/86 714/1016/86 1000/1015/86
f 1000/1015/86 994/1002/86 995/1012/86
f 995/1012/86 999/1010/86 709/1014/86
f 990/1004/86 762/1021/86 746/1008/86
f 746/1008/86 757/1007/86 989/1006/86
f 989/1006/86 980/992/86 981/996/86
f 981/996/86 990/1004/86 746/1008/86
f 1000/1015/86 714/1016/86 712/994/86
f 984/988/86 994/1002/86 1000/1015/86
f 709/1014/89 699/1029/89 1010/1019/89
f 1010/1019/89 1011/1031/89 1002/999/89
f 762/1021/89 990/1004/89 1004/1022/89
f 998/1009/503 762/1021/503 763/1023/503
f 772/1025/89 1013/1035/89 1005/1024/89
f 1008/1028/89 698/1033/89 699/1029/89
f 1001/1000/89 1002/999/89 1011/1031/89
f 772/1025/89 763/1023/89 1004/1022/89
f 1004/1022/89 990/1004/89 991/1003/89
f 991/1003/89 1003/1020/89 1006/1034/89
f 1006/1034/89 1007/1026/89 772/1025/89
f 772/1025/89 1004/1022/89 991/1003/89
f 1013/1035/89 772/1025/89 771/1027/89
f 771/1027/89 1008/1028/89 1014/1030/89
f 1014/1030/89 699/1029/89 709/1014/89
f 709/1014/89 997/1013/89 1005/1024/89
f 1005/1024/89 1013/1035/89 1012/1036/89
f 1012/1036/89 1014/1030/89 709/1014/89
f 773/1037/90 1016/1044/90 1008/1028/90
f 1010/1019/90 698/1033/90 702/1038/90
f 978/1039/90 1009/1032/90 1011/1031/90
f 1017/1040/90 1010/1019/90 702/1038/90
f 978/1039/90 1011/1031/90 1017/1040/90
f 1006/1034/90 975/4582/90 976/1041/90
f 1015/1042/90 1007/1026/90 1006/1034/90
f 1015/1042/90 976/1041/90 977/1043/90
f 977/1043/90 773/1037/90 771/1027/90
f 771/1027/90 1007/1026/90 1015/1042/90
f 773/1037/90 769/1045/90 702/1038/90
f 702/1038/90 698/1033/90 1008/1028/90
f 1016/1044/90 773/1037/90 702/1038/90
f 1026/1046/91 1028/1054/91 1024/1047/91
f 1028/1054/91 1025/1053/91 1018/1049/91
f 1018/1049/91 1020/1051/91 1021/1050/91
f 1021/1050/91 1022/1052/91 1023/4583/91
f 1023/4583/91 1027/1058/91 1026/1046/91
f 1023/4583/91 1026/1046/91 1019/1048/91
f 1021/1050/91 1023/4583/91 1019/1048/91
f 1024/1047/91 1028/1054/91 1018/1049/91
f 1021/1050/91 1019/1048/91 1024/1047/91
f 1029/1055/93 1028/1054/93 1026/1046/93
f 1026/1046/93 1030/1061/93 1031/1056/93
f 1027/1058/93 1032/1067/93 268/1060/93
f 252/1057/93 253/1059/93 1030/1061/93
f 1027/1058/93 268/1060/93 252/1057/93
f 252/1057/93 1030/1061/93 1026/1046/93
f 1033/1063/94 1031/1056/94 1030/1061/94
f 1030/1061/94 1036/1065/94 1035/1062/94
f 1036/1065/94 1030/1061/94 253/1059/94
f 253/1059/94 254/1068/94 1034/1064/94
f 1034/1064/94 1033/1063/94 1035/1062/94
f 1036/1065/94 253/1059/94 1034/1064/94
f 1037/1066/94 259/1069/94 268/1060/94
f 254/1068/94 253/1059/94 268/1060/94
f 1038/1072/95 1020/1074/95 1018/4584/95
f 1018/4584/95 1034/1064/95 254/1068/95
f 255/1070/95 259/1069/95 1037/1066/95
f 1018/4584/95 254/1068/95 255/1070/95
f 1023/1071/95 1022/1073/95 1038/1072/95
f 1038/1072/95 1018/4584/95 255/1070/95
f 255/1070/95 1037/1066/95 1023/1071/95
f 315/1075/96 320/1078/96 1041/1076/96
f 294/1080/96 284/1091/96 320/1078/96
f 320/1078/96 315/1075/96 299/1079/96
f 1040/1081/96 379/1084/96 374/1082/96
f 294/1080/96 299/1079/96 370/1083/96
f 370/1083/504 374/1082/504 379/1084/504
f 379/1084/96 1046/1089/96 1043/1086/96
f 379/1084/96 1043/1086/96 1044/4585/96
f 294/1080/96 370/1083/96 379/1084/96
f 1045/1085/96 1042/1087/96 284/1091/96
f 379/1084/96 1044/4585/96 1045/1085/96
f 1045/1085/96 284/1091/96 294/1080/96
f 1045/1085/96 1044/4585/96 1043/1086/96
f 319/1088/97 320/1078/97 284/1091/97
f 284/1091/97 293/1094/97 1048/1092/97
f 1047/1090/97 1049/1095/97 1050/1093/97
f 1050/1093/97 1042/1087/97 1043/1086/97
f 293/1094/97 284/1091/97 1042/1087/97
f 1051/1097/98 1050/1093/98 1049/1095/98
f 1049/1095/98 1053/4586/98 1052/1096/98
f 1054/1099/98 1048/1092/98 293/1094/98
f 293/1094/98 295/1101/98 298/1098/98
f 365/1100/98 364/1102/98 298/1098/98
f 295/1101/98 293/1094/98 1050/1093/98
f 365/1100/98 298/1098/98 295/1101/98
f 1053/4586/98 372/1103/98 365/1100/98
f 1052/1096/98 1053/4586/98 365/1100/98
f 295/1101/98 1050/1093/98 1051/1097/98
f 1051/1097/98 1052/1096/98 365/1100/98
f 364/1102/98 365/1100/98 372/1103/98
f 312/1105/99 315/1108/99 1039/1106/99
f 315/1108/99 312/1105/99 313/1107/99
f 313/1107/99 1054/1099/99 298/1098/99
f 298/1098/99 299/1109/99 315/1108/99
f 362/1110/99 370/1112/99 299/1109/99
f 299/1109/99 298/1098/99 364/1102/99
f 370/1112/99 362/1110/99 364/1102/99
f 364/1102/99 1055/1104/99 1040/1111/99
f 1059/1113/100 1066/1126/100 1060/1114/100
f 1069/1118/100 1063/4587/100 1064/1116/100
f 1056/1117/100 1070/1127/100 1069/1118/100
f 662/1121/100 663/1120/100 1058/1115/100
f 1060/1114/100 1066/1126/100 1068/1122/100
f 662/1121/100 1058/1115/100 1060/1114/100
f 1062/1123/100 1061/1125/100 627/1129/100
f 680/1130/100 662/1121/100 1068/1122/100
f 1068/1122/100 1066/1126/100 1062/1123/100
f 1062/1123/100 627/1129/100 617/1124/100
f 617/1124/100 680/1130/100 1068/1122/100
f 1061/1125/100 1062/1123/100 1066/1126/100
f 662/1121/100 680/1130/100 1070/1127/100
f 1070/1127/505 1056/1117/505 1064/1116/505
f 1064/1116/100 1065/1119/100 662/1121/100
f 1057/1128/100 1067/1133/100 617/1124/100
f 680/1130/101 677/1143/101 1075/1131/101
f 623/1132/101 617/1124/101 1067/1133/101
f 1073/1137/101 677/1143/101 680/1130/101
f 617/1124/101 623/1132/101 1074/1136/101
f 1071/1135/101 1073/1137/101 680/1130/101
f 617/1124/101 1074/1136/101 1071/1135/101
f 1069/1118/101 1070/1127/101 1075/1131/101
f 1074/1136/102 623/1132/102 624/1139/102
f 624/1139/102 638/4588/102 1084/1140/102
f 1077/1141/102 1074/1136/102 624/1139/102
f 1079/1144/102 1076/1138/102 1075/1131/102
f 1081/1146/102 661/1153/102 667/1147/102
f 1083/1149/102 638/4588/102 624/1139/102
f 624/1139/102 623/1132/102 1072/1134/102
f 1080/1150/102 1086/1152/102 1085/1145/102
f 1085/1145/102 1075/1131/102 677/1143/102
f 677/1143/102 678/1142/102 1080/1150/102
f 678/1142/102 667/1147/102 1078/1151/102
f 1078/1151/102 1087/1154/102 1086/1152/102
f 1086/1152/102 1080/1150/102 678/1142/102
f 1078/1151/102 667/1147/102 661/1153/102
f 1082/1148/102 667/1147/102 678/1142/102
f 678/1142/102 1073/1137/102 1074/1136/102
f 1074/1136/102 1077/1141/102 1084/1140/102
f 1084/1140/102 1081/1146/102 1082/1148/102
f 1082/1148/102 678/1142/102 1074/1136/102
f 1085/1145/103 1064/1156/103 1063/1155/103
f 1063/1155/458 1090/4589/458 1079/1144/458
f 1089/1157/103 1065/1164/103 1064/1156/103
f 1085/1145/103 1086/1152/103 1089/1157/103
f 1084/1140/103 638/4588/103 625/1161/103
f 625/1161/103 627/1166/103 1061/1159/103
f 1061/1159/103 1091/1158/103 1088/1162/103
f 1088/1162/103 1084/1140/103 625/1161/103
f 1084/1140/103 1088/1162/103 1091/1158/103
f 1065/1164/103 1089/1157/103 1086/1152/103
f 1086/1152/103 1087/1154/103 666/1163/103
f 666/1163/103 663/1167/103 1065/1164/103
f 1058/1165/103 666/1163/103 661/1153/103
f 661/1153/103 1081/1146/103 1091/1158/103
f 1091/1158/103 1059/1160/103 1058/1165/103
f 625/1161/103 638/4588/103 1083/1149/103
f 1083/1149/103 1057/4590/103 627/1166/103
f 1095/1168/104 1092/4591/104 1093/1169/104
f 1096/1174/506 1097/1173/506 1099/1172/506
f 1099/1172/106 1095/1168/106 1094/1170/106
f 1096/1174/107 1103/4592/107 1104/1175/107
f 1102/1178/107 1100/1177/107 1098/1171/107
f 1098/1171/107 1097/1173/107 1104/1175/107
f 1105/1180/108 1104/1175/108 1103/4592/108
f 1103/4592/108 1093/4593/108 1092/1179/108
f 1092/1179/108 1101/1176/108 1102/1178/108
f 1105/1180/507 1103/4592/507 1092/1179/507
f 176/1186/109 224/1196/109 1118/1187/109
f 1110/1191/109 1109/1192/109 1115/1189/109
f 1115/1189/109 1117/1204/109 1116/1190/109
f 1116/1190/109 1112/1197/109 1110/1191/109
f 1109/1192/109 1110/1191/109 189/1184/109
f 189/1184/109 198/1183/109 1119/1182/109
f 1119/1182/109 1115/1189/109 1109/1192/109
f 1113/1195/109 1114/1199/109 190/1181/109
f 190/1181/109 198/1183/109 1108/1185/109
f 1108/1185/109 1107/1193/109 1113/1195/109
f 1116/1190/109 1117/1204/109 224/1196/109
f 224/1196/109 176/1186/109 174/1188/109
f 174/1188/109 1111/4594/109 1112/1197/109
f 1112/1197/109 1116/1190/109 224/1196/109
f 191/1198/110 190/1181/110 1114/1199/110
f 1114/1199/110 1121/4595/110 1122/1200/110
f 1122/1200/110 203/1201/110 191/1198/110
f 190/1181/110 191/1198/110 203/1201/110
f 1126/1203/110 1118/1187/110 224/1196/110
f 224/1196/508 222/1208/508 214/1202/508
f 214/1202/110 215/1210/110 1126/1203/110
f 1124/1206/110 1120/1209/110 1117/1204/110
f 1117/1204/110 1115/1189/110 1125/1205/110
f 1125/1205/110 1123/1219/110 1124/1206/110
f 203/1201/110 202/1207/110 1123/1219/110
f 1125/1205/110 1115/1189/110 1119/1182/110
f 203/1201/110 1123/1219/110 1125/1205/110
f 1124/1206/110 215/1210/110 214/1202/110
f 1124/1206/110 214/1202/110 222/1208/110
f 224/1196/110 1117/1204/110 1120/1209/110
f 1120/1209/110 1124/1206/110 222/1208/110
f 1134/1213/111 217/1211/111 215/1210/111
f 215/1210/111 1124/1206/111 1130/1212/111
f 1130/1212/111 1123/1219/111 202/1207/111
f 202/1207/111 205/4596/111 1134/1213/111
f 1134/1213/111 215/1210/111 1130/1212/111
f 1128/1214/111 1132/4597/111 1133/1215/111
f 1133/1215/111 205/4596/111 202/1207/111
f 202/1207/111 1122/1200/111 1128/1214/111
f 1129/1216/111 1127/1218/111 1132/4597/111
f 1132/4597/111 1128/1214/111 1122/1200/111
f 1122/1200/111 1121/4595/111 1131/1217/111
f 1129/1216/111 1132/4597/111 1122/1200/111
f 1134/1213/112 205/4596/112 196/1220/112
f 196/1220/112 189/4598/112 1110/1225/112
f 1137/1221/112 1112/1226/112 1111/4599/112
f 196/1220/112 1110/1225/112 1137/1221/112
f 1137/1221/112 1111/4599/112 1134/1213/112
f 196/1220/112 205/4596/112 1133/1215/112
f 1106/4600/112 1107/1223/112 1135/1224/112
f 1136/1222/112 1108/4601/112 189/4598/112
f 1133/1215/112 1106/4600/112 1135/1224/112
f 1136/1222/112 189/4598/112 196/1220/112
f 1133/1215/112 1135/1224/112 1136/1222/112
f 1107/1223/112 1108/4601/112 1136/1222/112
f 1140/1229/113 1138/1233/113 1139/1227/113
f 1139/1227/113 1146/1234/113 1148/1228/113
f 1148/1228/113 1149/1238/113 1140/1229/113
f 1147/1230/113 1152/1243/113 1153/1231/113
f 1138/1233/113 1144/1236/113 1146/1234/113
f 1146/1234/509 1141/1237/509 1142/1235/509
f 1142/1235/113 1151/4602/113 1152/1243/113
f 1142/1235/113 1152/1243/113 1147/1230/113
f 1148/1228/113 1146/1234/113 1142/1235/113
f 1143/1232/113 1153/1231/113 1148/1228/113
f 1142/1235/113 1147/1230/113 1143/1232/113
f 1149/1238/113 1150/4603/113 1145/1239/113
f 1159/4604/114 1150/4603/114 1149/1238/114
f 1159/4604/114 1149/1238/114 1157/1241/114
f 1154/1244/114 1152/1243/114 1151/4602/114
f 1148/1228/114 1153/1231/114 1155/1242/114
f 1154/1244/114 1151/4602/114 1158/1240/114
f 1156/1245/114 1148/1228/114 1155/1242/114
f 1155/1242/114 1154/1244/114 1158/1240/114
f 1158/1240/114 1159/4604/114 1157/1241/114
f 1157/1241/114 1156/1245/114 1155/1242/114
f 1155/1242/114 1153/1231/114 1152/1243/114
f 1157/1241/114 1149/1238/114 1148/1228/114
f 1162/1246/115 1163/1253/115 1161/1247/115
f 1167/1260/115 1159/4604/115 1158/1240/115
f 1158/1240/115 1168/4605/115 1163/1253/115
f 1158/1240/115 1163/1253/115 1162/1246/115
f 1166/1250/115 1164/1249/115 1167/1260/115
f 1161/1247/510 1165/1251/510 1166/1250/510
f 1158/1240/115 1162/1246/115 1160/1248/115
f 1160/1248/115 1161/1247/115 1166/1250/115
f 1166/1250/115 1167/1260/115 1158/1240/115
f 1169/1252/116 1161/1247/116 1163/1253/116
f 1142/1255/116 1141/1262/116 1173/1258/116
f 1171/1256/116 1165/1251/116 1161/1247/116
f 1142/1255/116 1173/1258/116 1171/1256/116
f 1163/1253/116 1168/4605/116 1142/1255/116
f 1170/1254/116 1163/1253/116 1142/1255/116
f 1171/1256/116 1161/1247/116 1169/1252/116
f 1169/1252/116 1170/1254/116 1142/1255/116
f 1172/1257/116 1138/4606/116 1140/1259/116
f 1140/1259/116 1164/1249/116 1165/1251/116
f 1165/1251/116 1171/1256/116 1173/1258/116
f 1172/1257/116 1140/1259/116 1165/1251/116
f 1140/1259/116 1145/4607/116 1167/1260/116
f 1144/1261/116 1138/4606/116 1172/1257/116
f 1177/1265/511 1178/4608/511 1175/1263/511
f 1175/1263/117 1176/1269/117 1182/1264/117
f 1182/1264/512 1187/1281/512 1177/1265/512
f 111/1268/117 119/1290/117 1179/1266/117
f 1179/1266/117 1181/4609/117 1180/1267/117
f 1189/1271/513 1187/1281/513 1182/1264/513
f 1176/1269/117 1175/1263/117 153/1270/117
f 1189/1271/117 1182/1264/117 1176/1269/117
f 153/1270/117 154/1285/117 1189/1271/117
f 1185/4610/117 1139/1273/117 1138/1275/117
f 1138/1275/117 1172/1274/117 1183/1279/117
f 1186/1280/117 1185/4610/117 1138/1275/117
f 1187/1281/117 111/1268/117 107/1272/117
f 107/1272/514 1178/4608/514 1177/1265/514
f 282/1276/117 276/1278/117 1185/4610/117
f 1186/1280/117 1183/1279/117 879/1286/117
f 282/1276/117 1185/4610/117 1186/1280/117
f 851/1283/117 1190/1302/117 282/1276/117
f 1186/1280/117 879/1286/117 852/1282/117
f 851/1283/117 282/1276/117 1186/1280/117
f 153/1270/117 1174/4611/117 1188/1284/117
f 859/1287/117 860/4612/117 851/1283/117
f 851/1283/117 852/1282/117 879/1286/117
f 1179/1266/117 119/1290/117 114/1289/117
f 114/1289/117 860/4612/117 859/1287/117
f 859/1287/117 1181/4609/117 1179/1266/117
f 119/1290/117 111/1268/117 1187/1281/117
f 1187/1281/117 1189/1271/117 1191/1288/117
f 1193/1291/118 1192/4613/118 1196/1292/118
f 876/1299/118 850/1300/118 851/1283/118
f 851/1283/118 860/4612/118 864/1298/118
f 864/1298/118 874/1311/118 876/1299/118
f 1190/1302/118 851/1283/118 850/1300/118
f 850/1300/118 876/1299/118 1203/1301/118
f 154/1285/118 143/4614/118 136/1303/118
f 143/4614/118 154/1285/118 1188/1284/118
f 1188/1284/118 1192/4613/118 1193/1291/118
f 1194/1293/118 1196/1292/118 1199/1318/118
f 1188/1284/118 1193/1291/118 1194/1293/118
f 136/1303/118 143/4614/118 1188/1284/118
f 1198/1297/118 1202/1306/118 136/1303/118
f 1199/1318/118 1197/1296/118 1195/1295/118
f 1195/1295/118 1198/1297/118 136/1303/118
f 136/1303/118 1188/1284/118 1194/1293/118
f 1194/1293/118 1199/1318/118 1195/1295/118
f 136/1303/118 117/1305/118 118/1294/118
f 118/1294/118 1191/1288/118 1189/1271/118
f 1200/1321/118 874/1311/118 864/1298/118
f 864/1298/118 860/4612/118 114/1289/118
f 114/1289/118 118/1294/118 1201/1304/118
f 1201/1304/118 1200/1321/118 864/1298/118
f 1202/1306/118 1200/1321/118 1201/1304/118
f 1201/1304/118 118/1294/118 117/1305/118
f 117/1305/118 136/1303/118 1202/1306/118
f 1203/1301/119 876/1299/119 873/1310/119
f 873/1310/119 874/1311/119 1200/1321/119
f 1215/1312/119 274/1308/119 278/1307/119
f 278/1307/119 1203/1301/119 873/1310/119
f 873/1310/119 1200/1321/119 1215/1312/119
f 1204/1317/119 1197/1296/119 1199/1318/119
f 1199/1318/119 1205/1314/119 1210/1316/119
f 1210/1316/119 1211/1324/119 1204/1317/119
f 1212/1319/119 1207/1322/119 1206/1313/119
f 1213/1323/119 1215/1312/119 1200/1321/119
f 1200/1321/119 1202/1306/119 1206/1313/119
f 1207/1322/119 1212/1319/119 1213/1323/119
f 1200/1321/119 1206/1313/119 1207/1322/119
f 1211/1324/119 1216/1325/119 1212/1319/119
f 1208/1320/119 1206/1313/119 1198/1297/119
f 1211/1324/119 1212/1319/119 1208/1320/119
f 1197/1296/119 1204/1317/119 1211/1324/119
f 1208/1320/119 1198/1297/119 1197/1296/119
f 140/1326/120 144/1336/120 1210/1316/120
f 1210/1316/120 1209/1315/120 1217/1327/120
f 1217/1327/120 1221/1341/120 152/1328/120
f 140/1326/120 1210/1316/120 1217/1327/120
f 859/1329/120 879/4615/120 872/1330/120
f 275/1332/120 276/4616/120 1184/1333/120
f 1184/1333/120 1214/1309/120 274/1308/120
f 1211/1324/120 130/1338/120 124/1334/120
f 124/1334/120 106/1350/120 1219/1335/120
f 1219/1335/120 1216/1325/120 1211/1324/120
f 152/1328/120 1220/1339/120 144/1336/120
f 1220/1339/120 152/1328/120 153/1337/120
f 153/1337/120 1175/1351/120 130/1338/120
f 130/1338/120 144/1336/120 1220/1339/120
f 144/1336/120 130/1338/120 1211/1324/120
f 1221/1341/120 1217/1327/120 1174/1340/120
f 153/1337/120 152/1328/120 1221/1341/120
f 1181/1343/120 1215/1312/120 1213/1323/120
f 1213/1323/120 1219/1335/120 1218/1342/120
f 1218/1342/120 1180/4617/120 1181/1343/120
f 1139/1344/120 1185/4618/120 1222/1345/120
f 1146/1346/515 1173/1348/515 1172/1347/515
f 1175/1351/120 1178/1354/120 106/1350/120
f 106/1350/120 124/1334/120 130/1338/120
f 879/4615/120 1183/1349/120 1173/1348/120
f 1141/1352/120 1146/1346/120 1222/1345/120
f 879/4615/120 1173/1348/120 1141/1352/120
f 872/1330/120 879/4615/120 1141/1352/120
f 1222/1345/120 1185/4618/120 276/4616/120
f 872/1330/120 1141/1352/120 1222/1345/120
f 1181/1343/120 859/1329/120 863/1331/120
f 872/1330/120 1222/1345/120 276/4616/120
f 1181/1343/120 863/1331/120 872/1330/120
f 276/4616/463 275/1332/463 274/1308/463
f 1215/1312/120 1181/1343/120 872/1330/120
f 872/1330/120 276/4616/120 274/1308/120
f 1219/1335/120 106/1350/120 107/1353/120
f 107/1353/120 1180/4617/120 1218/1342/120
f 1224/4619/121 1223/1370/121 1236/1371/121
f 1239/1355/121 1225/4620/121 1226/1372/121
f 1234/1357/121 1224/4619/121 1236/1371/121
f 1239/1355/121 1226/1372/121 1237/1356/121
f 1234/1357/121 1236/1371/121 1239/1355/121
f 1237/1356/121 1235/4621/121 1234/1357/121
f 1228/1360/121 1227/4622/121 1246/1366/121
f 1241/1358/121 1242/1383/121 1238/1373/121
f 1228/1360/121 1246/1366/121 1241/1358/121
f 1241/1358/121 1238/1373/121 1243/1359/121
f 486/1361/121 483/1375/121 1245/1362/121
f 1230/1364/121 1244/1376/121 1240/1365/121
f 1232/1367/121 341/1378/121 350/1368/121
f 1223/1370/121 1225/4620/121 1239/1355/121
f 1238/1373/121 1237/1356/121 1226/1372/121
f 1226/1372/121 1228/1360/121 1243/1359/121
f 486/1361/121 522/4623/121 527/1374/121
f 1230/1364/121 1246/1366/121 1227/4622/121
f 1229/1363/121 1245/1362/121 1244/1376/121
f 1230/1364/121 1227/4622/121 1229/1363/121
f 1248/1377/121 1231/1382/121 1232/1367/121
f 341/1378/121 377/4624/121 378/1379/121
f 378/1379/121 377/4624/121 1233/1380/121
f 527/1374/121 522/4623/121 1231/1382/121
f 1246/1366/121 1240/1365/121 1242/1383/121
f 1248/1377/122 1247/1369/122 1255/1384/122
f 1255/1384/122 1257/1411/122 1256/1385/122
f 1255/1384/122 1247/1369/122 350/1368/122
f 350/1368/122 351/1396/122 438/1398/122
f 385/1386/122 386/1399/122 1257/1411/122
f 350/1368/122 438/1398/122 385/1386/122
f 385/1386/122 1257/1411/122 1255/1384/122
f 1250/1403/122 1238/1373/122 1242/1383/122
f 1265/1388/122 1235/4621/122 1237/1356/122
f 1263/1389/122 1250/1403/122 1242/1383/122
f 1265/1388/122 1237/1356/122 1263/1389/122
f 1263/1389/122 1242/1383/122 1264/1387/122
f 1258/1392/122 1245/1362/122 483/1375/122
f 1258/1392/122 483/1375/122 473/4625/122
f 1261/1391/122 1260/1405/122 1258/1392/122
f 474/1390/122 475/1407/122 1261/1391/122
f 1258/1392/122 473/4625/122 474/1390/122
f 351/1396/122 350/1368/122 378/1379/122
f 369/1397/122 378/1379/122 1249/1381/122
f 1249/1381/122 1252/1422/122 1251/1394/122
f 1253/1393/122 1254/1395/122 369/1397/122
f 1249/1381/122 1251/1394/122 1253/1393/122
f 527/1374/122 444/1401/122 464/1400/122
f 464/1400/122 475/1407/122 474/1390/122
f 474/1390/516 473/4625/516 483/1375/516
f 483/1375/122 527/1374/122 464/1400/122
f 444/1401/122 527/1374/122 1248/1377/122
f 1256/1385/122 464/1400/122 444/1401/122
f 1259/1402/122 1244/1376/122 1245/1362/122
f 1258/1392/122 1260/1405/122 1259/1402/122
f 1263/1389/122 1237/1356/122 1238/1373/122
f 1262/1404/122 1260/1405/122 1261/1391/122
f 1261/1391/122 1264/1387/122 1242/1383/122
f 1242/1383/122 1240/1365/122 1262/1404/122
f 1262/1404/122 1240/1365/122 1244/1376/122
f 1244/1376/122 1259/1402/122 1260/1405/122
f 464/1400/124 446/1415/124 477/1406/124
f 1273/1409/124 1261/1391/124 475/1407/124
f 475/1407/124 477/1406/124 1274/1408/124
f 1264/1387/124 1261/1391/124 1273/1409/124
f 1273/1409/124 1274/1408/124 1271/1410/124
f 1271/1410/124 1270/1428/124 1264/1387/124
f 1257/1411/124 386/1399/124 398/1412/124
f 446/1415/124 464/1400/124 1256/1385/124
f 1269/1417/124 1267/4626/124 1275/1418/124
f 398/1412/124 386/1399/124 438/1398/124
f 1278/1421/124 371/1424/124 369/1397/124
f 369/1397/124 1254/1395/124 1266/1414/124
f 1266/1414/124 1251/1394/124 1252/1422/124
f 1278/1421/124 369/1397/124 1266/1414/124
f 354/1423/124 351/1396/124 369/1397/124
f 1280/1426/124 437/1420/124 438/1398/124
f 438/1398/124 351/1396/124 354/1423/124
f 354/1423/124 1279/1425/124 1277/1427/124
f 1277/1427/124 1280/1426/124 438/1398/124
f 1256/1385/124 1257/1411/124 1276/1413/124
f 1275/1418/124 1265/1388/124 1264/1387/124
f 1270/1428/124 1271/1410/124 1269/1417/124
f 1268/1419/124 1275/1418/124 1264/1387/124
f 1270/1428/124 1269/1417/124 1268/1419/124
f 1283/4627/125 1276/1413/125 398/1412/125
f 384/1430/125 437/1420/125 1280/1426/125
f 1283/4627/125 398/1412/125 384/1430/125
f 354/1423/517 353/1436/517 339/1431/517
f 1281/1429/125 1279/1425/125 354/1423/125
f 384/1430/125 1280/1426/125 1281/1429/125
f 1232/4628/125 1283/4627/125 384/1430/125
f 1281/1429/125 354/1423/125 339/1431/125
f 341/1432/125 1232/4628/125 384/1430/125
f 384/1430/125 1281/1429/125 339/1431/125
f 486/1434/125 477/1406/125 446/1415/125
f 446/1415/125 445/1451/125 522/1433/125
f 1274/1408/125 1288/1442/125 1287/1435/125
f 377/1438/125 341/1432/125 339/1431/125
f 353/1436/125 354/1423/125 371/1424/125
f 377/1438/125 339/1431/125 353/1436/125
f 353/1436/125 371/1424/125 373/1437/125
f 1233/1439/125 377/1438/125 373/1437/125
f 373/1437/125 371/1424/125 1278/1421/125
f 1283/4627/125 1232/4628/125 1231/1440/125
f 1231/1440/518 1284/1450/518 1282/1441/518
f 1282/1441/125 1272/1416/125 1276/1413/125
f 1276/1413/125 1283/4627/125 1231/1440/125
f 1227/4629/125 1228/1448/125 1290/1444/125
f 1290/1444/125 1226/1449/125 1225/1447/125
f 1225/1447/125 1269/1417/125 1271/1410/125
f 1271/1410/125 1287/1435/125 1289/1445/125
f 1289/1445/125 1227/4629/125 1290/1444/125
f 1290/1444/125 1225/1447/125 1271/1410/125
f 1225/1447/125 1223/1455/125 1292/1446/125
f 1292/1446/125 1267/4626/125 1269/1417/125
f 1284/1450/125 1231/1440/125 522/1433/125
f 445/1451/125 446/1415/125 1272/1416/125
f 1284/1450/125 522/1433/125 445/1451/125
f 1272/1416/519 1282/1441/519 1284/1450/519
f 1288/1442/125 1285/1453/125 1229/1452/125
f 1229/1452/125 1227/4629/125 1289/1445/125
f 1289/1445/125 1287/1435/125 1286/1443/125
f 1286/1443/125 1288/1442/125 1229/1452/125
f 1288/1442/125 1274/1408/125 477/1406/125
f 477/1406/125 486/1434/125 1229/1452/125
f 1285/1453/125 1288/1442/125 477/1406/125
f 1224/1454/125 1291/4630/125 1292/1446/125
f 1295/1459/126 1298/1466/126 1301/1460/126
f 1302/1461/126 1293/4631/126 1294/1462/126
f 1294/1462/126 1299/1464/126 1300/1456/126
f 1296/1458/126 1297/1457/126 1298/1466/126
f 1294/1462/126 1300/1456/126 1296/1458/126
f 1295/1459/126 1302/1461/126 1294/1462/126
f 1296/1458/126 1298/1466/126 1295/1459/126
f 1303/1463/127 1300/1456/127 1299/1464/127
f 1304/1465/127 1305/1469/127 1303/1463/127
f 1298/1466/127 1297/1457/127 1307/1467/127
f 1305/1469/127 1307/1467/127 1297/1457/127
f 1297/1457/127 1300/1456/127 1303/1463/127
f 1310/1471/127 1301/1460/127 1298/1466/127
f 1298/1466/127 1306/1468/127 1308/1470/127
f 1314/1475/128 1311/1473/128 1308/1470/128
f 1308/1470/128 1306/1468/128 1313/1474/128
f 1315/1479/128 1320/1484/128 1312/1476/128
f 1312/1476/128 1305/1469/128 1304/1465/128
f 1304/1465/128 1317/4632/128 1316/1477/128
f 1316/1477/128 1315/1479/128 1312/1476/128
f 1316/1477/128 1318/1480/128 1321/1478/128
f 1321/1478/128 1320/1484/128 1315/1479/128
f 1322/1481/128 1323/1483/128 1307/1467/128
f 1307/1467/128 1305/1469/128 1312/1476/128
f 1312/1476/128 1320/1484/128 1319/1482/128
f 1319/1482/128 1321/1478/128 1322/1481/128
f 1307/1467/128 1312/1476/128 1319/1482/128
f 1306/1468/128 1307/1467/128 1323/1483/128
f 1293/1488/129 1327/1489/129 1326/1490/129
f 1326/1490/129 1313/1474/129 1323/1483/129
f 1325/1485/129 1322/1481/129 1318/1480/129
f 1326/1490/129 1323/1483/129 1325/1485/129
f 1316/1477/129 1317/4632/129 1294/1487/129
f 1324/1491/129 1316/1477/129 1294/1487/129
f 1293/1488/129 1326/1490/129 1325/1485/129
f 1325/1485/129 1318/1480/129 1328/1486/129
f 1328/1486/129 1324/1491/129 1294/1487/129
f 1293/1488/129 1325/1485/129 1328/1486/129
f 1327/1489/129 1314/1475/129 1313/1474/129
f 1328/1486/129 1318/1480/129 1316/1477/129
f 1335/1500/132 1339/1510/132 655/1497/132
f 656/1496/520 669/1498/520 1340/1499/520
f 1335/1500/132 655/1497/132 656/1496/132
f 1340/1499/132 1334/1501/132 1335/1500/132
f 1336/1503/132 1338/1506/132 1339/1510/132
f 1336/1503/132 1339/1510/132 1335/1500/132
f 1340/1499/132 1337/1511/132 1333/1502/132
f 1336/1503/132 1335/1500/132 1334/1501/132
f 1334/1501/132 1340/1499/132 1333/1502/132
f 669/1498/133 664/1513/133 1343/1504/133
f 1341/1507/133 646/1516/133 658/1505/133
f 658/1505/521 1339/1510/521 1338/1506/521
f 658/1505/133 646/1516/133 1344/1508/133
f 1344/1508/133 1346/1518/133 1345/1509/133
f 1337/1511/133 1340/1499/133 1343/1504/133
f 658/1505/133 1345/1509/133 664/1513/133
f 664/1513/133 669/1498/133 655/1497/133
f 1348/1515/133 1347/1520/133 632/1517/133
f 633/1514/133 646/1516/133 1341/1507/133
f 1348/1515/133 632/1517/133 633/1514/133
f 1346/1518/133 1344/1508/133 646/1516/133
f 646/1516/133 633/1514/133 632/1517/133
f 1342/1512/135 1343/1504/135 1354/1521/135
f 1354/1521/135 1358/1531/135 1357/1522/135
f 1352/1523/135 1342/1512/135 1354/1521/135
f 631/1527/135 644/1525/135 1346/1518/135
f 1349/1519/135 1355/1535/135 1356/1528/135
f 644/1525/135 657/1524/135 1345/1509/135
f 1345/1509/135 657/1524/135 651/1529/135
f 1358/1531/135 1354/1521/135 1343/1504/135
f 1343/1504/135 664/1513/135 651/1529/135
f 651/1529/135 657/1524/135 1351/1526/135
f 651/1529/136 1351/1526/136 1350/1530/136
f 1358/1531/135 1343/1504/135 651/1529/135
f 1353/1532/135 1358/1531/135 1350/1530/135
f 1357/1522/135 1358/1531/135 1353/1532/135
f 1353/1532/135 1351/1526/135 644/1525/135
f 631/1527/135 632/1517/135 1347/1520/135
f 1353/1532/135 644/1525/135 631/1527/135
f 1356/1528/135 1357/1522/135 1353/1532/135
f 631/1527/135 1347/1520/135 1356/1528/135
f 1336/1533/137 1333/4633/137 1352/1523/137
f 1352/1523/137 1357/1522/137 1360/1534/137
f 1359/4634/137 1356/1528/137 1355/1535/137
f 1336/1533/137 1352/1523/137 1360/1534/137
f 1360/1534/137 1359/4634/137 1355/1535/137
f 1356/1528/137 1359/4634/137 1360/1534/137
f 1367/1538/138 1361/4635/138 723/1536/138
f 723/1536/522 730/1540/522 1368/1537/522
f 1363/1542/138 1369/1545/138 731/1541/138
f 731/1541/523 730/1540/523 1362/1539/523
f 1369/1545/138 1363/1542/138 774/1543/138
f 774/1543/138 766/1550/138 1365/1544/138
f 766/1550/138 774/1543/138 1364/1546/138
f 1364/1546/138 1371/1561/138 1370/1547/138
f 1366/1548/138 766/1550/138 1364/1546/138
f 767/1549/138 766/1550/138 1366/1548/138
f 1379/1552/140 1368/1537/140 731/1541/140
f 731/1541/140 734/1559/140 1376/1551/140
f 1376/1551/140 1378/1564/140 1379/1552/140
f 1372/1555/140 1369/1545/140 1365/1544/140
f 1373/1553/140 1374/1557/140 727/1554/140
f 1372/1555/140 1365/1544/140 1373/1553/140
f 727/1554/140 734/1559/140 1372/1555/140
f 1365/1544/140 767/1549/140 768/1556/140
f 768/1556/140 1375/4636/140 1374/1557/140
f 1374/1557/140 1373/1553/140 1365/1544/140
f 1379/1552/140 1378/1564/140 1377/1558/140
f 1377/1558/140 1367/1538/140 1368/1537/140
f 734/1559/140 731/1541/140 1369/1545/140
f 768/1556/140 767/1549/140 1370/1547/140
f 1381/1562/142 1386/1565/142 1385/1563/142
f 1385/1563/142 1377/1558/142 1378/1564/142
f 1381/1562/142 1378/1564/142 1376/1551/142
f 1376/1551/142 1387/1572/142 1386/1565/142
f 722/1566/142 1387/1572/142 1376/1551/142
f 1374/1557/142 1375/4636/142 1383/1567/142
f 1382/1568/142 1383/1567/142 706/1570/142
f 706/1570/142 708/1569/142 722/1566/142
f 722/1566/142 727/1554/142 1374/1557/142
f 1382/1568/142 706/1570/142 722/1566/142
f 725/1573/144 722/1566/144 708/1569/144
f 708/1569/144 697/1577/144 774/1574/144
f 774/1574/144 1363/1579/144 1388/1575/144
f 1388/1575/144 725/1573/144 708/1569/144
f 724/1576/144 1386/1565/144 1387/1572/144
f 1364/1578/144 774/1574/144 697/1577/144
f 697/1577/144 708/1569/144 1384/1571/144
f 1362/1580/144 724/1576/144 725/1573/144
f 725/1573/144 1388/1575/144 1363/1579/144
f 724/1576/144 723/1582/144 1361/1581/144
f 1361/1581/144 1385/1563/144 1386/1565/144
f 1391/1583/145 1392/4637/145 1390/1584/145
f 1399/1586/146 1395/1591/146 1394/1587/146
f 1394/1587/146 1401/1597/146 1398/1588/146
f 1397/1589/146 1400/1592/146 1396/1590/146
f 1396/1590/146 1392/4637/146 1391/1583/146
f 1391/1583/146 1393/4638/146 1397/1589/146
f 1398/1588/146 1400/1592/146 1397/1589/146
f 1397/1589/146 1393/4638/146 1395/1591/146
f 1395/1591/146 1399/1586/146 1398/1588/146
f 1405/1594/147 1402/1595/147 1400/1592/147
f 1400/1592/147 1398/1588/147 1403/1593/147
f 1403/1593/147 1406/1598/147 1405/1594/147
f 1404/1596/147 1396/1590/147 1400/1592/147
f 1402/1595/147 1405/1594/147 1404/1596/147
f 1403/1593/147 1398/1588/147 1401/1597/147
f 1401/1597/147 1407/4639/147 1406/1598/147
f 1390/1601/148 1404/1596/148 1405/1594/148
f 1408/1599/148 1406/1598/148 1407/4639/148
f 1390/1601/148 1405/1594/148 1408/1599/148
f 1409/1600/148 1389/4640/148 1390/1601/148
f 1408/1599/148 1407/4639/148 1409/1600/148
f 1419/1609/151 1420/1613/151 1416/1610/151
f 1418/1608/151 1422/1614/151 1421/1612/151
f 1421/1612/151 1416/1610/151 1420/1613/151
f 1420/1613/151 1419/1609/151 1414/1606/151
f 1414/1606/151 1418/1608/151 1421/1612/151
f 1423/1616/152 1421/1612/152 1422/1614/152
f 1422/1614/152 430/1620/152 428/1615/152
f 388/1617/152 428/1615/152 430/1620/152
f 389/1622/153 388/1617/153 1424/1619/153
f 1424/1619/153 1425/4641/153 1429/4642/153
f 1426/1621/153 1431/1625/153 1433/1628/153
f 1426/1621/153 1433/1628/153 1427/1627/153
f 1424/1619/153 1429/4642/153 1430/1624/153
f 389/1622/153 1424/1619/153 1430/1624/153
f 1426/1621/153 1427/1627/153 1428/4643/153
f 431/1623/153 389/1622/153 1430/1624/153
f 1428/4643/153 1432/1626/153 1423/1616/153
f 431/1623/153 1430/1624/153 1426/1621/153
f 1426/1621/153 1428/4643/153 1423/1616/153
f 428/1615/153 431/1623/153 1426/1621/153
f 428/1615/153 388/1617/153 389/1622/153
f 1433/1628/153 1434/1630/153 1432/1626/153
f 1432/1626/153 1428/4643/153 1427/1627/153
f 1431/1625/154 1414/1633/154 1419/1629/154
f 1419/1629/154 1417/4644/154 1434/1630/154
f 1430/1624/154 1429/4642/154 1435/1631/154
f 1436/1632/154 1415/4645/154 1414/1633/154
f 1414/1633/154 1431/1625/154 1430/1624/154
f 1440/1638/157 1441/1637/157 1444/1640/157
f 1439/1642/157 1437/4646/157 1443/1641/157
f 42/1646/158 45/1650/158 1459/1647/158
f 1459/1647/158 1452/4647/158 50/1648/158
f 42/1646/158 50/1648/158 9/1649/158
f 9/1649/158 18/1659/158 45/1650/158
f 1454/1651/158 1448/4648/158 1447/1652/158
f 1450/1654/158 1449/4649/158 1458/1655/158
f 1457/1643/158 1456/1645/158 18/1659/158
f 18/1659/158 9/1649/158 1451/1656/158
f 18/1659/158 1451/1656/158 1458/1655/158
f 1453/1657/158 1455/1644/158 1457/1643/158
f 1457/1643/158 18/1659/158 1458/1655/158
f 1449/4649/158 1450/1654/158 1448/4648/158
f 1457/1643/158 1458/1655/158 1449/4649/158
f 1447/1652/158 1446/4650/158 1453/1657/158
f 1445/1653/524 1447/1652/524 1453/1657/524
f 1457/1643/158 1449/4649/158 1448/4648/158
f 1454/1651/158 1445/1653/158 1453/1657/158
f 1457/1643/158 1448/4648/158 1454/1651/158
f 17/1658/159 44/1660/159 45/1650/159
f 1459/1647/159 45/1650/159 44/1660/159
f 1456/1645/159 1455/1644/159 1461/1662/159
f 1455/1644/159 1453/1657/159 1460/1664/159
f 18/1659/159 1456/1645/159 1462/1663/159
f 1475/1666/160 1463/1661/160 44/1660/160
f 43/1665/160 51/1678/160 1475/1666/160
f 1469/1670/160 1471/1672/160 1472/1667/160
f 1474/1668/160 1467/1676/160 1468/1671/160
f 1466/1669/160 1469/1670/160 1472/1667/160
f 1474/1668/160 1468/1671/160 1466/1669/160
f 1462/1663/160 1461/1662/160 1469/1670/160
f 1473/1675/160 1472/1667/160 1471/1672/160
f 1471/1672/160 1469/1670/160 1461/1662/160
f 1460/1664/160 1465/4651/160 1464/1673/160
f 1464/1673/160 1473/1675/160 1471/1672/160
f 1461/1662/160 1460/1664/160 1464/1673/160
f 1464/1673/160 1465/4651/160 1470/1674/160
f 1467/1676/160 1474/1668/160 10/1677/160
f 1462/1663/160 1468/1671/160 1467/1676/160
f 1467/1676/160 10/1677/160 17/1658/160
f 51/1678/160 43/1665/160 44/1660/160
f 44/1660/160 17/1658/160 10/1677/160
f 1472/1667/161 1450/4652/161 1451/1679/161
f 10/1677/161 9/1684/161 50/1680/161
f 51/1678/161 50/1680/161 1452/1681/161
f 1476/1683/161 1447/1686/161 1448/1682/161
f 1448/1682/161 1473/1675/161 1470/1674/161
f 9/1684/161 10/1677/161 1474/1668/161
f 1448/1682/161 1450/4652/161 1472/1667/161
f 90/1687/162 110/1691/162 1479/1688/162
f 1483/1692/162 1480/1693/162 151/1696/162
f 151/1696/162 152/1695/162 1220/1690/162
f 1220/1690/162 104/4653/162 110/1691/162
f 1483/1692/162 151/1696/162 1220/1690/162
f 1480/1693/162 1483/1692/162 110/1691/162
f 142/1694/162 141/1710/162 1220/1690/162
f 110/1691/162 104/4653/162 1482/1698/162
f 1482/1698/162 1477/4654/162 1478/1689/162
f 1479/1688/162 110/1691/162 1482/1698/162
f 22/1699/162 28/1702/162 1194/1700/162
f 1194/1700/162 1193/4655/162 1481/1701/162
f 1481/1701/162 21/1703/162 22/1699/162
f 28/1702/162 22/1699/162 21/1703/162
f 1194/1700/162 141/1710/162 142/1694/162
f 142/1694/162 152/1695/162 1221/1697/162
f 1221/1697/162 1193/4655/162 1194/1700/162
f 144/1706/163 141/1710/163 1194/1700/163
f 1194/1700/163 1196/1707/163 1205/1705/163
f 1205/1705/163 1210/4656/163 144/1706/163
f 28/1702/525 29/1711/525 1196/1707/525
f 1482/1698/163 104/4653/163 102/1708/163
f 102/1708/163 144/1706/163 1210/4656/163
f 1210/4656/163 1205/1705/163 1485/1709/163
f 1485/1709/163 1486/4657/163 1482/1698/163
f 102/1708/163 1210/4656/163 1485/1709/163
f 102/1708/163 104/4653/163 1220/1690/163
f 103/1714/165 109/1713/165 1490/1715/165
f 1490/1715/526 1489/1721/526 1488/1722/526
f 1488/1722/165 1486/4657/165 1485/1709/165
f 1485/1709/165 1491/4658/165 1492/1719/165
f 1487/1718/165 127/1712/165 103/1714/165
f 1485/1709/165 1492/1719/165 1487/1718/165
f 1490/1715/165 1488/1722/165 1485/1709/165
f 1485/1709/165 1487/1718/165 103/1714/165
f 99/1716/527 1489/1721/527 1490/1715/527
f 125/1717/165 127/1712/165 1487/1718/165
f 99/1716/165 109/1713/165 127/1712/165
f 90/1720/167 1478/1723/167 1489/1721/167
f 1488/1722/167 1489/1721/167 1478/1723/167
f 139/1726/167 151/4659/167 1480/1727/167
f 1193/1728/167 1221/4660/167 1217/1731/167
f 1217/1731/167 1221/4660/167 151/4659/167
f 139/1726/167 126/1725/167 1492/1719/167
f 1217/1731/167 151/4659/167 139/1726/167
f 1492/1719/167 1491/4658/167 1217/1731/167
f 90/1720/167 99/1716/167 125/1717/167
f 125/1717/167 126/1725/167 1480/1727/167
f 1494/1732/168 1495/4661/168 1496/1733/168
f 923/1735/169 955/1737/169 1500/1742/169
f 1500/1742/169 1501/1744/169 1499/1736/169
f 1496/1733/169 1495/4661/169 918/1740/169
f 923/1735/169 1500/1742/169 1499/1736/169
f 1496/1733/169 918/1740/169 923/1735/169
f 955/1737/169 1498/1741/169 1502/1738/169
f 955/1737/169 923/1735/169 918/1740/169
f 918/1740/169 1497/1745/169 1502/1738/169
f 1498/1741/169 955/1737/169 918/1740/169
f 948/1739/169 1501/1744/169 1500/1742/169
f 952/1743/170 1509/1750/170 1501/1744/170
f 948/1739/170 1502/1738/170 1503/1746/170
f 1504/1749/170 1505/1748/170 1507/4662/170
f 1499/1736/170 1501/1744/170 1509/1750/170
f 1509/1750/170 1508/4663/170 1506/1747/170
f 1504/1749/170 1507/4662/170 1499/1736/170
f 1509/1750/170 1506/1747/170 1504/1749/170
f 1493/1752/171 1507/4662/171 1505/1748/171
f 1510/1753/171 1506/1747/171 1508/4663/171
f 1493/1752/171 1505/1748/171 1510/1753/171
f 1510/1753/171 1508/4663/171 1494/1751/171
f 966/1754/172 916/4664/172 929/1755/172
f 1512/4665/172 1519/1767/172 1518/1757/172
f 1517/1758/172 1511/4666/172 966/1754/172
f 1517/1758/172 966/1754/172 941/1756/172
f 916/4664/172 1512/4665/172 1518/1757/172
f 1517/1758/172 941/1756/172 929/1755/172
f 929/1755/172 916/4664/172 1518/1757/172
f 1525/1764/172 1526/1763/172 1513/1765/172
f 1513/1765/172 1515/4667/172 1527/1766/172
f 1524/1762/172 1522/1761/172 1523/1760/172
f 1523/1760/172 1516/1769/172 1526/1763/172
f 1516/1769/172 1523/1760/172 1514/1770/172
f 1514/1770/172 1519/1767/172 1512/4665/172
f 1513/1765/172 1526/1763/172 1516/1769/172
f 1514/1770/172 1512/4665/172 1513/1765/172
f 1521/1759/528 1520/1768/528 1519/1767/528
f 1519/1767/172 1514/1770/172 1523/1760/172
f 928/1771/174 967/4668/174 940/1772/174
f 1528/1775/174 1521/1759/174 1522/1761/174
f 1522/1761/174 1532/1782/174 1531/1774/174
f 1531/1774/529 1530/1781/529 1529/1780/529
f 1534/1777/174 1541/4669/174 1518/1757/174
f 1518/1757/174 1520/1768/174 1542/4670/174
f 1536/1778/174 1531/1774/174 1529/1780/174
f 1534/1777/174 1518/1757/174 1542/4670/174
f 1536/1778/174 1529/1780/174 1535/1776/174
f 1534/1777/174 1542/4670/174 1536/1778/174
f 1529/1780/174 1530/1781/174 1525/1764/174
f 1525/1764/174 1527/1766/174 1540/1783/174
f 1537/1779/174 1538/1784/174 1535/1776/174
f 1525/1764/174 1540/1783/174 1537/1779/174
f 1537/1779/174 1535/1776/174 1529/1780/174
f 1530/1781/174 1532/1782/174 1524/1762/174
f 1536/1778/174 1542/4670/174 1520/1768/174
f 1520/1768/174 1521/1759/174 1528/1775/174
f 1528/1775/174 1531/1774/174 1536/1778/174
f 1541/4669/174 1534/1777/174 928/1771/174
f 1541/4669/174 928/1771/174 934/1773/174
f 967/4668/174 1533/4671/174 1517/1758/174
f 940/1772/174 967/4668/174 1517/1758/174
f 1518/1757/174 1541/4669/174 934/1773/174
f 934/1773/174 940/1772/174 1517/1758/174
f 1540/1783/174 1539/1791/174 1538/1784/174
f 1549/1787/175 1533/4671/175 967/4668/175
f 1549/1787/175 967/4668/175 969/1790/175
f 1544/1786/175 1546/1789/175 1549/1787/175
f 928/1771/175 1534/1777/175 1544/1786/175
f 1549/1787/175 969/1790/175 921/1785/175
f 921/1785/175 928/1771/175 1544/1786/175
f 1546/1789/175 1544/1786/175 1534/1777/175
f 1534/1777/175 1535/1776/175 1543/1788/175
f 1543/1788/175 1545/1793/175 1546/1789/175
f 969/1790/175 967/4668/175 928/1771/175
f 1539/1791/175 1550/4672/175 1548/1792/175
f 1550/4672/175 1547/4673/175 1545/1793/175
f 1543/1788/175 1535/1776/175 1538/1784/175
f 1548/1792/175 1550/4672/175 1545/1793/175
f 1543/1788/175 1538/1784/175 1548/1792/175
f 1552/1797/176 1551/1795/176 1545/1793/176
f 1545/1793/176 1547/4673/176 1515/1798/176
f 1515/1798/176 1513/1803/176 1552/1797/176
f 1546/1789/176 1545/1793/176 1551/1795/176
f 1512/1804/176 916/4674/176 915/1801/176
f 965/1799/176 966/1802/176 1511/4675/176
f 1553/1800/176 1512/1804/176 915/1801/176
f 965/1799/176 1511/4675/176 1549/1787/176
f 1553/1800/176 915/1801/176 965/1799/176
f 1546/1789/176 1554/1794/176 1553/1800/176
f 965/1799/176 1549/1787/176 1546/1789/176
f 915/1801/176 916/4674/176 966/1802/176
f 1555/1796/176 1551/1795/176 1552/1797/176
f 1512/1804/176 1553/1800/176 1554/1794/176
f 1555/1796/176 1552/1797/176 1513/1803/176
f 1512/1804/176 1554/1794/176 1555/1796/176
f 1556/1805/177 1559/1825/177 1558/1806/177
f 1509/1808/178 1560/4676/178 1500/1809/178
f 1290/1811/178 1226/4677/178 1237/1812/178
f 1563/1814/178 1566/1826/178 1572/1815/178
f 1572/1815/178 1568/1817/178 1565/1816/178
f 1565/1816/178 1564/1818/178 1563/1814/178
f 1568/1817/178 1567/1822/178 1564/1818/178
f 1567/1822/178 1568/1817/178 1561/1823/178
f 1559/1825/178 1509/1808/178 1501/1810/178
f 1501/1810/178 1500/1809/178 1263/1813/178
f 1501/1810/178 1263/1813/178 1237/1812/178
f 1572/1815/178 1558/1806/178 1559/1825/178
f 1561/1823/178 1568/1817/178 1572/1815/178
f 1290/1811/178 1562/1824/178 1561/1823/178
f 1226/4677/178 1290/1811/178 1561/1823/178
f 1561/1823/178 1572/1815/178 1559/1825/178
f 1559/1825/178 1501/1810/178 1237/1812/178
f 1237/1812/178 1226/4677/178 1561/1823/178
f 1563/1814/178 1570/1819/178 1571/1821/178
f 1576/1828/179 1567/1822/179 1562/1824/179
f 1562/1824/179 1573/1830/179 1579/1827/179
f 1562/1824/179 1290/1811/179 1228/1829/179
f 1228/1829/179 1243/1836/179 1573/1830/179
f 1584/1833/179 1563/1814/179 1564/1818/179
f 1575/1831/530 1576/1828/530 1578/1832/530
f 1584/1833/179 1564/1818/179 1575/1831/179
f 1567/1822/530 1576/1828/530 1575/1831/530
f 1500/1809/179 1560/4676/179 953/1834/179
f 1263/1813/179 1250/1839/179 1243/1836/179
f 1243/1836/179 1228/1829/179 1290/1811/179
f 1570/1819/179 1563/1814/179 1584/1833/179
f 1574/1838/179 1498/1840/179 955/1835/179
f 955/1835/179 949/1841/179 1250/1839/179
f 1250/1839/179 1263/1813/179 1500/1809/179
f 1584/1833/179 1577/1846/179 1585/1842/179
f 1585/1842/179 1569/1820/179 1570/1819/179
f 1580/1837/179 1584/1833/179 1585/1842/179
f 1577/1846/179 1584/1833/179 1578/1832/179
f 1578/1832/179 1576/1828/179 1579/1827/179
f 1579/1827/179 1583/1843/179 1582/1845/179
f 1582/1845/179 1585/1842/179 1577/1846/179
f 1577/1846/179 1578/1832/179 1579/1827/179
f 1498/1840/180 1574/1838/180 1503/1849/180
f 1502/1850/180 1503/1849/180 964/1851/180
f 964/1851/180 950/4678/180 949/1841/180
f 949/1841/180 1498/1840/180 1502/1850/180
f 1587/1853/180 1583/1843/180 1579/1827/180
f 1586/1848/180 1573/1830/180 1243/1836/180
f 1587/1853/180 1579/1827/180 1586/1848/180
f 1556/1852/180 1557/4679/180 1587/1853/180
f 950/4678/180 964/1851/180 1556/1852/180
f 1250/1839/180 949/1841/180 950/4678/180
f 1586/1848/180 1243/1836/180 1238/1847/180
f 1238/1847/180 1250/1839/180 950/4678/180
f 1556/1852/180 1587/1853/180 1586/1848/180
f 1238/1847/180 950/4678/180 1556/1852/180
f 618/1854/182 629/1869/182 1594/1855/182
f 1597/1859/182 1591/1860/182 1590/4680/182
f 1595/1858/182 1593/1868/182 1592/1861/182
f 1597/1859/182 1590/4680/182 1598/1857/182
f 1595/1858/182 1592/1861/182 1597/1859/182
f 1058/1862/182 1060/4681/182 665/1863/182
f 642/1866/182 1589/1870/182 1060/4681/182
f 1058/1862/182 666/1864/182 652/1865/182
f 642/1866/531 1060/4681/531 1058/1862/531
f 1078/1867/182 1087/4682/182 666/1864/182
f 652/1865/182 666/1864/182 1087/4682/182
f 1087/4682/182 1078/1867/182 1593/1868/182
f 1595/1858/183 1596/1871/183 642/1866/183
f 652/1865/182 1087/4682/182 1593/1868/182
f 1595/1858/182 642/1866/182 652/1865/182
f 642/1866/531 641/1872/531 629/1869/531
f 629/1869/182 618/1854/182 1589/1870/182
f 1595/1858/184 1600/4683/184 1606/1873/184
f 1599/1874/184 1605/1876/184 1608/4684/184
f 1608/4684/184 1594/1855/184 629/1869/184
f 630/1878/184 641/1872/184 1596/1871/184
f 1608/4684/184 629/1869/184 630/1878/184
f 1607/1877/184 1604/1875/184 1599/1874/184
f 1599/1874/184 1608/4684/184 630/1878/184
f 630/1878/184 1596/1871/184 1606/1873/184
f 1600/4683/184 1595/1858/184 1598/1857/184
f 1599/1874/184 630/1878/184 1606/1873/184
f 1606/1873/184 1600/4683/184 1598/1857/184
f 1598/1857/184 1602/1882/184 1607/1877/184
f 1599/1874/184 1606/1873/184 1598/1857/184
f 1602/1882/184 1603/1880/184 1609/1879/184
f 1611/1883/185 640/1894/185 628/1884/185
f 628/1884/185 626/1893/185 1614/1904/185
f 1608/4684/185 1605/1876/185 1610/1885/185
f 1610/1885/185 1618/1895/185 1619/1915/185
f 1610/1885/185 1619/1915/185 1613/1892/185
f 628/1884/185 1614/1904/185 1608/4684/185
f 1610/1885/185 1613/1892/185 1611/1883/185
f 628/1884/185 1608/4684/185 1610/1885/185
f 1091/1891/185 640/1894/185 653/1886/185
f 653/1886/185 660/1902/185 1082/1887/185
f 1081/1888/185 1091/1891/185 653/1886/185
f 1615/1889/185 1062/1909/185 1061/1890/185
f 1619/1915/185 660/1902/185 653/1886/185
f 653/1886/185 640/1894/185 1611/1883/185
f 1613/1892/185 1619/1915/185 653/1886/185
f 1091/1891/185 1081/1888/185 1082/1887/185
f 640/1894/185 1091/1891/185 1061/1890/185
f 1061/1890/185 1062/1909/185 626/1893/185
f 626/1893/185 628/1884/185 640/1894/185
f 1610/1885/185 1605/1876/185 1604/1875/185
f 1604/1875/185 1617/1898/185 1618/1895/185
f 1609/1879/185 1601/1881/185 1616/1896/185
f 1616/1896/185 1617/1898/185 1604/1875/185
f 1604/1875/185 1607/1877/185 1612/1897/185
f 1612/1897/185 1609/1879/185 1616/1896/185
f 1617/1898/186 1616/1896/186 1590/1899/186
f 626/1893/186 618/1911/186 1588/1903/186
f 1617/1898/186 1591/1900/186 1592/1905/186
f 1592/1905/186 1620/1907/186 1618/1895/186
f 667/1901/186 665/1913/186 1060/1906/186
f 1060/1906/187 1066/1914/187 1615/1889/187
f 1615/1889/186 1082/1887/186 667/1901/186
f 1620/1907/186 1592/1905/186 1593/1908/186
f 1593/1908/186 1619/1915/186 1618/1895/186
f 618/1911/186 626/1893/186 1062/1909/186
f 1062/1909/186 1066/1914/186 1589/1910/186
f 667/1901/186 660/1902/186 1619/1915/186
f 1619/1915/186 1593/1908/186 1078/1912/186
f 1623/1916/189 1621/4685/189 1622/1917/189
f 1624/1918/190 1626/1923/190 1625/1919/190
f 824/1922/532 1625/1919/532 1626/1923/532
f 1626/1923/532 1628/1925/532 823/1920/532
f 805/1924/278 823/1920/278 1628/1925/278
f 1628/1925/193 1622/4686/193 1621/1926/193
f 1621/1926/533 806/4687/533 805/1924/533
f 805/1924/534 806/4687/534 1627/1921/534
f 1207/1927/194 1212/1936/194 1219/1928/194
f 1635/1960/194 1219/1928/194 1216/1930/194
f 1216/1930/194 1212/1936/194 1629/1931/194
f 1629/1931/194 1630/4688/194 1636/1932/194
f 1636/1932/194 1635/1960/194 1216/1930/194
f 185/1933/194 165/1940/194 1634/1934/194
f 208/1937/194 209/1941/194 1631/1938/194
f 1631/1938/194 1633/1942/194 212/1939/194
f 208/1937/194 212/1939/194 165/1940/194
f 165/1940/194 185/1933/194 209/1941/194
f 1219/1928/194 1635/1960/194 1633/1942/194
f 1633/1942/194 1631/1938/194 1218/1929/194
f 134/1943/196 130/1957/196 1211/1944/196
f 1637/1948/196 1639/1947/196 1634/1934/196
f 1634/1934/196 165/1940/196 168/1949/196
f 168/1949/196 212/1939/196 1633/1942/196
f 1644/1951/196 1638/1946/196 1637/1948/196
f 1637/1948/196 1634/1934/196 168/1949/196
f 168/1949/196 1633/1942/196 1643/1950/196
f 1644/1951/196 1637/1948/196 168/1949/196
f 1641/1952/196 92/1959/196 94/1953/196
f 1211/1944/196 130/1957/196 105/1955/196
f 105/1955/196 94/1953/196 1635/1960/196
f 1636/1932/196 1640/1967/196 1204/1945/196
f 1636/1932/196 1204/1945/196 1211/1944/196
f 105/1955/196 1635/1960/196 1636/1932/196
f 1642/1954/196 94/1953/196 105/1955/196
f 105/1955/196 130/1957/196 1175/1956/196
f 1175/1956/535 1176/1958/535 1641/1952/535
f 1642/1954/196 105/1955/196 1175/1956/196
f 130/1957/196 134/1943/196 1176/1958/196
f 1635/1960/196 94/1953/196 92/1959/196
f 92/1959/196 1643/1950/196 1633/1942/196
f 1176/1958/197 134/1943/197 132/1961/197
f 1176/1958/536 1182/1962/536 1647/1963/536
f 1648/1965/537 1645/1970/537 1643/1950/537
f 1643/1950/197 92/1959/197 96/1964/197
f 1646/1968/197 1195/4689/197 1197/1966/197
f 1197/1966/197 1204/1945/197 1640/1967/197
f 1197/1966/537 1195/4689/537 132/1961/537
f 132/1961/197 134/1943/197 1204/1945/197
f 92/1959/538 1641/1952/538 1647/1963/538
f 1645/1970/197 1648/1965/197 219/1971/197
f 169/1969/197 171/1972/197 1649/1978/197
f 1645/1970/197 219/1971/197 169/1969/197
f 1644/1951/197 1643/1950/197 1645/1970/197
f 169/1969/197 1649/1978/197 1644/1951/197
f 1198/1973/198 1195/4689/198 1646/1968/198
f 1646/1968/198 1630/4690/198 1629/1989/198
f 1651/1974/198 1206/1983/198 1198/1973/198
f 1646/1968/198 1629/1989/198 1651/1974/198
f 1631/1976/198 1650/1988/198 1648/1965/198
f 1648/1965/198 96/1964/198 111/1979/198
f 1180/1975/198 1218/1985/198 1631/1976/198
f 1648/1965/198 111/1979/198 1180/1975/198
f 185/1977/198 1632/4691/198 1649/1978/198
f 111/1979/198 96/1964/198 1647/1963/198
f 113/1981/198 111/1979/198 1187/1980/198
f 1206/1983/198 135/1982/198 132/1961/198
f 132/1961/198 1195/4689/198 1198/1973/198
f 1182/1962/198 132/1961/198 135/1982/198
f 1218/1985/198 1180/1975/198 111/1979/198
f 113/1981/198 135/1982/198 1206/1983/198
f 1218/1985/198 111/1979/198 113/1981/198
f 113/1981/198 1206/1983/198 1207/1984/198
f 219/1971/198 206/1987/198 209/1986/198
f 209/1986/198 185/1977/198 171/1972/198
f 1650/1988/198 1631/1976/198 209/1986/198
f 206/1987/198 219/1971/198 1648/1965/198
f 1650/1988/198 209/1986/198 206/1987/198
f 1206/1983/198 1651/1974/198 1629/1989/198
f 1186/1994/200 1183/2019/200 1173/1991/200
f 1144/1990/200 1146/1992/200 1222/1993/200
f 1186/1994/200 1173/1991/200 1144/1990/200
f 1658/1999/200 1659/2017/200 13/2020/200
f 3/1998/200 57/1995/200 1653/1997/200
f 1658/1999/200 13/2020/200 3/1998/200
f 1653/1997/200 1655/2016/200 1658/1999/200
f 240/2000/200 241/4692/200 272/2001/200
f 1156/2004/200 1148/2025/200 1146/1992/200
f 1146/1992/200 1173/1991/200 1171/2003/200
f 95/2005/200 97/2018/200 159/2006/200
f 1043/2010/200 1044/2032/200 1052/2008/200
f 1052/2008/200 1053/2012/200 1047/2009/200
f 1654/2014/200 13/2020/200 24/2013/200
f 24/2013/200 30/4693/200 52/1996/200
f 52/1996/200 57/1995/200 1654/2014/200
f 1652/2015/200 1657/4694/200 1658/1999/200
f 156/2007/200 159/2006/200 30/4693/200
f 24/2013/200 13/2020/200 1659/2017/200
f 156/2007/200 30/4693/200 24/2013/200
f 1183/2019/200 1186/1994/200 97/2018/200
f 97/2018/200 95/2005/200 1171/2003/200
f 1171/2003/200 1173/1991/200 1183/2019/200
f 57/1995/200 3/1998/200 13/2020/200
f 1254/2022/200 1253/2021/200 241/4692/200
f 241/4692/200 240/2000/200 1044/2032/200
f 1043/2010/200 1047/2009/200 1656/2024/200
f 241/4692/200 1044/2032/200 1043/2010/200
f 1656/2024/200 1266/2023/200 1254/2022/200
f 1254/2022/539 241/4692/539 1043/2010/539
f 1148/2025/200 1156/2004/200 271/2002/200
f 271/2002/200 272/2001/200 1222/1993/200
f 1222/1993/200 1146/1992/200 1148/2025/200
f 838/2026/201 1663/2039/201 793/2027/201
f 68/2029/201 156/2007/201 1659/2017/201
f 1666/2030/201 1166/2042/201 1165/2031/201
f 1165/2031/201 1171/2003/201 95/2005/201
f 1165/2031/201 95/2005/201 88/4695/201
f 68/2029/201 1659/2017/201 1666/2030/201
f 1165/2031/201 88/4695/201 68/2029/201
f 68/2029/201 88/4695/201 95/2005/201
f 1044/2032/201 1045/2035/201 1051/2033/201
f 1045/2035/201 1044/2032/201 240/2000/201
f 240/2000/201 239/2049/201 317/2047/201
f 287/2034/201 285/2048/201 1045/2035/201
f 240/2000/201 317/2047/201 287/2034/201
f 1052/2008/201 1051/2033/201 1667/2036/201
f 1661/2037/201 838/2026/201 783/2028/201
f 783/2028/201 793/2027/201 1658/1999/201
f 1658/1999/201 1657/4694/201 1661/2037/201
f 795/2038/201 793/2027/201 1663/2039/201
f 1665/2041/201 1664/2046/201 1666/2030/201
f 1666/2030/201 1659/2017/201 1658/1999/201
f 1658/1999/201 793/2027/201 795/2038/201
f 795/2038/201 809/2040/201 1662/2045/201
f 1665/2041/201 1666/2030/201 1658/1999/201
f 795/2038/201 1662/2045/201 1665/2041/201
f 1166/2042/201 1157/2043/201 1156/2004/201
f 1156/2004/201 1171/2003/201 1165/2031/201
f 271/2002/201 1156/2004/201 1157/2043/201
f 240/2000/201 271/2002/201 280/2044/201
f 1663/2039/202 838/2026/202 841/2050/202
f 841/2050/202 1671/2052/202 1669/2051/202
f 1050/2054/202 1051/2033/202 1045/2035/202
f 1667/2036/202 1051/2033/202 1050/2054/202
f 1042/2055/202 1045/2035/202 285/2048/202
f 1675/2058/202 1667/2036/202 1050/2054/202
f 1042/2055/202 285/2048/202 288/2056/202
f 1675/2058/202 1050/2054/202 1042/2055/202
f 233/2057/202 237/2086/202 1675/2058/202
f 317/2047/202 239/2049/202 233/2057/202
f 1675/2058/202 1042/2055/202 288/2056/202
f 288/2056/202 317/2047/202 233/2057/202
f 281/2071/202 280/2044/202 1157/2043/202
f 281/2071/202 1157/2043/202 1149/2068/202
f 1666/2030/202 11/2065/202 25/2059/202
f 1164/2069/202 1166/2042/202 1666/2030/202
f 281/2071/202 1149/2068/202 1140/2061/202
f 1140/2061/202 1164/2069/202 1666/2030/202
f 1140/2061/202 1666/2030/202 25/2059/202
f 31/2060/202 281/2071/202 1140/2061/202
f 810/2063/540 812/2073/540 1673/2062/540
f 1673/2062/202 1664/2046/202 1662/2045/202
f 58/2064/202 1668/2070/202 11/2065/202
f 1669/2051/202 810/2063/202 809/2040/202
f 838/2026/202 1661/2037/202 1670/2067/202
f 1164/2069/202 1140/2061/202 1149/2068/202
f 1149/2068/202 1157/2043/202 1166/2042/202
f 58/2064/202 59/2077/202 31/2060/202
f 31/2060/202 25/2059/202 11/2065/202
f 1668/2070/202 58/2064/202 31/2060/202
f 281/2071/202 237/2086/202 233/2057/202
f 233/2057/202 239/2049/202 280/2044/202
f 812/2073/202 810/2063/202 1669/2051/202
f 1669/2051/202 1672/2053/202 1674/2072/202
f 5/2066/202 11/2065/202 1666/2030/202
f 1673/2062/202 58/2064/202 5/2066/202
f 5/2066/202 1666/2030/202 1664/2046/202
f 812/2073/202 1674/2072/202 1676/2074/202
f 58/2064/541 1673/2062/541 814/2076/541
f 814/2076/202 813/2075/202 59/2077/202
f 779/2078/205 780/2096/205 1671/2052/205
f 797/2079/205 813/2075/205 1676/2074/205
f 790/2081/205 1674/2072/205 1672/2053/205
f 67/2083/205 159/4696/205 97/2084/205
f 241/2088/205 236/2089/205 237/2086/205
f 237/2086/205 281/2071/205 277/4697/205
f 273/2087/205 272/4698/205 241/2088/205
f 237/2086/205 277/4697/205 273/2087/205
f 1675/2058/205 237/2086/205 236/2089/205
f 236/2089/205 241/2088/205 1253/2103/205
f 1251/2090/205 1266/2104/205 1656/2091/205
f 236/2089/205 1253/2103/205 1251/2090/205
f 1656/2091/205 1675/2058/205 236/2089/205
f 1653/2092/205 1679/2097/205 1678/2093/205
f 803/2080/205 1676/2074/205 1674/2072/205
f 790/2081/205 1679/2097/205 1677/2095/205
f 1672/2053/205 1671/2052/205 780/2096/205
f 1655/2094/205 1678/2093/205 780/2096/205
f 779/2078/205 841/2050/205 1670/2067/205
f 1655/2094/205 780/2096/205 779/2078/205
f 1670/2067/205 1652/4699/205 1655/2094/205
f 781/2082/205 1678/2093/205 1679/2097/205
f 30/2098/205 31/2060/205 59/2077/205
f 1679/2097/205 1653/2092/205 52/2099/205
f 52/2099/205 59/2077/205 813/2075/205
f 797/2079/205 803/2080/205 1677/2095/205
f 52/2099/205 813/2075/205 797/2079/205
f 1677/2095/205 1679/2097/205 52/2099/205
f 1185/2102/205 1222/2101/205 272/4698/205
f 272/4698/542 273/2087/542 277/4697/542
f 277/4697/205 281/2071/205 31/2060/205
f 31/2060/205 30/2098/205 159/4696/205
f 31/2060/205 159/4696/205 67/2083/205
f 1185/2102/205 272/4698/205 277/4697/205
f 97/2084/205 1186/2100/205 1185/2102/205
f 31/2060/205 67/2083/205 87/2085/205
f 87/2085/205 97/2084/205 1185/2102/205
f 1185/2102/205 277/4697/205 31/2060/205
f 960/2105/206 959/2117/206 970/2106/206
f 1686/2115/206 971/2107/206 970/2106/206
f 970/2106/206 1691/2113/206 1684/2108/206
f 1684/2108/206 1685/2111/206 1683/2110/206
f 1683/2110/206 1681/4700/206 1682/2109/206
f 1689/2116/206 1686/2115/206 970/2106/206
f 1684/2108/206 1683/2110/206 1682/2109/206
f 1682/2109/206 1689/2116/206 970/2106/206
f 1682/2109/206 1681/4700/206 1686/2115/206
f 959/2117/206 960/2105/206 1687/2118/206
f 919/2124/207 931/2128/207 1693/2120/207
f 1693/2120/207 1695/2126/207 1694/2121/207
f 1694/2121/207 1691/2113/207 970/2106/207
f 970/2106/208 919/2124/208 1693/2120/208
f 1692/2123/208 1696/4701/208 935/2125/208
f 939/2122/207 959/2117/207 1690/2119/207
f 1692/2123/207 935/2125/207 939/2122/207
f 935/2125/208 931/2128/208 919/2124/208
f 919/2124/208 970/2106/208 959/2117/208
f 959/2117/207 939/2122/207 935/2125/207
f 1688/2114/207 1691/2113/207 1694/2121/207
f 1701/2129/209 375/2147/209 326/2130/209
f 326/2130/209 375/2147/209 1697/2139/209
f 1697/2139/209 1693/2120/209 931/2128/209
f 930/2127/209 935/2125/209 1696/4701/209
f 1697/2139/209 931/2128/209 930/2127/209
f 1699/2133/209 327/2131/209 326/2130/209
f 326/2130/209 1697/2139/209 930/2127/209
f 930/2127/209 1696/4701/209 1698/2132/209
f 1698/2132/209 1700/2134/209 1699/2133/209
f 1699/2133/209 326/2130/209 930/2127/209
f 1700/2134/209 328/2135/209 327/2131/209
f 1702/2136/210 1683/4702/210 1680/2137/210
f 1702/2136/210 1704/2138/210 1697/2139/210
f 1697/2139/211 375/2147/211 376/2146/211
f 1703/2140/211 1681/2145/211 1683/4702/211
f 1697/2139/211 376/2146/211 1703/2140/211
f 1703/2140/211 1683/4702/211 1702/2136/211
f 324/2141/211 376/2146/211 1701/2129/211
f 920/2144/211 933/2148/211 938/2142/211
f 938/2142/210 960/4703/210 971/2143/210
f 1681/2145/211 1703/2140/211 376/2146/211
f 324/2141/211 328/2135/211 1700/2134/211
f 1681/2145/211 376/2146/211 324/2141/211
f 1700/2134/211 1686/4704/211 1681/2145/211
f 1698/2132/211 1705/4705/211 1687/4706/211
f 1687/4706/210 960/4703/210 938/2142/210
f 1687/4706/211 938/2142/211 933/2148/211
f 971/2143/210 1686/4704/210 1700/2134/210
f 920/2144/211 971/2143/211 1700/2134/211
f 1698/2132/211 1687/4706/211 933/2148/211
f 933/2148/211 920/2144/211 1700/2134/211
f 1708/2149/212 1712/2153/212 1713/2150/212
f 1708/2149/212 357/2155/212 358/2152/212
f 1711/2154/212 358/2152/212 357/2155/212
f 1706/2157/212 1707/2151/212 1713/2150/212
f 347/2162/213 358/2152/213 1711/2154/213
f 1716/2168/213 1710/2158/213 1713/2150/213
f 1719/2164/213 1712/2153/213 358/2152/213
f 1714/2159/213 1717/2161/213 1716/2168/213
f 347/2162/213 340/2163/213 1715/2165/213
f 1719/2164/543 358/2152/543 347/2162/543
f 1714/2159/543 1716/2168/543 1713/2150/543
f 1719/2164/213 347/2162/213 1715/2165/213
f 1714/2159/213 1713/2150/213 1719/2164/213
f 1719/2164/213 1715/2165/213 1718/2160/213
f 1715/2165/214 1720/4707/214 1721/2166/214
f 1717/2161/214 1718/2160/214 1721/2166/214
f 1716/2168/214 1717/2161/214 1722/2167/214
f 1709/2170/215 357/4708/215 346/2171/215
f 1721/2166/215 1720/4707/215 337/2172/215
f 346/2171/215 357/4708/215 1708/2176/215
f 1721/2166/544 337/2172/544 346/2171/544
f 1723/2169/215 1722/2167/215 1725/2173/215
f 346/2171/215 1708/2176/215 1724/2174/215
f 1706/4709/215 1723/2169/215 1725/2173/215
f 1721/2166/215 346/2171/215 1724/2174/215
f 1707/2175/215 1706/4709/215 1725/2173/215
f 1725/2173/215 1721/2166/215 1724/2174/215
f 1735/2180/216 1739/2197/216 450/2186/216
f 455/2181/216 524/2185/216 1734/2182/216
f 1735/2180/216 450/2186/216 455/2181/216
f 1734/2182/216 1732/4710/216 1735/2180/216
f 1734/2182/216 524/2185/216 502/2183/216
f 502/2183/216 500/2195/216 1742/2193/216
f 1730/2184/216 1728/2179/216 1729/2178/216
f 1729/2178/216 1727/2177/216 1734/2182/216
f 502/2183/216 1742/2193/216 1730/2184/216
f 1729/2178/216 1734/2182/216 502/2183/216
f 524/2185/216 455/2181/216 450/2186/216
f 1735/2180/216 1732/4710/216 1731/2188/216
f 1731/2188/216 1740/2191/216 1737/2189/216
f 1737/2189/216 1739/2197/216 1735/2180/216
f 1740/2191/216 1731/2188/216 1733/2190/216
f 1733/2190/216 1738/2198/216 1737/2189/216
f 1726/2192/216 1730/2184/216 1742/2193/216
f 502/2183/216 524/2185/216 1736/2187/216
f 1737/2189/217 1746/2199/217 1745/2196/217
f 1738/2198/217 1747/2205/217 1746/2199/217
f 500/2195/217 503/2209/217 1749/2200/217
f 1736/2187/217 450/2186/217 456/2201/217
f 456/2201/217 1744/2204/217 1743/2202/217
f 456/2201/217 450/2186/217 1739/2197/217
f 1741/2194/217 1742/2193/217 1749/2200/217
f 1744/2204/217 503/2209/217 500/2195/217
f 500/2195/217 1736/2187/217 1743/2202/217
f 1752/2207/218 1746/2199/218 1747/2205/218
f 1747/2205/218 1759/2227/218 1758/2206/218
f 1750/2208/218 1749/2200/218 503/2209/218
f 510/2211/218 529/2219/218 1754/2217/218
f 1753/2212/218 1748/2203/218 1749/2200/218
f 1750/2208/218 505/2210/218 510/2211/218
f 1753/2212/218 1749/2200/218 1750/2208/218
f 510/2211/218 1754/2217/218 1753/2212/218
f 1755/2213/218 1751/4711/218 1745/2196/218
f 1745/2196/218 1746/2199/218 1752/2207/218
f 1752/2207/218 1758/2206/218 1755/2213/218
f 529/2219/218 510/2211/218 505/2210/218
f 505/2210/218 1744/2204/218 456/2201/218
f 456/2201/218 454/2215/218 528/2218/218
f 1757/2214/218 529/2219/218 505/2210/218
f 456/2201/218 528/2218/218 1757/2214/218
f 454/2215/218 456/2201/218 1745/2196/218
f 454/2215/545 1745/2196/545 1751/4711/545
f 1756/2216/218 528/2218/218 454/2215/218
f 454/2215/218 1751/4711/218 1755/2213/218
f 1754/2217/218 529/2219/218 528/2218/218
f 1727/2220/219 1762/2225/219 1760/2221/219
f 1762/2225/219 1756/2216/219 1755/2213/219
f 1755/2213/219 1732/4712/219 1734/2222/219
f 1760/2221/219 1762/2225/219 1755/2213/219
f 1756/2216/219 1762/2225/219 1763/2223/219
f 1728/2224/219 1763/2223/219 1762/2225/219
f 1731/2226/219 1732/4712/219 1755/2213/219
f 1731/2226/219 1758/2206/219 1759/2227/219
f 1761/2229/219 1730/2230/219 1726/4713/219
f 1754/2217/219 1763/2223/219 1761/2229/219
f 1761/2229/219 1726/4713/219 1753/2212/219
f 1730/2230/219 1761/2229/219 1763/2223/219
f 1004/2234/220 763/2246/220 765/2235/220
f 1770/2236/220 765/2235/220 764/2237/220
f 988/2257/220 987/4714/220 1767/2231/220
f 1766/2233/220 1764/2232/220 1765/4715/220
f 988/2257/220 1767/2231/220 1766/2233/220
f 1778/2239/220 1774/2268/220 1768/2240/220
f 1768/2240/220 988/2257/220 1766/2233/220
f 1766/2233/220 1765/4715/220 1778/2239/220
f 979/2244/220 988/2257/220 1768/2240/220
f 1768/2240/220 1774/2268/220 1775/2245/220
f 1775/2245/546 989/2256/546 979/2244/546
f 766/2259/220 764/2237/220 1780/2248/220
f 1780/2248/220 1776/2279/220 1373/2249/220
f 1365/2250/220 766/2259/220 1780/2248/220
f 1366/2251/220 766/2259/220 776/2252/220
f 989/2256/220 757/2243/220 747/2254/220
f 747/2254/220 763/2246/220 1004/2234/220
f 1004/2234/220 987/4714/220 988/2257/220
f 1769/2255/220 989/2256/220 747/2254/220
f 1004/2234/546 988/2257/546 1769/2255/546
f 989/2256/220 1769/2255/220 988/2257/220
f 999/2242/546 1005/2247/546 763/2246/546
f 763/2246/220 747/2254/220 757/2243/220
f 766/2259/220 1366/2251/220 1771/2238/220
f 1382/2260/220 1383/2262/220 776/2252/220
f 776/2252/220 766/2259/220 1365/2250/220
f 1365/2250/220 1373/2249/220 1382/2260/220
f 753/2241/220 752/2278/220 1776/2279/220
f 1776/2279/220 1780/2248/220 764/2237/220
f 764/2237/220 765/2235/220 1005/2247/220
f 997/2258/220 999/2242/220 753/2241/220
f 764/2237/220 1005/2247/220 997/2258/220
f 753/2241/220 1776/2279/220 764/2237/220
f 1779/2263/220 752/2278/220 753/2241/220
f 753/2241/220 757/2243/220 989/2256/220
f 1775/2245/220 1779/2263/220 1773/2264/220
f 1773/2264/220 753/2241/220 989/2256/220
f 1774/2268/222 1778/2239/222 1785/2266/222
f 1785/2266/222 1786/4716/222 1781/2267/222
f 1781/2267/222 1782/2269/222 1774/2268/222
f 1782/2269/222 1791/2277/222 1788/2270/222
f 1784/2271/222 1788/2270/222 1787/2272/222
f 1789/2274/222 1779/2263/222 1775/2245/222
f 1775/2245/222 1784/2271/222 1783/2273/222
f 1783/2273/222 1787/2272/222 1789/2274/222
f 1373/2249/222 1776/2279/222 759/2275/222
f 759/2275/222 754/2280/222 1790/2276/222
f 1790/2276/222 1777/2261/222 1382/2260/222
f 1374/2265/222 1373/2249/222 759/2275/222
f 1790/2276/547 1382/2260/547 1374/2265/547
f 1784/2271/222 1775/2245/222 1774/2268/222
f 1781/2267/548 1786/4716/548 1791/2277/548
f 1789/2274/222 1792/2281/222 759/2275/222
f 759/2275/549 752/2278/549 1779/2263/549
f 1791/2277/223 1786/4716/223 1798/2282/223
f 1799/2283/223 1787/2272/223 1788/2270/223
f 1799/2283/223 1788/2270/223 1793/2287/223
f 1796/2284/223 1791/2277/223 1798/2282/223
f 1799/2283/223 1793/2287/223 1796/2284/223
f 1794/2286/223 1789/2274/223 1787/2272/223
f 1787/2272/223 1799/2283/223 1800/2285/223
f 1788/2270/223 1791/2277/223 1796/2284/223
f 1801/2288/223 1795/2294/223 1792/2281/223
f 1792/2281/223 1789/2274/223 1794/2286/223
f 1794/2286/223 1800/2285/223 1801/2288/223
f 754/2280/223 748/2293/223 761/2289/223
f 1609/2290/223 1603/4717/223 1797/2291/223
f 1801/2288/223 1802/2305/223 761/2289/223
f 748/2293/223 754/2280/223 1792/2281/223
f 1801/2288/223 761/2289/223 748/2293/223
f 748/2293/223 1792/2281/223 1795/2294/223
f 1785/2266/223 1603/4717/223 1609/2290/223
f 1609/2290/223 1612/2292/223 1798/2282/223
f 1798/2282/223 1786/4716/223 1785/2266/223
f 1607/2295/224 1602/2297/224 1765/2296/224
f 1765/2296/224 1764/4718/224 1798/2282/224
f 1798/2282/224 1612/2292/224 1607/2295/224
f 1612/2292/224 1797/2291/224 1602/2297/224
f 1798/2282/224 1764/4718/224 1767/2298/224
f 1767/2298/224 1803/4719/224 1799/2283/224
f 990/2301/224 1004/2300/224 1770/2303/224
f 1803/4719/224 1767/2298/224 987/4720/224
f 1803/4719/224 987/4720/224 981/2299/224
f 990/2301/224 1770/2303/224 1800/2285/224
f 1799/2283/224 1803/4719/224 981/2299/224
f 981/2299/224 990/2301/224 1800/2285/224
f 981/2299/224 987/4720/224 1004/2300/224
f 1771/2302/224 1801/2288/224 1800/2285/224
f 1801/2288/224 1771/2302/224 1366/4721/224
f 1370/2304/224 1380/2307/224 1802/2305/224
f 1801/2288/224 1366/4721/224 1370/2304/224
f 1370/2304/224 1366/4721/224 1772/2306/224
f 177/2308/225 1817/2343/225 1806/2309/225
f 1812/2314/225 1810/2316/225 1816/2324/225
f 1811/2311/225 1807/2323/225 1804/2312/225
f 1812/2314/225 1816/2324/225 1811/2311/225
f 1809/2326/225 1813/2315/225 1805/2313/225
f 1805/2313/225 1812/2314/225 1811/2311/225
f 1804/2312/225 1809/2326/225 1805/2313/225
f 1812/2314/225 1805/2313/225 1813/2315/225
f 1814/2320/225 1815/4722/225 223/2321/225
f 223/2321/225 220/2325/225 1808/2322/225
f 1816/2324/225 1815/4722/225 1814/2320/225
f 1814/2320/225 1808/2322/225 1807/2323/225
f 1807/2323/225 1811/2311/225 1816/2324/225
f 1117/2319/225 1116/2318/225 177/2308/225
f 177/2308/225 170/2310/225 220/2325/225
f 220/2325/225 223/2321/225 1120/2317/225
f 1117/2319/225 177/2308/225 220/2325/225
f 1816/2324/227 1810/2316/227 1820/2328/227
f 1820/2328/227 1823/2358/227 1822/2329/227
f 1824/2331/227 1818/2335/227 1815/4722/227
f 1815/4722/227 1816/2324/227 1822/2329/227
f 1822/2329/227 1823/2358/227 160/2336/227
f 78/2330/227 74/2337/227 1824/2331/227
f 1822/2329/227 160/2336/227 78/2330/227
f 1824/2331/227 1815/4722/227 1822/2329/227
f 1810/2316/227 1813/2315/227 1821/2327/227
f 1821/2327/227 1819/2361/227 1820/2328/227
f 1120/2317/227 223/2321/227 221/2332/227
f 216/2333/227 1130/2345/227 1124/2334/227
f 1124/2334/227 1120/2317/227 221/2332/227
f 1818/2335/227 1824/2331/227 216/2333/227
f 216/2333/459 221/2332/459 223/2321/459
f 223/2321/227 1815/4722/227 1818/2335/227
f 1112/2338/227 1137/2348/227 187/2339/227
f 187/2339/550 175/2344/550 177/2308/550
f 177/2308/227 1116/2318/227 1112/2338/227
f 1827/2341/227 1826/2340/227 1828/2353/227
f 1817/2343/227 177/2308/227 175/2344/227
f 175/2344/227 187/2339/227 1825/2342/227
f 1827/2341/227 1828/2353/227 1817/2343/227
f 175/2344/227 1825/2342/227 1827/2341/227
f 1130/2345/227 1137/2348/227 1112/2338/227
f 1112/2338/227 1116/2318/227 1120/2317/227
f 1120/2317/227 1124/2334/227 1130/2345/227
f 1137/2348/228 1130/2345/228 1123/2346/228
f 1123/2346/228 1125/2375/228 1109/2347/228
f 1109/2347/228 1110/2365/228 1137/2348/228
f 1826/2340/228 1825/2342/228 1833/2349/228
f 1833/2349/228 1835/2354/228 1836/2350/228
f 1836/2350/228 1834/2351/228 1826/2340/228
f 1828/2353/228 1826/2340/228 1834/2351/228
f 1834/2351/228 1836/2350/228 1837/2352/228
f 1833/2349/228 1825/2342/228 187/2339/228
f 187/2339/228 186/4723/228 1835/2354/228
f 74/2337/228 79/2359/228 1832/2355/228
f 1130/2345/228 216/2333/228 213/2356/228
f 213/2356/228 1125/2375/228 1123/2346/228
f 79/2359/228 74/2337/228 160/2336/228
f 1832/2355/228 79/2359/228 71/2363/228
f 213/2356/228 216/2333/228 1824/2331/228
f 1832/2355/228 71/2363/228 213/2356/228
f 1831/2360/228 1830/2362/228 1829/4724/228
f 1829/4724/228 158/2364/228 161/2357/228
f 161/2357/228 1823/2358/228 1820/2328/228
f 1831/2360/228 1829/4724/228 161/2357/228
f 1831/2360/228 1820/2328/228 1819/2361/228
f 71/2363/228 79/2359/228 161/2357/228
f 1109/2347/228 186/4723/228 187/2339/228
f 187/2339/228 1137/2348/228 1110/2365/228
f 213/2356/229 220/4725/229 170/2370/229
f 170/2370/229 186/4723/229 1109/2347/229
f 1115/2371/229 1125/2375/229 213/2356/229
f 170/2370/229 1109/2347/229 1115/2371/229
f 1835/2354/229 186/4723/229 170/2370/229
f 1837/2352/229 1836/2350/229 1840/2374/229
f 1837/2352/229 1840/2374/229 1841/2373/229
f 1839/4726/229 1835/2354/229 170/2370/229
f 1806/2372/229 1837/2352/229 1841/2373/229
f 1841/2373/229 1839/4726/229 170/2370/229
f 1840/2374/229 1836/2350/229 1835/2354/229
f 1835/2354/229 1839/4726/229 1841/2373/229
f 1808/2367/229 220/4725/229 213/2356/229
f 213/2356/229 71/2363/229 70/2369/229
f 70/2369/229 158/2364/229 1829/4724/229
f 1829/4724/229 1804/4727/229 1807/2366/229
f 1838/2368/229 1808/2367/229 213/2356/229
f 70/2369/229 1829/4724/229 1807/2366/229
f 1838/2368/229 213/2356/229 70/2369/229
f 1844/2378/230 1849/2382/230 1848/2376/230
f 1848/2376/230 1842/4728/230 1843/2377/230
f 1843/2377/230 1845/2380/230 1846/2379/230
f 1850/2384/231 1848/2376/231 1849/2382/231
f 1849/2382/231 1852/2385/231 1851/2383/231
f 1855/2387/232 1851/2383/232 1852/2385/232
f 1852/2385/232 1853/2389/232 1856/2386/232
f 1858/2388/232 1857/2391/232 1856/2386/232
f 1843/2393/233 1861/2395/233 1856/2386/233
f 1856/2386/233 1857/2391/233 1859/2392/233
f 1859/2392/233 1845/2396/233 1843/2393/233
f 1861/2395/233 1843/2393/233 1842/2394/233
f 1842/2394/233 1860/4729/233 1855/2387/233
f 1855/2387/233 1856/2386/233 1861/2395/233
f 1859/2392/233 1857/2391/233 1854/2390/233
f 1854/2390/233 1847/4730/233 1845/2396/233
f 1405/2400/234 1402/2403/234 1862/2401/234
f 1862/2401/234 1864/2409/234 1408/2402/234
f 1393/2398/234 1397/2397/234 1402/2403/234
f 1402/2403/234 1405/2400/234 1408/2402/234
f 1408/2402/234 1865/4731/234 1393/2398/234
f 1864/2409/235 1866/4732/235 243/2411/235
f 234/2407/235 232/2410/235 1403/2412/235
f 1864/2409/235 243/2411/235 234/2407/235
f 1406/2408/235 1408/2402/235 1864/2409/235
f 234/2407/235 1403/2412/235 1406/2408/235
f 1403/2412/235 1399/2404/235 1395/2406/235
f 1395/2406/235 1865/4731/235 1408/2402/235
f 1408/2402/235 1406/2408/235 1403/2412/235
f 1869/2420/236 1867/2405/236 1399/2404/236
f 1398/2414/236 1403/2412/236 232/2410/236
f 1869/2420/236 1399/2404/236 1398/2414/236
f 881/2415/236 882/2417/236 1869/2420/236
f 1868/4733/236 891/2416/236 881/2415/236
f 243/2411/236 1866/4732/236 1868/4733/236
f 1398/2414/236 232/2410/236 231/2413/236
f 231/2413/236 243/2411/236 1868/4733/236
f 881/2415/236 1869/2420/236 1398/2414/236
f 231/2413/236 1868/4733/236 881/2415/236
f 1868/4733/237 1862/4734/237 1402/2422/237
f 1400/2419/237 1397/2421/237 1863/4735/237
f 1868/4733/237 1402/2422/237 1400/2419/237
f 880/2418/237 891/2416/237 1868/4733/237
f 1869/2420/237 882/2417/237 880/2418/237
f 1400/2419/237 1863/4735/237 1869/2420/237
f 880/2418/237 1868/4733/237 1400/2419/237
f 1870/2433/238 517/4736/238 440/2423/238
f 440/2423/238 460/2451/238 467/2450/238
f 467/2450/238 468/2449/238 974/2424/238
f 974/2424/238 1872/2432/238 1871/2425/238
f 1871/2425/238 1870/2433/238 440/2423/238
f 440/2423/238 467/2450/238 974/2424/238
f 945/2431/238 942/2447/238 482/2429/238
f 482/2429/238 468/2449/238 972/2430/238
f 972/2430/238 963/2455/238 945/2431/238
f 1565/2434/238 1568/2442/238 1881/2435/238
f 1873/2437/238 1879/4737/238 1883/2438/238
f 1568/2442/238 1576/2444/238 1579/2440/238
f 1579/2440/238 1586/2460/238 1561/2441/238
f 440/2423/238 517/4736/238 1315/2427/238
f 1316/2426/238 1324/2428/238 1877/4738/238
f 440/2423/238 1315/2427/238 1316/2426/238
f 1878/2446/238 460/2451/238 440/2423/238
f 1316/2426/238 1877/4738/238 1878/2446/238
f 1873/2437/238 1880/2439/238 1586/2460/238
f 1579/2440/238 1576/2444/238 1874/2443/238
f 1873/2437/238 1586/2460/238 1579/2440/238
f 963/2455/238 1883/2438/238 1879/4737/238
f 1873/2437/238 1579/2440/238 1874/2443/238
f 945/2431/238 963/2455/238 1879/4737/238
f 1873/2437/238 1874/2443/238 942/2447/238
f 945/2431/238 1879/4737/238 1873/2437/238
f 1881/2435/238 1568/2442/238 1561/2441/238
f 1882/2448/238 1876/4619/238 1875/2436/238
f 1881/2435/238 1561/2441/238 1882/2448/238
f 1568/2442/238 1565/2434/238 1575/2445/238
f 1880/2439/241 1883/2438/241 957/2456/241
f 946/2467/241 956/2463/241 1885/2453/241
f 1880/2439/241 957/2456/241 946/2467/241
f 1240/2454/241 1246/2468/241 1880/2439/241
f 1885/2453/241 1262/2469/241 1240/2454/241
f 1880/2439/241 946/2467/241 1885/2453/241
f 911/2458/241 972/2430/241 467/2450/241
f 461/2452/241 460/2451/241 1878/2446/241
f 911/2458/241 467/2450/241 461/2452/241
f 1884/2457/241 925/2476/241 911/2458/241
f 461/2452/241 1878/2446/241 1884/2457/241
f 1562/2459/241 1561/2441/241 1586/2460/241
f 956/2463/241 957/2456/241 963/2455/241
f 963/2455/241 972/2430/241 911/2458/241
f 911/2458/241 925/2476/241 936/2462/241
f 936/2462/241 956/2463/241 963/2455/241
f 1880/2439/241 1246/2468/241 1227/2464/241
f 1227/2464/241 1289/2466/241 1887/4739/241
f 1887/4739/241 1882/2448/241 1561/2441/241
f 1887/4739/241 1561/2441/241 1562/2459/241
f 1573/2461/241 1586/2460/241 1880/2439/241
f 1227/2464/241 1887/4739/241 1562/2459/241
f 1573/2461/241 1880/2439/241 1227/2464/241
f 1227/2464/241 1246/2468/241 1886/2465/241
f 1246/2468/241 1240/2454/241 1262/2469/241
f 1888/2470/242 1321/2479/242 1319/2471/242
f 1895/2473/242 1896/2509/242 1889/2474/242
f 1260/2486/242 1885/2453/242 936/2462/242
f 1260/2486/242 936/2462/242 927/2477/242
f 476/2481/242 1258/2487/242 1260/2486/242
f 1898/2472/242 463/2480/242 462/2482/242
f 476/2481/242 1260/2486/242 927/2477/242
f 1884/2457/242 1890/4740/242 1328/2500/242
f 1318/2489/242 1321/2479/242 1888/2470/242
f 1884/2457/242 1328/2500/242 1318/2489/242
f 476/2481/242 927/2477/242 925/2476/242
f 1888/2470/242 1898/2472/242 462/2482/242
f 462/2482/242 476/2481/242 925/2476/242
f 1884/2457/242 1318/2489/242 1888/2470/242
f 1888/2470/242 462/2482/242 925/2476/242
f 1258/2487/242 1285/2510/242 1288/2484/242
f 1893/2488/242 1260/2486/242 1258/2487/242
f 1285/2510/242 1895/2473/242 1894/2475/242
f 1889/2474/242 1896/2509/242 1897/4741/242
f 1285/2510/242 1894/2475/242 1889/2474/242
f 1892/2485/242 1288/2484/242 1285/2510/242
f 1289/2466/242 1287/2483/242 1892/2485/242
f 1889/2474/242 1897/4741/242 1887/4739/242
f 1892/2485/242 1285/2510/242 1889/2474/242
f 1889/2474/242 1887/4739/242 1289/2466/242
f 1893/2488/242 1288/2484/242 1287/2483/242
f 1287/2483/242 1886/2465/242 1262/2469/242
f 1262/2469/242 1260/2486/242 1893/2488/242
f 1318/2489/242 1328/2500/242 1891/2478/242
f 471/2497/243 476/2481/243 463/2480/243
f 463/2480/243 458/2503/243 1872/2491/243
f 1872/2491/243 974/2504/243 910/2492/243
f 910/2492/243 471/2497/243 463/2480/243
f 476/2481/243 471/2497/243 926/2493/243
f 942/2494/243 1874/4742/243 1899/4743/243
f 1899/4743/243 1895/2473/243 1285/2510/243
f 1899/4743/243 1285/2510/243 1229/4744/243
f 1258/2487/243 476/2481/243 926/2493/243
f 1899/4743/243 1229/4744/243 1245/2495/243
f 1245/2495/243 1258/2487/243 926/2493/243
f 942/2494/243 1899/4743/243 1245/2495/243
f 482/2496/243 942/2494/243 926/2493/243
f 1315/2498/243 517/2512/243 448/2499/243
f 448/2499/243 449/2511/243 1320/2490/243
f 1328/2500/243 1324/2502/243 1315/2498/243
f 1315/2498/243 1320/2490/243 1891/2478/243
f 1328/2500/243 1890/4740/243 1877/2501/243
f 1320/2490/243 449/2511/243 458/2503/243
f 458/2503/243 1898/2472/243 1319/2471/243
f 471/2497/243 910/2492/243 974/2504/243
f 1895/2473/243 1899/4743/243 1874/4742/243
f 1874/4742/243 1575/2507/243 1564/2506/243
f 1564/2506/243 1565/2505/243 1875/2508/243
f 1875/2508/243 1896/2509/243 1895/2473/243
f 1895/2473/243 1874/4742/243 1564/2506/243
f 1876/1454/243 1897/4741/243 1896/2509/243
f 1245/2495/243 1229/4744/243 1285/2510/243
f 449/2511/243 1870/4745/243 1872/2491/243
f 517/2512/243 1870/4745/243 449/2511/243
f 958/2513/244 957/2529/244 1883/2514/244
f 1905/2516/244 1904/2533/244 551/2517/244
f 1261/2519/244 1273/2535/244 608/4746/244
f 608/4746/244 603/2532/244 951/2520/244
f 951/2520/244 956/2531/244 1885/2521/244
f 1885/2521/244 1260/2524/244 1261/2519/244
f 1261/2519/244 608/4746/244 951/2520/244
f 1902/2526/244 1906/2545/244 1907/2534/244
f 1901/2527/244 551/2517/244 530/2525/244
f 1902/2526/244 1907/2534/244 1901/2527/244
f 943/2528/244 956/2531/244 957/2529/244
f 961/2530/244 957/2529/244 956/2531/244
f 1904/2533/244 1905/2516/244 603/2532/244
f 603/2532/244 608/4746/244 530/2525/244
f 530/2525/244 551/2517/244 1904/2533/244
f 541/2518/244 551/2517/244 1901/2527/244
f 1260/2524/244 1893/2523/244 1273/2535/244
f 957/2529/244 961/2530/244 1903/2536/244
f 1903/2536/244 1900/4747/244 1879/2515/244
f 1883/2514/244 957/2529/244 1903/2536/244
f 956/2531/244 943/2528/244 1259/2522/244
f 1259/2522/244 1260/2524/244 1885/2521/244
f 1908/4748/245 1903/2536/245 961/2530/245
f 1908/4748/245 961/2530/245 947/2538/245
f 1242/4749/245 1241/2541/245 1908/4748/245
f 592/2564/245 1270/2542/245 1264/2537/245
f 1264/2537/245 1242/4749/245 1908/4748/245
f 1264/2537/245 1908/4748/245 947/2538/245
f 596/2548/245 592/2564/245 1264/2537/245
f 1264/2537/245 947/2538/245 951/2520/245
f 603/2532/245 596/2548/245 1264/2537/245
f 543/2540/245 555/2543/245 1910/2539/245
f 1910/2539/245 1905/2516/245 541/2518/245
f 1241/2541/245 1242/4749/245 1264/2537/245
f 543/2540/245 541/2518/245 1907/2534/245
f 1907/2534/245 1909/2557/245 555/2543/245
f 1906/2545/245 1911/1492/245 614/2546/245
f 616/2544/245 688/2547/245 1909/2557/245
f 1906/2545/245 614/2546/245 616/2544/245
f 616/2544/245 1909/2557/245 1907/2534/245
f 1910/2539/245 592/2564/245 596/2548/245
f 596/2548/245 603/2532/245 1905/2516/245
f 1880/2549/246 1873/2552/246 1913/2550/246
f 1913/2550/246 1908/4748/246 1241/2541/246
f 1241/2541/246 1246/2551/246 1880/2549/246
f 1246/2551/246 1230/2561/246 1873/2552/246
f 1912/2554/246 1910/2539/246 555/2543/246
f 555/2543/246 557/2562/246 1916/2553/246
f 1916/2553/246 1915/2573/246 1912/2554/246
f 615/2555/246 614/2546/246 1911/1492/246
f 1911/1492/246 1914/2579/246 556/2556/246
f 556/2556/246 557/2562/246 1909/2557/246
f 1909/2557/246 688/2547/246 615/2555/246
f 615/2555/246 1911/1492/246 556/2556/246
f 1886/2558/246 1246/2551/246 1241/2541/246
f 1270/2542/246 1271/2566/246 1287/2559/246
f 1886/2558/246 1241/2541/246 1270/2542/246
f 1230/2561/246 1246/2551/246 1886/2558/246
f 1886/2558/246 1287/2559/246 1286/2560/246
f 1912/2554/246 1915/2573/246 604/2563/246
f 604/2563/246 595/2567/246 592/2564/246
f 592/2564/246 1910/2539/246 1912/2554/246
f 604/2563/246 1892/2565/246 1287/2559/246
f 1271/2566/246 1270/2542/246 592/2564/246
f 604/2563/246 1287/2559/246 1271/2566/246
f 1271/2566/246 592/2564/246 595/2567/246
f 1873/2552/247 1230/2561/247 1244/2568/247
f 1244/2568/247 1259/4750/247 943/2582/247
f 944/2569/551 958/2581/551 1879/2570/551
f 1244/2568/247 943/2582/247 944/2569/247
f 944/2569/247 1879/2570/247 1873/2552/247
f 1879/2570/247 1900/4751/247 1913/2550/247
f 556/2556/247 549/2578/247 550/2571/247
f 552/2574/247 530/4752/247 608/2572/247
f 608/2572/247 604/2563/247 1915/2573/247
f 1273/2575/247 1893/2583/247 1288/2576/247
f 1288/2576/247 1892/2565/247 604/2563/247
f 604/2563/247 608/2572/247 1273/2575/247
f 1274/2577/247 1288/2576/247 604/2563/247
f 549/2578/247 556/2556/247 1914/2579/247
f 1914/2579/247 1902/4753/247 530/4752/247
f 530/4752/247 552/2574/247 1917/2580/247
f 1917/2580/247 550/2571/247 549/2578/247
f 1914/2579/247 530/4752/247 1917/2580/247
f 552/2574/247 1915/2573/247 1916/2553/247
f 1893/2583/247 1259/4750/247 1244/2568/247
f 1244/2568/247 1230/2561/247 1286/2560/247
f 1286/2560/247 1288/2576/247 1893/2583/247
f 1918/2586/248 1919/2599/248 547/4754/248
f 594/2585/248 583/2588/248 691/2592/248
f 594/2585/248 691/2592/248 1924/4755/248
f 1918/2586/248 547/4754/248 533/2584/248
f 594/2585/248 1924/4755/248 1918/2586/248
f 676/2587/248 582/2591/248 583/2588/248
f 583/2588/248 594/2585/248 1925/2600/248
f 1925/2600/248 1003/2595/248 991/2590/248
f 991/2590/248 992/2596/248 1921/4756/248
f 674/2589/248 583/2588/248 1925/2600/248
f 991/2590/248 1921/4756/248 676/2587/248
f 674/2589/248 1925/2600/248 991/2590/248
f 582/2591/248 1922/2593/248 691/2592/248
f 533/2584/248 547/4754/248 1920/2597/248
f 1918/2586/248 1924/4755/248 691/2592/248
f 691/2592/248 686/2594/248 1919/2599/248
f 1931/2604/249 1926/4757/249 1927/2602/249
f 1927/2602/249 1929/2607/249 1928/2603/249
f 1926/4757/249 1931/2604/249 598/2601/249
f 533/2584/249 534/2605/249 1930/2608/249
f 1930/2608/249 1929/2607/249 1927/2602/249
f 1926/4757/249 598/2601/249 594/2585/249
f 533/2584/249 1930/2608/249 1927/2602/249
f 1927/2602/249 1926/4757/249 594/2585/249
f 1933/2606/250 1936/2615/250 1929/2607/250
f 1932/2611/250 693/4758/250 609/2609/250
f 609/2609/250 611/4759/250 581/2610/250
f 581/2610/250 580/2612/250 1932/2611/250
f 580/2612/250 1935/2616/250 1934/2613/250
f 1936/2615/250 611/4759/250 609/2609/250
f 609/2609/250 693/4758/250 1928/2603/250
f 1928/2603/250 1929/2607/250 1936/2615/250
f 1936/2615/252 1933/2606/252 548/2617/252
f 548/2617/252 547/2626/252 1919/2618/252
f 1934/2613/252 1935/2616/252 584/2619/252
f 584/2619/252 582/2625/252 676/2620/252
f 676/2620/252 681/2623/252 1934/2613/252
f 1922/2622/252 584/2619/252 581/2610/252
f 581/2610/252 611/4759/252 612/2621/252
f 612/2621/252 686/4760/252 1922/2622/252
f 1919/2618/252 686/4760/252 612/2621/252
f 612/2621/252 611/4759/252 1936/2615/252
f 1938/2628/253 40/4761/253 36/2629/253
f 36/2629/253 40/4761/253 1937/2631/253
f 1937/2631/253 1940/2633/253 1939/2632/253
f 1939/2632/253 35/2630/253 36/2629/253
f 1940/2633/254 1941/4762/254 1942/2634/254
f 1942/2634/255 1941/4762/255 1943/2635/255
f 1937/4763/256 40/2639/256 38/2637/256
f 38/2637/256 33/2638/256 1944/2636/256
f 1943/2635/256 1937/4763/256 38/2637/256
f 33/2638/256 38/2637/256 40/2639/256
f 1843/2641/257 1861/2647/257 1841/2642/257
f 1841/2642/257 1840/2650/257 1945/2643/257
f 1945/2643/257 1844/2648/257 1843/2641/257
f 1946/2646/257 1834/4764/257 1826/2644/257
f 1826/2644/257 1827/2651/257 1948/2645/257
f 1861/2647/257 1843/2641/257 1844/2648/257
f 1841/2642/257 1827/2651/257 1826/2644/257
f 1826/2644/257 1834/4764/257 1840/2650/257
f 1950/2653/258 1948/2645/258 1827/2651/258
f 1825/2652/258 1833/2657/258 1950/2653/258
f 1856/2654/258 1861/2647/258 1947/2649/258
f 1833/2657/258 1825/2652/258 1827/2651/258
f 1827/2651/258 1841/2642/258 1839/2656/258
f 1949/2658/258 1839/2656/258 1841/2642/258
f 1841/2642/258 1861/2647/258 1856/2654/258
f 1856/2654/258 1853/2655/258 1949/2658/258
f 1857/2660/259 1858/4765/259 1951/2661/259
f 1949/2658/259 1858/4765/259 1857/2660/259
f 1857/2660/259 1859/2662/259 1955/2663/259
f 1954/2665/259 1953/2664/259 1952/2666/259
f 1857/2660/259 1955/2663/259 1954/2665/259
f 1839/2656/259 1949/2658/259 1857/2660/259
f 1950/2653/259 1833/2657/259 1835/2659/259
f 1835/2659/259 1839/2656/259 1857/2660/259
f 1857/2660/259 1954/2665/259 1952/2666/259
f 1952/2666/259 1950/2653/259 1835/2659/259
f 1955/2663/260 1859/2662/260 1845/4766/260
f 1845/4766/260 1846/2670/260 1945/2667/260
f 1945/2667/260 1840/2672/260 1836/2668/260
f 1836/2668/260 1834/2671/260 1946/4767/260
f 1946/4767/260 1952/2666/260 1953/2664/260
f 1956/2669/260 1955/2663/260 1845/4766/260
f 1836/2668/260 1946/4767/260 1953/2664/260
f 1956/2669/260 1845/4766/260 1945/2667/260
f 1836/2668/260 1953/2664/260 1956/2669/260
f 1846/2670/260 1845/4766/260 1859/2662/260
f 1963/2673/261 1964/4768/261 1958/2674/261
f 1957/2676/261 1960/2678/261 1963/2673/261
f 1962/2677/261 1961/2680/261 1960/2678/261
f 1967/2681/263 1964/4768/263 1963/2673/263
f 1965/2679/262 1960/2678/262 1961/2680/262
f 1967/2681/263 1963/2673/263 1965/2679/263
f 1961/2680/263 1966/2683/263 1967/2681/263
f 1969/2682/264 1967/2681/264 1966/2683/264
f 1983/2687/265 1974/4769/265 1019/4770/265
f 1983/2687/265 1019/4770/265 1026/2696/265
f 1036/2697/265 1975/4771/265 1984/2686/265
f 1983/2687/265 1026/2696/265 1030/2685/265
f 1030/2685/265 1036/2697/265 1984/2686/265
f 1970/2689/265 1973/4772/265 1974/4769/265
f 1983/2687/265 1981/2704/265 1980/2688/265
f 1980/2688/265 1972/2693/265 1977/2694/265
f 1980/2688/265 1977/2694/265 1982/2695/265
f 1970/2689/265 1974/4769/265 1983/2687/265
f 1980/2688/265 1982/2695/265 1970/2689/265
f 1979/2690/265 1976/4773/265 1971/2691/265
f 1980/2688/265 1981/2704/265 1978/2692/265
f 1978/2692/265 1971/2691/265 1972/2693/265
f 1977/2694/265 1973/4772/265 1970/2689/265
f 1026/2696/265 1019/4770/265 1036/2697/265
f 871/2700/266 843/4774/266 844/2698/266
f 844/2698/552 1988/4775/552 866/2699/552
f 1979/2690/266 1978/2692/266 1985/2701/266
f 1984/2686/266 1987/4776/266 844/2698/266
f 1984/2686/266 844/2698/266 843/4774/266
f 1978/2692/266 1981/2704/266 1991/2703/266
f 1989/2709/266 1986/2702/266 1985/2701/266
f 1985/2701/266 1978/2692/266 1991/2703/266
f 1983/2687/266 1984/2686/266 843/4774/266
f 1983/2687/266 843/4774/266 871/2700/266
f 1989/2709/266 1985/2701/266 1991/2703/266
f 1991/2703/266 1983/2687/266 871/2700/266
f 866/2699/266 1993/2705/266 1990/2707/266
f 1990/2707/266 1992/2706/266 1989/2709/266
f 1991/2703/266 871/2700/266 866/2699/266
f 1990/2707/266 1989/2709/266 1991/2703/266
f 1992/2706/267 1996/2712/267 2003/2708/267
f 1992/2706/267 1993/2705/267 1994/2710/267
f 1994/2710/267 2004/2719/267 1998/2711/267
f 1998/2711/267 1997/2718/267 1996/2712/267
f 1996/2712/267 1992/2706/267 1994/2710/267
f 1994/2710/267 1993/2705/267 866/2699/267
f 2004/2719/267 1994/2710/267 866/2699/267
f 1995/2725/267 2004/2719/267 866/2699/267
f 1995/2725/267 866/2699/267 868/2717/267
f 845/2716/267 1029/4777/267 1028/2721/267
f 842/2713/267 845/2716/267 1028/2721/267
f 2000/2715/553 1995/2725/553 868/2717/553
f 842/2713/267 1028/2721/267 1024/2714/267
f 2000/2715/267 868/2717/267 842/2713/267
f 866/2699/267 1988/4775/267 845/2716/267
f 845/2716/267 842/2713/267 868/2717/267
f 1997/2718/267 1998/2711/267 2004/2719/267
f 1035/2723/267 1024/2714/267 1028/2721/267
f 1028/2721/267 1029/4777/267 1033/2722/267
f 1035/2723/267 1033/2722/267 2002/2724/267
f 1995/2725/267 2000/2715/267 1999/2720/267
f 2006/2727/268 1997/2718/268 1999/2720/268
f 1999/2720/268 1973/4778/268 1977/2726/268
f 1019/2728/268 1974/2731/268 2000/2715/268
f 1996/2712/268 2006/2727/268 1972/2729/268
f 1972/2729/268 1971/2735/268 2005/2730/268
f 2005/2730/268 2003/2708/268 1996/2712/268
f 1974/2731/268 1973/4778/268 1999/2720/268
f 1024/2714/268 1035/2723/268 1036/2732/268
f 1975/2733/268 1036/2732/268 1035/2723/268
f 2014/2738/269 2009/2742/269 2007/2736/269
f 2007/2736/269 2010/2740/269 2013/2737/269
f 2011/2739/269 2015/2752/269 2013/2737/269
f 2014/2738/269 2012/2749/269 2008/2741/269
f 2008/2741/269 2007/2736/269 2009/2742/269
f 1540/2743/270 1537/2750/270 1548/2744/270
f 2014/2738/270 2013/2737/270 2018/2747/270
f 1537/2750/270 1540/2743/270 2012/2749/270
f 2012/2749/270 2014/2738/270 2017/2748/270
f 2019/2751/270 2018/2747/270 2013/2737/270
f 2022/2761/271 2016/2746/271 1548/2744/271
f 1538/2753/271 1537/2750/271 2017/2748/271
f 2022/2761/271 1548/2744/271 1538/2753/271
f 2026/2755/271 2021/2758/271 2022/2761/271
f 2024/4779/271 2025/2757/271 2026/2755/271
f 2018/2747/271 2019/2751/271 2024/4779/271
f 2023/2756/271 2018/2747/271 2024/4779/271
f 2026/2755/271 2022/2761/271 1538/2753/271
f 2023/2756/271 2024/4779/271 2026/2755/271
f 1538/2753/271 2017/2748/271 2020/2754/271
f 2020/2754/271 2023/2756/271 2026/2755/271
f 2020/2754/271 2017/2748/271 2018/2747/271
f 2024/4779/272 2011/4780/272 2010/2762/272
f 2027/2760/272 2007/2763/272 2008/4781/272
f 2024/4779/272 2010/2762/272 2027/2760/272
f 2028/2759/272 2025/2757/272 2024/4779/272
f 2022/2761/272 2021/2758/272 2028/2759/272
f 2027/2760/272 2008/4781/272 2022/2761/272
f 2028/2759/272 2024/4779/272 2027/2760/272
f 1702/2765/273 2030/4782/273 2031/2767/273
f 1683/2771/275 1702/4783/275 2029/2772/275
f 2030/4784/275 1702/4783/275 1683/2771/275
f 1683/2771/275 1685/2773/275 2034/2768/275
f 2033/2770/275 2030/4784/275 1683/2771/275
f 2036/2776/276 2046/2778/276 1793/2796/276
f 1788/2774/276 1784/2798/276 2037/2775/276
f 2036/2776/276 1793/2796/276 1788/2774/276
f 2037/2775/277 2038/4785/277 2036/2776/277
f 2038/4785/276 2035/4786/276 2044/2777/276
f 2044/2777/276 2045/2818/276 2046/2778/276
f 2036/2776/277 2038/4785/277 2044/2777/277
f 996/2779/276 995/2787/276 2040/2780/276
f 2039/2781/277 2040/2780/277 737/2782/277
f 737/2782/276 756/2806/276 996/2779/276
f 745/2783/276 756/2806/276 989/2807/276
f 1769/2784/276 1015/4787/276 1007/2785/276
f 1007/2785/276 772/2799/276 745/2783/276
f 745/2783/277 989/2807/277 1769/2784/277
f 996/2779/276 1013/2789/276 1012/2786/276
f 2042/2788/276 1012/2786/276 1013/2789/276
f 1356/2793/276 1347/2795/276 1348/2791/276
f 1348/2791/276 2043/4788/276 1359/2792/276
f 1359/2792/276 705/4789/276 694/2800/276
f 694/2800/276 772/2799/276 1007/2785/276
f 1007/2785/276 1015/4787/276 643/2803/276
f 635/2805/277 634/2804/277 2049/2794/277
f 1007/2785/276 643/2803/276 635/2805/276
f 1359/2792/276 694/2800/276 1007/2785/276
f 1356/2793/276 1359/2792/276 1007/2785/276
f 1007/2785/554 635/2805/554 2049/2794/554
f 2049/2794/276 1348/2791/276 1347/2795/276
f 1347/2795/276 1356/2793/276 1007/2785/276
f 1784/2798/276 1788/2774/276 1793/2796/276
f 1793/2796/276 2047/2808/276 2048/2797/276
f 694/2800/276 705/4789/276 2042/2788/276
f 2041/2790/276 1013/2789/276 772/2799/276
f 694/2800/276 2042/2788/276 2041/2790/276
f 980/4790/276 989/2807/276 1775/2801/276
f 1775/2801/276 1784/2798/276 2048/2797/276
f 2048/2797/276 2047/2808/276 982/2802/276
f 982/2802/555 980/4790/555 1775/2801/555
f 756/2806/276 745/2783/276 772/2799/276
f 772/2799/276 1013/2789/276 996/2779/276
f 989/2807/276 980/4790/276 982/2802/276
f 1775/2801/276 989/2807/276 756/2806/276
f 737/2782/276 2037/2775/276 1784/2798/276
f 1775/2801/276 756/2806/276 737/2782/276
f 2058/2810/193 2052/2824/193 2047/2808/193
f 2047/2808/278 1793/2796/278 1796/2809/278
f 2053/2811/278 2057/2842/278 1350/2812/278
f 976/2816/278 1015/4787/278 1769/2784/278
f 2051/2817/278 2046/2778/278 2045/2818/278
f 2045/2818/278 2050/4791/278 2054/2819/278
f 2054/2819/278 2055/2820/278 2051/2817/278
f 2055/2820/278 1796/2809/278 1793/2796/278
f 1793/2796/193 2046/2778/193 2051/2817/193
f 645/2821/278 644/2828/278 1351/2813/278
f 2052/2824/193 2058/2810/193 1768/2823/193
f 1768/2823/193 988/2815/193 982/2802/193
f 982/2802/193 2047/2808/193 2052/2824/193
f 636/2814/278 634/2804/278 643/2803/278
f 643/2803/278 644/2828/278 1346/2825/278
f 1346/2825/278 1344/2827/278 2059/2826/278
f 2059/2826/193 636/2814/193 643/2803/193
f 2053/2811/278 1351/2813/278 644/2828/278
f 643/2803/278 1015/4787/278 976/2816/278
f 976/2816/193 988/2815/193 1768/2823/193
f 1768/2823/278 2057/2842/278 2053/2811/278
f 2053/2811/278 644/2828/278 643/2803/278
f 643/2803/278 976/2816/278 1768/2823/278
f 1344/2827/278 1346/2825/278 644/2828/278
f 695/2829/282 773/2832/282 1016/2830/282
f 1782/2835/282 2058/2810/282 1796/2809/282
f 1791/2836/282 1796/2809/282 2055/2820/282
f 2061/2837/282 1782/2835/282 1791/2836/282
f 2060/2838/282 2056/2822/282 1350/2812/282
f 2059/2826/282 1344/2827/282 646/2840/282
f 985/2843/282 1016/2830/282 773/2832/282
f 743/2844/282 735/2846/282 985/2843/282
f 977/2833/556 773/2832/556 695/2829/556
f 695/2829/282 704/2831/282 1360/2855/282
f 1357/4792/282 1358/2839/282 2057/2842/282
f 695/2829/282 1360/2855/282 1357/4792/282
f 743/2844/282 770/2834/282 977/2833/282
f 977/2833/282 695/2829/282 1357/4792/282
f 1357/4792/282 2057/2842/282 1768/2823/282
f 1774/2845/282 1782/2835/282 2061/2837/282
f 977/2833/282 1357/4792/282 1768/2823/282
f 743/2844/282 977/2833/282 1768/2823/282
f 743/2844/282 1768/2823/282 1774/2845/282
f 2055/2820/282 2054/2819/282 2062/2856/282
f 2061/2837/282 2055/2820/282 2062/2856/282
f 735/2846/282 743/2844/282 1774/2845/282
f 2061/2837/282 2062/2856/282 735/2846/282
f 1341/2847/282 646/2840/282 645/2821/282
f 645/2821/282 2056/2822/282 2060/2838/282
f 2060/2838/282 1358/2839/282 1357/4792/282
f 1357/4792/282 1360/2855/282 2063/2848/282
f 2063/2848/282 1341/2847/282 645/2821/282
f 2060/2838/282 1357/4792/282 2063/2848/282
f 1774/2845/282 1768/2823/282 2058/2810/282
f 1008/2853/283 1016/2830/283 985/2843/283
f 985/2843/283 984/2857/283 994/2852/283
f 994/2852/283 1014/2863/283 1008/2853/283
f 1359/2854/283 2043/4793/283 2063/2848/283
f 2062/2856/283 2035/4794/283 2038/2850/283
f 2064/2849/283 2037/2851/283 737/4795/283
f 2062/2856/283 2038/2850/283 2064/2849/283
f 2064/2849/283 737/4795/283 735/2846/283
f 984/2857/283 985/2843/283 735/2846/283
f 735/2846/283 737/4795/283 2040/2859/283
f 2065/2858/283 994/2852/283 984/2857/283
f 735/2846/283 2040/2859/283 2065/2858/283
f 2040/2859/283 995/4796/283 994/2852/283
f 700/2860/283 701/2862/283 1014/2863/283
f 1014/2863/283 1012/2865/283 2042/2864/283
f 701/2862/190 704/2831/190 1016/2830/190
f 1008/2853/283 1014/2863/283 701/2862/283
f 994/2852/190 995/4796/190 1012/2865/190
f 2066/2861/190 700/2860/190 705/2866/190
f 705/2866/283 1359/2854/283 1360/2855/283
f 1360/2855/283 704/2831/283 701/2862/283
f 2066/2861/283 705/2866/283 1360/2855/283
f 2073/2872/288 2068/4797/288 2067/2870/288
f 2067/2870/288 2069/2873/288 2072/2871/288
f 2072/2871/288 2071/2874/288 2073/2872/288
f 2069/2873/288 2075/2869/288 2074/2868/288
f 2074/2868/288 2071/2874/288 2072/2871/288
f 2071/2874/289 2074/2868/289 2077/2875/289
f 2077/2875/289 2074/2868/289 2070/2867/289
f 2078/2877/289 2080/2879/289 2079/2878/289
f 2079/2878/289 2081/2880/289 2082/4798/289
f 2082/4798/289 2073/2872/289 2071/2874/289
f 2082/4798/289 2071/2874/289 2076/2876/289
f 2079/2878/289 2082/4798/289 2076/2876/289
f 2077/2875/289 2070/2867/289 2078/2877/289
f 2079/2878/289 2076/2876/289 2077/2875/289
f 2083/2882/290 2081/2880/290 2080/2879/290
f 2080/2879/290 2084/2884/290 2085/2881/290
f 2085/2881/290 2087/2885/290 2083/2882/290
f 2086/2883/290 2082/4798/290 2081/2880/290
f 2083/2882/290 2087/2885/290 2086/2883/290
f 2087/2885/291 2085/2881/291 2089/2886/291
f 2088/2887/291 2089/2886/291 2067/2888/291
f 2067/2888/291 2068/4799/291 2086/2883/291
f 2086/2883/557 2087/2885/557 2088/2887/557
f 2092/2889/292 2096/2899/292 2094/2890/292
f 1751/2892/292 1755/2897/292 1732/2893/292
f 2097/2896/292 2098/2898/292 2093/2891/292
f 2094/2890/292 2096/2899/292 2091/2895/292
f 2097/2896/292 2093/2891/292 2094/2890/292
f 2095/2900/292 409/4800/292 403/2909/292
f 403/2909/292 1544/2905/292 1534/2904/292
f 1534/2904/292 1541/2906/292 1735/2894/292
f 1534/2904/292 1735/2894/292 1732/2893/292
f 2095/2900/292 403/2909/292 1534/2904/292
f 2091/2895/292 2096/2899/292 2095/2900/292
f 2091/2895/292 2095/2900/292 1534/2904/292
f 1534/2904/292 1732/2893/292 1755/2897/292
f 1755/2897/292 1751/2892/292 2101/4801/292
f 2101/4801/292 2099/4802/292 2098/2898/292
f 2097/2896/292 2091/2895/292 1534/2904/292
f 1755/2897/292 2101/4801/292 2098/2898/292
f 2097/2896/292 1534/2904/292 1755/2897/292
f 2100/2901/292 397/2923/292 381/2902/292
f 381/2902/292 434/2910/292 1714/2907/292
f 381/2902/292 1714/2907/292 1718/4803/292
f 1725/2908/292 2090/4804/292 2100/2901/292
f 381/2902/292 1718/4803/292 1721/2903/292
f 1721/2903/292 1725/2908/292 2100/2901/292
f 1721/2903/292 1718/4803/292 1714/2907/292
f 381/2902/292 397/2923/292 403/2909/292
f 403/2909/292 409/4800/292 434/2910/292
f 405/2911/293 1554/2918/293 1546/2912/293
f 1546/2912/293 1544/2905/293 403/2909/293
f 1751/2892/293 1735/2894/293 1739/2913/293
f 2101/4801/293 1751/2892/293 1745/2914/293
f 1739/2913/293 1735/2894/293 1541/2906/293
f 2101/4801/293 1745/2914/293 1739/2913/293
f 2106/2920/293 2107/2933/293 2101/4801/293
f 1518/2915/293 1519/2919/293 2103/2916/293
f 2103/2916/293 2106/2920/293 2101/4801/293
f 1739/2913/293 1541/2906/293 1518/2915/293
f 2103/2916/293 2101/4801/293 1739/2913/293
f 2102/2917/293 1519/2919/293 1518/2915/293
f 1518/2915/293 1541/2906/293 1544/2905/293
f 1544/2905/293 1546/2912/293 1554/2918/293
f 2102/2917/293 1518/2915/293 1544/2905/293
f 1519/2919/293 1514/2925/293 2106/2920/293
f 382/2921/293 397/2923/293 2100/2901/293
f 2100/2901/293 2104/2949/293 435/2922/293
f 405/2911/293 403/2909/293 397/2923/293
f 397/2923/293 382/2921/293 435/2922/293
f 435/2922/293 2105/2927/293 405/2911/293
f 1514/2925/293 1519/2919/293 2102/2917/293
f 2102/2917/293 1554/2918/293 1555/2924/293
f 405/2911/293 401/2926/293 1555/2924/293
f 1555/2924/295 401/2926/295 406/2928/295
f 2105/2927/295 435/2922/295 432/2930/295
f 432/2930/295 410/2947/295 406/2928/295
f 2106/2920/295 2108/2937/295 2109/2931/295
f 2109/2931/295 2116/2951/295 1740/2938/295
f 2109/2931/295 1740/2938/295 1737/2939/295
f 2107/2933/295 2106/2920/295 2109/2931/295
f 1752/4805/295 2117/4806/295 2107/2933/295
f 2109/2931/295 1737/2939/295 1746/2932/295
f 1746/2932/295 1752/4805/295 2107/2933/295
f 1523/2936/295 1514/2925/295 1555/2924/295
f 1555/2924/295 1551/2929/295 2112/2934/295
f 2112/2934/295 2111/2942/295 2110/2935/295
f 2110/2935/295 1523/2936/295 1555/2924/295
f 2106/2920/295 1514/2925/295 1523/2936/295
f 1740/2938/295 1752/4805/295 1746/2932/295
f 2112/2934/295 1551/2929/295 1545/2940/295
f 1545/2940/295 1543/2970/295 1529/2941/295
f 1529/2941/295 1530/2946/295 2111/2942/295
f 2111/2942/295 2112/2934/295 1545/2940/295
f 1522/2943/295 1532/2948/295 2115/2944/295
f 2115/2944/295 2108/2937/295 1523/2936/295
f 410/2947/295 1543/2970/295 1545/2940/295
f 1545/2940/295 1551/2929/295 406/2928/295
f 2111/2942/295 1532/2948/295 1522/2943/295
f 1522/2943/295 1523/2936/295 2110/2935/295
f 432/2930/295 435/2922/295 2104/2949/295
f 2115/2944/295 1532/2948/295 1530/2946/295
f 1530/2946/295 2114/2945/295 2116/2951/295
f 2116/2951/295 2109/2931/295 2108/2937/295
f 2115/2944/295 1530/2946/295 2116/2951/295
f 2099/4807/296 2117/4806/296 1752/4805/296
f 2099/4807/296 1752/4805/296 1758/2952/296
f 2116/2951/296 2120/2961/296 2098/2954/296
f 1731/2953/296 1740/2938/296 2116/2951/296
f 2098/2954/296 2099/4807/296 1758/2952/296
f 1731/2953/296 2116/2951/296 2098/2954/296
f 2122/2958/296 2114/2945/296 1529/2941/296
f 1535/2955/296 1543/2970/296 410/2947/296
f 2122/2958/296 1529/2941/296 1535/2955/296
f 2121/2957/296 2123/2963/296 2118/2962/296
f 2118/2962/558 2122/2958/558 1535/2955/558
f 1535/2955/296 410/2947/296 409/2956/296
f 409/2956/296 2095/2967/296 2121/2957/296
f 2121/2957/296 2118/2962/296 1535/2955/296
f 2116/2951/296 2114/2945/296 2122/2958/296
f 2119/2959/559 2120/2961/559 2116/2951/559
f 2122/2958/296 2123/2963/296 2092/2960/296
f 2092/2960/296 2093/2968/296 2120/2961/296
f 2120/2961/296 2119/2959/296 2122/2958/296
f 2113/2950/296 2090/4808/296 1725/2966/296
f 2113/2950/296 1725/2966/296 1722/2964/296
f 1714/4809/296 434/2969/296 432/2930/296
f 1717/2965/296 1714/4809/296 432/2930/296
f 432/2930/296 2113/2950/296 1722/2964/296
f 1725/2966/296 1714/4809/296 1717/2965/296
f 2095/2967/296 2092/2960/296 2123/2963/296
f 410/2947/296 432/2930/296 434/2969/296
f 1758/2952/296 1752/4805/296 1740/2938/296
f 2125/2971/560 819/2973/560 820/2974/560
f 820/2974/297 827/2990/297 2131/2975/297
f 2131/2975/297 2128/2980/297 2126/2976/297
f 2126/2976/297 2125/2971/297 820/2974/297
f 1957/2977/297 2127/4810/297 1965/2978/297
f 1960/2979/297 1965/2978/297 2126/2976/297
f 2128/2980/297 2131/2975/297 2132/2981/297
f 1960/2979/297 2126/2976/297 2128/2980/297
f 2132/2981/297 1957/2977/297 1960/2979/297
f 1669/2982/297 1663/2986/297 793/2983/297
f 819/2973/297 808/2972/297 792/2985/297
f 792/2985/297 793/2983/297 1663/2986/297
f 1663/2986/297 1669/2982/297 819/2973/297
f 784/2987/297 781/2992/297 1678/2988/297
f 781/2992/297 784/2987/297 827/2990/297
f 827/2990/297 820/2974/297 819/2973/297
f 819/2973/297 1669/2982/297 1672/2991/297
f 1672/2991/561 781/2992/561 827/2990/561
f 1658/2993/297 793/2983/297 792/2985/297
f 2129/2995/297 2130/2989/297 1678/2988/297
f 2129/2995/298 1678/2988/298 1655/2996/298
f 1658/2993/297 792/2985/297 2124/2994/297
f 2129/2995/297 1655/2996/297 1658/2993/297
f 1655/2996/298 1678/2988/298 782/2984/298
f 782/2984/297 793/2983/297 1658/2993/297
f 782/2984/298 781/2992/298 1672/2991/298
f 2134/2999/299 2132/2981/299 2131/2975/299
f 2131/2975/299 61/3009/299 8/4811/299
f 8/4811/299 12/3023/299 1458/3040/299
f 8/4811/299 1458/3040/299 1451/3014/299
f 2134/2999/299 2131/2975/299 8/4811/299
f 1467/3015/299 2137/3032/299 2136/2998/299
f 8/4811/299 1451/3014/299 1474/2997/299
f 1474/2997/299 1467/3015/299 2136/2998/299
f 2134/2999/299 8/4811/299 1474/2997/299
f 790/3000/299 1679/3013/299 2133/3001/299
f 812/3004/299 817/3022/299 827/2990/299
f 827/2990/299 784/2987/299 790/3000/299
f 1674/3003/299 812/3004/299 827/2990/299
f 790/3000/299 802/3002/299 811/3005/299
f 811/3005/299 812/3004/299 1674/3003/299
f 58/3010/299 1673/3006/299 811/3005/299
f 801/3011/299 802/3002/299 2133/3001/299
f 58/3010/299 811/3005/299 801/3011/299
f 1653/3012/299 57/3020/299 58/3010/299
f 2133/3001/299 1679/3013/299 1653/3012/299
f 1653/3012/299 58/3010/299 801/3011/299
f 784/2987/299 2130/2989/299 1679/3013/299
f 1451/3014/299 1458/3040/299 1467/3015/299
f 2136/2998/299 2137/3032/299 2138/3016/299
f 58/3010/299 57/3020/299 1654/3017/299
f 2139/3019/299 1654/3017/299 57/3020/299
f 61/3009/299 2131/2975/299 827/2990/299
f 817/3022/562 812/3004/562 1673/3006/562
f 61/3009/299 827/2990/299 817/3022/299
f 1673/3006/299 60/3007/299 61/3009/299
f 58/3010/299 1668/3018/299 12/3023/299
f 12/3023/299 8/4811/299 61/3009/299
f 2135/3008/299 60/3007/299 58/3010/299
f 12/3023/299 61/3009/299 2135/3008/299
f 1653/3012/299 1679/3013/299 2130/2989/299
f 2130/2989/299 2129/2995/299 63/3021/299
f 63/3021/299 57/3020/299 1653/3012/299
f 2147/3025/301 2140/4812/301 2138/3016/301
f 2138/3016/301 2137/3032/301 1468/3024/301
f 1468/3024/300 1469/3034/300 2147/3025/300
f 11/3026/300 1668/3018/300 1654/3017/300
f 1666/3028/301 11/3026/301 13/3027/301
f 2144/3031/300 2140/4812/300 2147/3025/300
f 2147/3025/300 1469/3034/300 1471/3030/300
f 2145/3035/301 1468/3024/301 1467/3015/301
f 1467/3015/300 1458/3040/300 1449/3033/300
f 1449/3033/300 1471/3030/300 1469/3034/300
f 2145/3035/301 1467/3015/301 1449/3033/301
f 13/3027/301 1654/3017/301 2139/3019/301
f 2143/3037/300 1449/3033/300 1458/3040/300
f 1458/3040/300 12/3023/300 11/3026/300
f 1458/3040/301 11/3026/301 1666/3028/301
f 2146/3038/300 2143/3037/300 1458/3040/300
f 2141/3041/300 2142/3039/300 2146/3038/300
f 13/3027/300 16/3036/300 2141/3041/300
f 1659/3029/300 13/3027/300 2141/3041/300
f 2141/3041/301 2146/3038/301 1458/3040/301
f 1666/3028/300 1659/3029/300 2141/3041/300
f 1959/4813/302 2144/3031/302 1471/3030/302
f 1959/4813/302 1471/3030/302 1472/3045/302
f 2126/4814/302 1965/3052/302 1963/3044/302
f 1963/3044/563 1959/4813/563 1472/3045/563
f 1450/3042/302 1449/3033/302 2143/3037/302
f 1963/3044/302 1472/3045/302 1450/3042/302
f 2149/3043/302 2126/4814/302 1963/3044/302
f 1450/3042/302 2143/3037/302 2149/3043/302
f 1471/3030/302 1449/3033/302 1450/3042/302
f 2124/4815/302 792/3047/302 794/3046/302
f 794/3046/302 808/3048/302 2125/3050/302
f 2148/3049/302 2142/3039/302 2141/3041/302
f 794/3046/302 2125/3050/302 2148/3049/302
f 2141/3041/302 2124/4815/302 794/3046/302
f 2125/3050/302 2126/4814/302 2149/3043/302
f 2149/3043/302 2143/3037/302 2142/3039/302
f 2142/3039/302 2148/3049/302 2125/3050/302
f 2127/3051/302 1959/4813/302 1963/3044/302
f 2153/3055/303 2151/4816/303 89/3053/303
f 91/3057/303 1479/3066/303 1478/3054/303
f 1489/3063/564 1490/3062/564 2153/3055/564
f 89/3053/303 91/3057/303 1478/3054/303
f 1478/3054/564 1489/3063/564 2153/3055/564
f 81/3056/565 82/3061/565 91/3057/565
f 2140/3059/303 2152/4817/303 82/3061/303
f 82/3061/303 81/3056/303 2147/3060/303
f 1478/3054/303 1479/3066/303 1490/3062/303
f 1490/3062/304 1479/3066/304 110/3064/304
f 82/3061/304 2152/4817/304 27/4818/304
f 23/3067/304 32/3071/304 69/3068/304
f 82/3061/304 27/4818/304 23/3067/304
f 1483/3069/304 110/3064/304 91/3057/304
f 91/3057/304 82/3061/304 69/3068/304
f 23/3067/304 27/4818/304 2155/3070/304
f 128/3074/304 127/3073/304 109/3065/304
f 109/3065/304 110/3064/304 1483/3069/304
f 1490/3062/304 109/3065/304 108/3075/304
f 108/3075/304 127/3073/304 1487/3072/304
f 1487/3072/304 2154/4819/304 2153/3055/304
f 2153/3055/304 1490/3062/304 108/3075/304
f 138/3077/307 2154/4819/307 1487/3072/307
f 1492/3076/307 126/3078/307 138/3077/307
f 1487/3072/307 128/3074/307 126/3078/307
f 2145/3081/307 1457/4820/307 1456/3079/307
f 1456/3079/307 1462/3086/307 1468/3080/307
f 1466/3082/307 1468/3080/307 2137/3083/307
f 128/3074/307 1483/3069/307 1480/3085/307
f 1456/3079/307 1457/4820/307 157/3089/307
f 66/4821/307 69/3068/307 32/3071/307
f 1456/3079/307 157/3089/307 66/4821/307
f 2137/3083/306 1468/3080/306 1462/3086/306
f 1462/3086/307 1456/3079/307 66/4821/307
f 66/4821/306 32/3071/306 26/3087/306
f 26/3087/307 15/3088/307 2156/3094/307
f 2156/3094/307 2136/3084/307 2137/3083/307
f 1462/3086/307 66/4821/307 26/3087/307
f 26/3087/307 2156/3094/307 2137/3083/307
f 32/3071/307 2155/3070/307 15/3088/307
f 138/3077/307 126/3078/307 1480/3085/307
f 1480/3085/307 1483/3069/307 69/3068/307
f 69/3068/306 66/4821/306 157/3089/306
f 157/3089/306 2157/4822/306 138/3077/306
f 138/3077/307 1480/3085/307 69/3068/307
f 157/3089/308 65/3098/308 81/3090/308
f 81/3090/308 89/3099/308 101/3091/308
f 101/3091/308 2157/4822/308 157/3089/308
f 1469/3092/308 1466/3082/308 2136/3084/308
f 2136/3084/308 2134/3095/308 2150/3093/308
f 2150/3093/308 2147/4823/308 1469/3092/308
f 1469/3092/308 1461/3097/308 1455/3096/308
f 1455/3096/308 1457/4820/308 2145/3081/308
f 1461/3097/308 1469/3092/308 2147/4823/308
f 65/3098/308 157/3089/308 1457/4820/308
f 65/3098/308 1457/4820/308 1455/3096/308
f 1461/3097/308 2147/4823/308 81/3090/308
f 65/3098/308 1455/3096/308 1461/3097/308
f 2161/4824/309 2159/4825/309 1956/3101/309
f 1953/3103/309 1954/3102/309 83/3112/309
f 2161/4824/309 1956/3101/309 1953/3103/309
f 1648/3105/309 1645/3107/309 2161/4824/309
f 1179/3109/309 1650/3106/309 1648/3105/309
f 84/3104/309 119/3110/309 1179/3109/309
f 1953/3103/309 83/3112/309 84/3104/309
f 1648/3105/309 2161/4824/309 1953/3103/309
f 84/3104/309 1179/3109/309 1648/3105/309
f 118/3108/309 1201/3115/309 1179/3109/309
f 119/3110/309 84/3104/309 83/3112/309
f 83/3112/309 131/4826/309 115/3113/309
f 115/3113/309 118/3108/309 1191/3111/309
f 1191/3111/566 119/3110/566 83/3112/566
f 115/3113/309 131/4826/309 2158/3114/309
f 2158/3114/309 2160/4827/309 1201/3115/309
f 1201/3115/309 118/3108/309 115/3113/309
f 1631/3120/311 1650/3106/311 1179/3109/311
f 1631/3120/311 1179/3109/311 1181/4828/311
f 1633/3118/567 1631/3120/567 1181/4828/567
f 1633/3118/311 1181/4828/311 1215/3116/311
f 2161/4824/311 1645/3107/311 1643/3119/311
f 2161/4824/311 1643/3119/311 1633/3118/311
f 2163/4829/311 2162/4830/311 2161/4824/311
f 1200/3121/311 1201/3115/311 2160/4827/311
f 1215/3116/311 1200/3121/311 2160/4827/311
f 2163/4829/311 2161/4824/311 1633/3118/311
f 1215/3116/311 2160/4827/311 2164/3117/311
f 2164/3117/311 2163/4829/311 1633/3118/311
f 1631/3120/311 1633/3118/311 1643/3119/311
f 1643/3119/311 1645/3107/311 1650/3106/311
f 1215/3116/311 1181/4828/311 1179/3109/311
f 1179/3109/311 1201/3115/311 1200/3121/311
f 112/3122/312 106/3131/312 1219/3123/312
f 1219/3123/312 1212/3134/312 1208/3124/312
f 1208/3124/312 129/3130/312 112/3122/312
f 1208/3124/312 1212/3134/312 1629/3125/312
f 1177/3129/312 1642/3136/312 94/3127/312
f 94/3127/312 106/3131/312 1178/3128/312
f 106/3131/312 112/3122/312 129/3130/312
f 129/3130/312 1177/3129/312 1178/3128/312
f 106/3131/312 94/3127/312 1635/3132/312
f 1635/3132/312 94/3127/312 93/3135/312
f 93/3135/312 2166/4831/312 2163/4829/312
f 2164/3117/312 2165/4832/312 1651/3126/312
f 1629/3125/312 1212/3134/312 1213/3133/312
f 2164/3117/312 1651/3126/312 1629/3125/312
f 1635/3132/312 93/3135/312 2163/4829/312
f 1213/3133/312 1219/3123/312 1635/3132/312
f 2164/3117/312 1629/3125/312 1213/3133/312
f 1635/3132/312 2163/4829/312 2164/3117/312
f 1647/3138/314 1641/4833/314 1642/3136/314
f 1642/3136/314 1177/3129/314 1187/3137/314
f 2166/4831/314 93/3135/314 85/3139/314
f 85/3139/314 83/4834/314 1954/3145/314
f 1955/3140/314 1956/3146/314 2159/4835/314
f 85/3139/314 1954/3145/314 1955/3140/314
f 2167/3141/314 2166/4831/314 85/3139/314
f 1955/3140/314 2159/4835/314 2167/3141/314
f 136/3143/314 1189/3149/314 1187/3137/314
f 1208/3124/314 1206/3142/314 135/3144/314
f 2158/3148/314 131/4836/314 136/3143/314
f 1202/3147/314 1206/3142/314 1651/3126/314
f 2158/3148/314 136/3143/314 1202/3147/314
f 1651/3126/314 2165/4832/314 2158/3148/314
f 1189/3149/314 136/3143/314 131/4836/314
f 131/4836/314 83/4834/314 85/3139/314
f 85/3139/314 93/3135/314 1642/3136/314
f 85/3139/314 1642/3136/314 1641/4833/314
f 1189/3149/314 131/4836/314 85/3139/314
f 1647/3138/568 1187/3137/568 1189/3149/568
f 85/3139/314 1641/4833/314 1647/3138/314
f 135/3144/314 1206/3142/314 1202/3147/314
f 129/3130/314 135/3144/314 1187/3137/314
f 2168/3152/315 1985/4837/315 1978/3150/315
f 1978/3150/315 1971/3163/315 2005/3151/315
f 2174/3159/315 2173/4838/315 2179/3156/315
f 2179/3156/315 2178/3167/315 2180/3162/315
f 2180/3162/315 2171/4839/315 1155/3155/315
f 1153/3154/315 1143/3153/315 2172/3158/315
f 2180/3162/315 1155/3155/315 1153/3154/315
f 2175/3157/315 2174/3159/315 2179/3156/315
f 1153/3154/315 2172/3158/315 2175/3157/315
f 2179/3156/315 2180/3162/315 1153/3154/315
f 2180/3162/315 2178/3167/315 2176/3160/315
f 2176/3160/315 2170/3164/315 2169/3161/315
f 2169/3161/315 2171/4839/315 2180/3162/315
f 1978/3150/315 1985/4837/315 2169/3161/315
f 2170/3164/315 2176/3160/315 2177/3165/315
f 1978/3150/315 2169/3161/315 2170/3164/315
f 2177/3165/315 2005/3151/315 1971/3163/315
f 1971/3163/315 1978/3150/315 2170/3164/315
f 2178/3167/316 2183/4840/316 2187/3166/316
f 2182/3171/316 2183/4840/316 2178/3167/316
f 2178/3167/316 2179/3156/316 2186/4841/316
f 2186/4841/316 2185/3169/316 2184/3168/316
f 2184/3168/316 2181/3170/316 2182/3171/316
f 2178/3167/316 2186/4841/316 2184/3168/316
f 2190/3183/317 2182/3171/317 2181/3170/317
f 2188/3172/317 2185/3169/317 2186/4841/317
f 2190/3183/317 2181/3170/317 2188/3172/317
f 1152/3174/317 1154/3176/317 2190/3183/317
f 2192/3177/317 1147/3175/317 1152/3174/317
f 2186/4841/317 2189/3178/317 2193/3173/317
f 2193/3173/317 2192/3177/317 1152/3174/317
f 1152/3174/317 2190/3183/317 2188/3172/317
f 2188/3172/317 2186/4841/317 2193/3173/317
f 2192/3177/317 2193/3173/317 2189/3178/317
f 2172/3181/318 2194/3188/318 2192/3177/318
f 2192/3177/318 2191/3179/318 2195/3180/318
f 2195/3180/318 2174/3186/318 2172/3181/318
f 1154/3176/318 1155/3184/318 2171/3182/318
f 2171/3182/318 2196/3194/318 2190/3183/318
f 1147/3175/318 1143/3187/318 1155/3184/318
f 2194/3188/318 2172/3181/318 1143/3187/318
f 1147/3175/318 2192/3177/318 2194/3188/318
f 2169/3192/318 1985/3189/318 1986/3191/318
f 2171/3182/318 2169/3192/318 2197/3193/318
f 325/3195/319 327/3204/319 1701/3196/319
f 2198/3198/319 363/4842/319 360/3199/319
f 325/3195/319 376/3197/319 1703/3202/319
f 1703/3202/319 1682/4843/319 1689/3203/319
f 1689/3203/319 1699/3207/319 327/3204/319
f 325/3195/319 1703/3202/319 1689/3203/319
f 1689/3203/319 1682/4843/319 2199/3205/319
f 327/3204/319 329/3208/319 360/3199/319
f 360/3199/319 363/4842/319 368/3201/319
f 368/3201/319 376/3197/319 1701/3196/319
f 1701/3196/319 327/3204/319 360/3199/319
f 1699/3207/320 1689/3203/320 1686/3209/320
f 2206/3211/320 2205/3222/320 2202/3212/320
f 349/3215/320 360/3199/320 329/3208/320
f 329/3208/320 333/3220/320 338/3214/320
f 2202/3212/320 2201/3200/320 360/3199/320
f 349/3215/320 338/3214/320 2206/3211/320
f 2202/3212/320 360/3199/320 349/3215/320
f 349/3215/320 2206/3211/320 2204/3213/320
f 2203/3216/320 333/3220/320 329/3208/320
f 329/3208/320 1699/3207/320 1700/3210/320
f 1686/3209/320 1689/3203/320 2200/3206/320
f 329/3208/320 1700/3210/320 1686/3209/320
f 1686/3209/320 2200/3206/320 2203/3216/320
f 359/3221/321 2207/4844/321 2208/3217/321
f 2208/3217/321 2206/3211/321 338/3214/321
f 348/3218/321 359/3221/321 2208/3217/321
f 2203/3216/321 2209/3231/321 322/3219/321
f 348/3218/321 338/3214/321 333/3220/321
f 333/3220/321 322/3219/321 359/3221/321
f 2211/3224/322 2210/3223/322 2207/4844/322
f 2207/4844/322 359/3221/322 363/3226/322
f 363/3226/322 2198/4845/322 2212/3225/322
f 2211/3224/322 2207/4844/322 363/3226/322
f 363/3226/322 359/3221/322 322/3219/322
f 322/3219/322 323/4846/322 368/3230/322
f 323/4846/322 322/3219/322 2209/3231/322
f 2209/3231/322 2199/4847/322 1682/3228/322
f 1681/3227/322 1703/3229/322 368/3230/322
f 2209/3231/322 1682/3228/322 1681/3227/322
f 368/3230/322 323/4846/322 2209/3231/322
f 2213/3234/324 2217/3236/324 2216/3232/324
f 2216/3232/324 1129/3243/324 1131/3233/324
f 2174/3239/324 2175/3245/324 1169/3241/324
f 1161/3235/325 1160/3242/325 2216/3232/325
f 2174/3239/325 1169/3241/325 1161/3235/325
f 2214/3237/325 2195/3240/325 2174/3239/325
f 2213/3234/325 2215/4848/325 2214/3237/325
f 1161/3235/324 2216/3232/324 2217/3236/324
f 2217/3236/324 2213/3234/324 2214/3237/324
f 2214/3237/325 2174/3239/325 1161/3235/325
f 2219/3238/324 2175/3245/324 2174/3239/324
f 2194/3247/326 2172/3254/326 2175/3245/326
f 2175/3245/326 2219/3238/326 2189/3246/326
f 2189/3246/326 2193/3253/326 2194/3247/326
f 1129/3243/326 2216/3232/326 2222/3248/326
f 1162/3250/326 1160/3242/326 1169/3241/326
f 2194/3247/326 1170/3251/326 1169/3241/326
f 1169/3241/326 2175/3245/326 2172/3254/326
f 2220/3255/326 2222/3248/326 2216/3232/326
f 2216/3232/326 1160/3242/326 1162/3250/326
f 2223/3259/327 2220/3255/327 1162/3250/327
f 1163/3256/327 1170/3251/327 2194/3247/327
f 2223/3259/327 1162/3250/327 1163/3256/327
f 2221/3252/327 2224/3260/327 2223/3259/327
f 2192/3257/327 2193/3253/327 2221/3252/327
f 1163/3256/327 2194/3247/327 2192/3257/327
f 2221/3252/327 2223/3259/327 1163/3256/327
f 2214/3258/329 2215/4849/329 2223/3259/329
f 1325/3263/330 1296/4850/330 1297/3261/330
f 1297/3261/330 1307/3264/330 1323/3262/330
f 1297/3261/330 1296/4850/330 2226/4851/330
f 2227/3266/330 2225/4852/330 1325/3263/330
f 2227/3266/330 1325/3263/330 1323/3262/330
f 1297/3261/330 2226/4851/330 2228/3265/330
f 2227/3266/330 1323/3262/330 1307/3264/330
f 1307/3264/330 1297/3261/330 2228/3265/330
f 2230/3270/331 2232/3272/331 2233/4853/331
f 2228/3265/331 2229/3281/331 521/4854/331
f 443/3273/331 465/3274/331 2231/3271/331
f 2228/3265/331 521/4854/331 443/3273/331
f 2230/3270/331 2233/4853/331 2227/3266/331
f 443/3273/331 2231/3271/331 2230/3270/331
f 2227/3266/331 2228/3265/331 443/3273/331
f 443/3273/331 521/4854/331 973/3269/331
f 912/3268/331 913/3267/331 465/3274/331
f 443/3273/569 973/3269/569 912/3268/569
f 973/3269/332 521/4854/332 518/3276/332
f 518/3276/332 1871/3279/332 1872/3278/332
f 1872/3278/332 458/3284/332 465/3274/332
f 465/3274/332 913/3267/332 914/3275/332
f 914/3275/332 973/3269/332 518/3276/332
f 518/3276/332 1872/3278/332 465/3274/332
f 441/3277/332 458/3284/332 1872/3278/332
f 2229/3281/332 2236/3294/332 1303/3282/332
f 1305/3280/332 1312/3283/332 518/3276/332
f 2229/3281/332 1303/3282/332 1305/3280/332
f 518/3276/332 521/4854/332 2229/3281/332
f 458/3284/332 441/3277/332 1888/3285/332
f 2235/3287/332 2231/3271/332 465/3274/332
f 465/3274/332 458/3284/332 1898/3286/332
f 1898/3286/332 1888/3285/332 2234/3288/332
f 2234/3288/332 2233/4853/332 2232/3272/332
f 2235/3287/332 465/3274/332 1898/3286/332
f 2234/3288/332 2232/3272/332 2235/3287/332
f 1870/3290/334 1871/3279/334 518/3276/334
f 518/3276/334 447/3291/334 449/3289/334
f 449/3289/334 441/3277/334 1871/3279/334
f 1320/3292/334 449/3289/334 447/3291/334
f 447/3291/334 518/3276/334 1312/3283/334
f 1300/3293/334 1303/3282/334 2236/3294/334
f 2226/3295/334 1296/4855/334 1300/3293/334
f 1320/3292/334 1321/3297/334 1888/3285/334
f 1888/3285/334 441/3277/334 449/3289/334
f 1888/3285/334 1321/3297/334 1322/3298/334
f 1322/3298/334 1325/3300/334 2225/3299/334
f 2225/3299/334 2234/3288/334 1888/3285/334
f 1891/3296/334 1320/3292/334 1312/3283/334
f 1312/3283/334 1303/3282/334 1300/3293/334
f 1300/3293/334 1296/4855/334 1325/3300/334
f 1325/3300/334 1322/3298/334 1321/3297/334
f 1891/3296/334 1312/3283/334 1300/3293/334
f 1325/3300/333 1321/3297/333 1891/3296/333
f 1743/3301/335 1736/3306/335 524/3302/335
f 1743/3301/335 496/3347/335 488/3304/335
f 488/3304/335 484/4856/335 452/3305/335
f 452/3305/335 451/3327/335 524/3302/335
f 1736/3306/335 1743/3301/335 488/3304/335
f 452/3305/335 524/3302/335 1736/3306/335
f 2250/3312/335 2249/3338/335 2241/3310/335
f 2241/3310/335 2240/4857/335 2245/3311/335
f 523/3303/335 524/3302/335 1734/3319/335
f 1432/3318/335 1428/3317/335 2250/3312/335
f 2250/3312/335 2245/3311/335 2244/3321/335
f 1583/3322/335 1587/3325/335 2237/3323/335
f 2237/3323/335 484/4856/335 488/3304/335
f 488/3304/335 496/3347/335 605/3307/335
f 588/3309/336 587/3308/336 2246/3351/336
f 488/3304/335 605/3307/335 588/3309/335
f 2246/3351/335 1582/3324/335 1583/3322/335
f 2237/3323/335 488/3304/335 588/3309/335
f 588/3309/335 2246/3351/335 1583/3322/335
f 2241/3310/335 2249/3338/335 2028/3315/335
f 2021/3314/335 2026/3313/335 2248/3329/335
f 2241/3310/335 2028/3315/335 2021/3314/335
f 2239/3331/335 2240/4857/335 2241/3310/335
f 452/3305/335 2238/3332/335 2242/3328/335
f 2242/3328/335 2239/3331/335 2241/3310/335
f 2241/3310/335 2021/3314/335 2248/3329/335
f 2243/3326/335 2247/3330/335 1760/3320/335
f 2242/3328/335 2241/3310/335 2248/3329/335
f 451/3327/335 452/3305/335 2242/3328/335
f 1734/3319/335 524/3302/335 451/3327/335
f 2243/3326/335 1760/3320/335 1734/3319/335
f 2242/3328/335 2248/3329/335 2243/3326/335
f 2243/3326/335 1734/3319/335 451/3327/335
f 2251/3316/337 1416/3352/337 1420/3333/337
f 1420/3333/337 1427/4858/337 1428/3317/337
f 2256/3335/337 2250/3312/337 1428/3317/337
f 1428/3317/337 1427/4858/337 2257/3334/337
f 2258/3339/337 2252/3346/337 2249/3338/337
f 2249/3338/337 2250/3312/337 2256/3335/337
f 2256/3335/337 2257/3334/337 2258/3339/337
f 523/3303/337 504/3354/337 505/3340/337
f 505/3340/337 1744/3356/337 1743/3301/337
f 2261/3343/337 1763/3344/337 1762/3341/337
f 1762/3341/337 2253/4859/337 2259/3342/337
f 1762/3341/337 1760/3320/337 2247/3330/337
f 2254/3337/337 2248/3329/337 2026/3313/337
f 1762/3341/337 2247/3330/337 2254/3337/337
f 2258/3339/337 2259/3342/337 2253/4859/337
f 2253/4859/337 1762/3341/337 2254/3337/337
f 2254/3337/337 2026/3313/337 2025/3336/337
f 2025/3336/337 2028/3315/337 2249/3338/337
f 2252/3346/337 2258/3339/337 2253/4859/337
f 2025/3336/337 2249/3338/337 2252/3346/337
f 2252/3346/337 2253/4859/337 2254/3337/337
f 606/3349/337 605/3307/337 496/3347/337
f 496/3347/337 505/3340/337 1750/3348/337
f 1750/3348/337 2262/3376/337 606/3349/337
f 600/3350/337 587/3308/337 605/3307/337
f 523/3303/337 1760/3320/337 1762/3341/337
f 2255/3345/337 1763/3344/337 1761/3355/337
f 523/3303/337 1762/3341/337 2255/3345/337
f 1750/3348/337 505/3340/337 504/3354/337
f 504/3354/337 523/3303/337 2255/3345/337
f 1761/3355/337 1750/3348/337 504/3354/337
f 496/3347/337 1743/3301/337 1744/3356/337
f 1730/3358/338 1742/3377/338 1749/3357/338
f 1749/3357/338 1750/3348/338 1761/3355/338
f 2259/3342/338 2269/3396/338 2266/3362/338
f 1433/3363/338 1427/4858/338 1420/3333/338
f 422/3365/338 424/3368/338 2267/3366/338
f 2264/3369/338 2263/3361/338 2270/3360/338
f 2270/3360/338 2274/3359/338 2272/4860/338
f 2272/4860/338 2271/3378/338 424/3368/338
f 424/3368/338 422/3365/338 2264/3369/338
f 2270/3360/338 2272/4860/338 424/3368/338
f 2258/3339/338 2263/3361/338 2264/3369/338
f 2264/3369/338 422/3365/338 416/3370/338
f 416/3370/338 404/3374/338 2269/3396/338
f 2258/3339/338 2264/3369/338 416/3370/338
f 416/3370/338 2269/3396/338 2259/3342/338
f 2268/3367/338 2267/3366/338 404/3374/338
f 404/3374/338 416/3370/338 422/3365/338
f 2261/3343/338 2266/3362/338 513/3373/338
f 501/3372/338 499/3371/338 2265/3375/338
f 1730/3358/338 1761/3355/338 2261/3343/338
f 1730/3358/339 2261/3343/339 513/3373/339
f 1730/3358/338 513/3373/338 501/3372/338
f 1742/3377/338 1730/3358/338 501/3372/338
f 2262/3376/338 1750/3348/338 1749/3357/338
f 1742/3377/338 501/3372/338 2265/3375/338
f 2262/3376/338 1749/3357/338 1742/3377/338
f 2272/4860/338 2274/3359/338 2257/3334/338
f 2257/3334/338 1427/4858/338 1433/3363/338
f 1419/3364/338 1420/3333/338 2260/3353/338
f 2272/4860/338 2257/3334/338 1433/3363/338
f 1433/3363/338 1419/3364/338 2260/3353/338
f 2260/3353/338 2273/3379/338 2271/3378/338
f 2271/3378/338 2272/4860/338 1433/3363/338
f 2263/3361/338 2258/3339/338 2257/3334/338
f 2281/3381/340 2277/3393/340 2275/4861/340
f 2275/4861/340 2271/3378/340 2273/3379/340
f 2273/3379/340 2244/4862/340 2245/3380/340
f 2281/3381/340 2275/4861/340 2273/3379/340
f 2237/3383/340 2265/3375/340 499/3371/340
f 485/3382/340 484/4863/340 2237/3383/340
f 2269/3396/340 404/3374/340 420/3394/340
f 2238/3384/340 452/3397/340 453/3385/340
f 453/3385/340 513/3373/340 2266/3362/340
f 2266/3362/570 2279/3395/570 2283/4864/570
f 2282/3386/340 2269/3396/340 420/3394/340
f 453/3385/340 2266/3362/340 2283/4864/340
f 2282/3386/340 420/3394/340 2238/3384/340
f 453/3385/340 2283/4864/340 2282/3386/340
f 2278/3387/340 420/3394/340 404/3374/340
f 2238/3384/340 420/3394/340 414/3388/340
f 414/3388/340 424/3368/340 2271/3378/340
f 2271/3378/340 2275/4861/340 2277/3393/340
f 2276/3389/340 2280/3391/340 2239/3390/340
f 2271/3378/571 2277/3393/571 2276/3389/571
f 2239/3390/340 2238/3384/340 414/3388/340
f 414/3388/340 2271/3378/340 2276/3389/340
f 2240/3392/340 2280/3391/340 2277/3393/340
f 2277/3393/340 2281/3381/340 2245/3380/340
f 424/3368/340 414/3388/340 420/3394/340
f 420/3394/340 2278/3387/340 2267/3366/340
f 2282/3386/340 2283/4864/340 2279/3395/340
f 2279/3395/340 2266/3362/340 2269/3396/340
f 513/3373/340 453/3385/340 452/3397/340
f 452/3397/340 484/4863/340 485/3382/340
f 485/3382/340 499/3371/340 513/3373/340
f 2287/3400/342 2284/4865/342 545/3398/342
f 545/3398/342 551/3415/342 1901/3399/342
f 1915/3406/342 1912/3418/342 591/3404/342
f 591/3404/342 590/3413/342 540/3405/342
f 540/3405/342 552/3417/342 1915/3406/342
f 2285/3412/342 2288/4866/342 1580/3407/342
f 1580/3407/342 1584/3409/342 2286/3411/342
f 1584/3409/342 2289/3408/342 590/3413/342
f 591/3404/342 1894/3402/342 1895/3401/342
f 1895/3401/342 1899/3403/342 1578/3410/342
f 1578/3410/342 1584/3409/342 590/3413/342
f 590/3413/342 591/3404/342 1895/3401/342
f 1917/3416/342 1901/3399/342 551/3415/342
f 551/3415/342 1904/3414/342 1912/3418/342
f 1912/3418/342 1915/3406/342 552/3417/342
f 1570/3419/344 1571/3426/344 2292/3420/344
f 2292/3420/344 2291/4867/344 2289/3408/344
f 2289/3408/344 1580/3407/344 1570/3419/344
f 1917/3416/344 550/3421/344 542/3422/344
f 542/3422/344 557/3424/344 1909/3423/344
f 1909/3423/344 1907/4868/344 1901/3399/344
f 1901/3399/344 1917/3416/344 542/3422/344
f 550/3421/344 1916/3425/344 557/3424/344
f 550/3421/344 540/3405/344 590/3413/344
f 590/3413/344 571/3428/344 557/3424/344
f 1916/3425/344 550/3421/344 590/3413/344
f 1580/3407/344 2288/4866/344 1571/3426/344
f 2293/3436/344 2287/3400/344 1901/3399/344
f 2293/3436/344 1901/3399/344 1907/4868/344
f 2291/4867/344 2292/3420/344 2290/3427/344
f 590/3413/344 2289/3408/344 2291/4867/344
f 1909/3423/344 557/3424/344 571/3428/344
f 571/3428/344 590/3413/344 2291/4867/344
f 2293/3436/344 1907/4868/344 1909/3423/344
f 571/3428/344 2291/4867/344 2290/3427/344
f 2290/3427/344 2293/3436/344 1909/3423/344
f 1881/3429/345 1889/3444/345 1896/3430/345
f 2298/3448/345 1881/3429/345 1875/3431/345
f 1896/3430/345 1889/3444/345 578/3438/345
f 2290/3427/345 2298/3448/345 1875/3431/345
f 1896/3430/345 578/3438/345 568/3435/345
f 2290/3427/345 1875/3431/345 1896/3430/345
f 2296/3432/345 2297/4869/345 2293/3436/345
f 569/3437/345 2295/3434/345 2294/3433/345
f 2294/3433/345 2296/3432/345 2293/3436/345
f 2293/3436/345 2290/3427/345 1896/3430/345
f 568/3435/345 569/3437/345 2294/3433/345
f 2293/3436/345 1896/3430/345 568/3435/345
f 2295/3434/346 569/3437/346 544/3440/346
f 544/3440/346 545/3455/346 2284/3441/346
f 2284/3441/346 2297/4869/346 2296/3432/346
f 2299/3439/346 2295/3434/346 544/3440/346
f 2284/3441/346 2296/3432/346 2299/3439/346
f 1889/3444/346 1881/3429/346 1568/3447/346
f 1567/3442/572 1576/3456/572 1874/3457/572
f 1889/3444/346 1568/3447/346 1567/3442/346
f 1899/3443/346 1894/3454/346 1889/3444/346
f 1567/3442/346 1874/3457/346 1899/3443/346
f 1568/3447/346 1572/3449/346 2300/3445/346
f 2300/3445/346 2286/3458/346 1578/3446/346
f 1578/3446/346 1576/3456/346 1568/3447/346
f 1568/3447/346 1881/3429/346 2298/3448/346
f 1910/3450/346 1912/4870/346 1904/3451/346
f 591/3453/346 578/3438/346 1889/3444/346
f 1905/3452/346 1904/3451/346 545/3455/346
f 545/3455/346 544/3440/346 569/3437/346
f 569/3437/346 578/3438/346 591/3453/346
f 591/3453/346 1912/4870/346 1910/3450/346
f 1910/3450/346 1905/3452/346 545/3455/346
f 569/3437/346 591/3453/346 1910/3450/346
f 1874/3457/573 1576/3456/573 1578/3446/573
f 2088/3462/347 2089/3471/347 2301/3460/347
f 2301/3460/347 2079/4871/347 2081/3461/347
f 2081/3461/347 2083/3478/347 2088/3462/347
f 725/3463/347 1388/3467/347 719/3464/347
f 734/3466/347 1372/3469/347 1388/3467/347
f 733/3468/347 736/4872/347 1372/3469/347
f 1105/3476/347 2083/3478/347 2081/3461/347
f 2081/3461/347 2079/4871/347 736/4872/347
f 733/3468/347 734/3466/347 1376/3477/347
f 2081/3461/347 736/4872/347 733/3468/347
f 1104/3472/347 1105/3476/347 2081/3461/347
f 2302/4873/574 1099/3475/574 1097/4874/574
f 2302/4873/347 1097/4874/347 1104/3472/347
f 718/3465/347 719/3464/347 2303/3474/347
f 1387/3473/348 725/3463/348 718/3465/348
f 2081/3461/347 733/3468/347 1376/3477/347
f 1387/3473/347 718/3465/347 2303/3474/347
f 1104/3472/347 2081/3461/347 1376/3477/347
f 2303/3474/347 2302/4873/347 1104/3472/347
f 1104/3472/347 1376/3477/347 1387/3473/347
f 1104/3472/347 1097/4874/347 1099/3475/347
f 1099/3475/347 2305/3483/347 1105/3476/347
f 1376/3477/347 734/3466/347 725/3463/347
f 2087/3479/349 2083/3478/349 1105/3476/349
f 1102/3480/349 1100/3482/349 2307/4875/349
f 2087/3479/349 1105/3476/349 1102/3480/349
f 2304/3470/349 2088/3462/349 2087/3479/349
f 1379/3485/349 2306/4876/349 2304/3470/349
f 2307/4875/575 1381/3484/575 1378/3481/575
f 1378/3481/349 1379/3485/349 2304/3470/349
f 2304/3470/349 2087/3479/349 1102/3480/349
f 1102/3480/349 2307/4875/349 1378/3481/349
f 1100/3482/349 1102/3480/349 1105/3476/349
f 1381/3484/350 2307/4875/350 1443/3486/350
f 1443/3486/350 1444/3496/350 2313/3509/350
f 2313/3509/350 717/3501/350 716/3487/350
f 716/3487/350 724/3499/350 1386/3488/350
f 1386/3488/350 1381/3484/350 1443/3486/350
f 1443/3486/350 2313/3509/350 716/3487/350
f 1368/4877/576 730/3498/576 732/3489/576
f 732/3489/350 739/3494/350 2310/3491/350
f 2310/3491/350 2309/3493/350 2311/3490/350
f 2311/3490/350 2306/4876/350 1379/3485/350
f 1379/3485/350 1368/4877/350 732/3489/350
f 732/3489/350 2310/3491/350 2311/3490/350
f 2310/3491/350 739/3494/350 740/3492/350
f 1386/3488/350 724/3499/350 730/3498/350
f 730/3498/577 1368/4877/577 1379/3485/577
f 1379/3485/578 1381/3484/578 1386/3488/578
f 1362/3500/350 724/3499/350 716/3487/350
f 717/3501/350 2312/3495/350 739/3494/350
f 739/3494/350 732/3489/350 730/3498/350
f 1362/3500/350 716/3487/350 717/3501/350
f 739/3494/350 730/3498/350 1362/3500/350
f 2314/3503/352 741/3504/352 736/4878/352
f 736/4878/352 2079/4879/352 2080/3502/352
f 2080/3502/352 2084/3513/352 2311/3490/352
f 2311/3490/352 2309/3493/352 2314/3503/352
f 2314/3503/352 736/4878/352 2080/3502/352
f 2309/3493/352 740/3492/352 741/3504/352
f 1369/3505/352 1363/3511/352 1388/3506/352
f 719/3508/352 717/3501/352 2313/3509/352
f 1369/3505/352 1372/3507/352 736/4878/352
f 736/4878/352 741/3504/352 2312/3495/352
f 717/3501/352 719/3508/352 1388/3506/352
f 717/3501/352 1388/3506/352 1363/3511/352
f 1369/3505/352 736/4878/352 2312/3495/352
f 2312/3495/579 717/3501/579 1363/3511/579
f 2080/3502/352 2079/4879/352 2301/3512/352
f 1269/3514/353 1268/4880/353 1239/3515/353
f 2315/3518/353 1268/4880/353 1269/3514/353
f 1225/3516/353 1239/3515/353 2316/4881/353
f 1225/3516/353 2316/4881/353 2318/3522/353
f 2318/3522/353 1504/3519/353 1506/3517/353
f 1506/3517/353 1510/3520/353 2317/4882/353
f 1269/3514/353 1225/3516/353 2318/3522/353
f 1506/3517/353 2317/4882/353 2315/3518/353
f 1269/3514/353 2318/3522/353 1506/3517/353
f 2320/3523/354 2317/4882/354 1510/3520/354
f 1505/3521/354 1504/3519/354 2318/3522/354
f 2320/3523/354 1510/3520/354 1505/3521/354
f 2318/3522/354 2319/3525/354 2320/3523/354
f 2321/3532/355 1236/3527/355 1223/3524/355
f 1223/3524/355 1292/4883/355 2320/3523/355
f 2319/3525/355 2321/3532/355 1223/3524/355
f 2322/3526/355 1292/4883/355 1223/3524/355
f 1275/3529/356 2322/3526/356 1236/3527/356
f 1236/3527/356 1239/3531/356 1268/3528/356
f 1239/3531/356 1236/3527/356 2321/3532/356
f 493/3534/357 494/3540/357 2327/3535/357
f 2331/3538/357 2326/4884/357 2325/3537/357
f 2325/3537/357 2324/3536/357 2327/3535/357
f 2327/3535/357 2332/4885/357 2331/3538/357
f 2330/4886/357 2329/4887/357 2323/3541/357
f 2323/3541/357 2325/3537/357 2326/4884/357
f 2326/4884/357 2331/3538/357 1620/3547/357
f 1618/3542/357 1610/3548/357 1803/4888/357
f 2326/4884/357 1620/3547/357 1618/3542/357
f 1783/3560/357 2330/4886/357 2323/3541/357
f 1787/4889/357 1783/3560/357 2323/3541/357
f 2323/3541/357 2326/4884/357 1618/3542/357
f 1618/3542/357 1803/4888/357 1799/3543/357
f 1799/3543/357 1787/4889/357 2323/3541/357
f 2047/3545/357 2048/3546/357 1783/3560/357
f 1783/3560/357 1787/4889/357 1799/3543/357
f 1799/3543/357 1803/4888/357 2052/3544/357
f 2047/3545/357 1783/3560/357 1799/3543/357
f 1803/4888/358 1610/3548/358 1605/3549/358
f 1605/3549/358 1599/3553/358 1766/3550/358
f 1767/3551/358 1803/4888/358 1605/3549/358
f 1610/3548/358 1620/3547/358 1592/3552/358
f 1592/3552/358 1597/3575/358 1599/3553/358
f 1599/3553/358 1605/3549/358 1610/3548/358
f 2037/3556/358 1784/3561/358 1782/3554/358
f 1782/3554/358 2061/3565/358 2064/3555/358
f 2058/3557/358 2052/3544/358 1803/4888/358
f 1803/4888/358 1767/3551/358 1766/3550/358
f 1766/3550/358 1781/3564/358 1782/3554/358
f 2058/3557/358 1803/4888/358 1766/3550/358
f 2331/3538/358 2332/4885/358 2333/3558/358
f 2334/3562/358 1597/3575/358 1592/3552/358
f 1592/3552/358 1620/3547/358 2331/3538/358
f 2335/3559/358 2333/3558/358 2334/3562/358
f 1592/3552/358 2331/3538/358 2335/3559/358
f 2058/3557/358 1782/3554/358 1784/3561/358
f 1784/3561/358 2048/3546/358 2052/3544/358
f 2064/3555/358 2336/4890/358 2337/3563/358
f 2337/3563/358 2330/4886/358 1783/3560/358
f 1783/3560/358 1784/3561/358 2037/3556/358
f 2037/3556/358 2064/3555/358 2337/3563/358
f 2339/3568/359 2336/4890/359 2064/3555/359
f 2038/3566/359 2036/3580/359 2340/3567/359
f 2339/3568/359 2064/3555/359 2038/3566/359
f 2061/3565/359 2055/3571/359 2051/3569/359
f 2051/3569/580 2036/3580/580 2038/3566/580
f 2038/3566/359 2064/3555/359 2061/3565/359
f 1764/3577/359 1766/3550/359 1599/3553/359
f 1764/3577/359 1599/3553/359 1604/3576/359
f 1798/3578/359 1764/3577/359 1604/3576/359
f 1798/3578/359 1604/3576/359 1617/3570/359
f 2061/3565/359 1781/3564/359 1786/4891/359
f 1786/4891/580 1798/3578/580 1617/3570/580
f 1591/4892/359 1597/3575/359 2334/3562/359
f 1617/3570/359 1591/4892/359 2334/3562/359
f 2334/3562/359 2343/3587/359 2342/3573/359
f 2334/3562/359 2342/3573/359 2338/3572/359
f 1617/3570/359 2334/3562/359 2338/3572/359
f 2055/3571/359 2061/3565/359 1786/4891/359
f 1617/3570/359 2338/3572/359 2341/3574/359
f 2055/3571/359 1786/4891/359 1617/3570/359
f 1617/3570/581 2341/3574/581 2051/3569/581
f 1604/3576/359 1599/3553/359 1597/3575/359
f 1597/3575/359 1591/4892/359 1617/3570/359
f 1798/3578/359 1786/4891/359 1781/3564/359
f 1781/3564/359 1766/3550/359 1764/3577/359
f 2323/3582/360 2340/3567/360 2036/3580/360
f 2046/3579/360 2051/3569/360 2341/3574/360
f 2323/3582/360 2036/3580/360 2046/3579/360
f 2347/3581/360 2325/3588/360 2323/3582/360
f 2046/3579/360 2341/3574/360 2347/3581/360
f 491/3583/360 492/3592/360 2344/3584/360
f 2344/3584/360 2346/4893/360 497/3585/360
f 2344/3584/360 492/3592/360 493/3589/360
f 493/3589/360 2324/4894/360 2345/3586/360
f 2345/3586/582 2342/3573/582 2343/3587/582
f 2343/3587/360 2346/4893/360 2344/3584/360
f 2344/3584/582 493/3589/582 2345/3586/582
f 2345/3586/360 2324/4894/360 2325/3588/360
f 2325/3588/360 2347/3581/360 2341/3574/360
f 2341/3574/360 2342/3573/360 2345/3586/360
f 493/3589/360 492/3592/360 2348/3590/360
f 492/3592/360 491/3583/360 497/3585/360
f 2350/3595/361 1994/4895/361 1993/3593/361
f 1993/3593/361 1990/3612/361 2354/3594/361
f 2357/3598/361 2349/4896/361 1970/3596/361
f 1970/3596/361 1982/3605/361 2356/3597/361
f 2352/4897/361 1038/3601/361 1022/3599/361
f 1022/3599/361 1021/3602/361 2349/4896/361
f 2357/3598/361 2356/3597/361 2355/3600/361
f 1022/3599/361 2349/4896/361 2357/3598/361
f 2355/3600/361 2352/4897/361 1022/3599/361
f 2353/3603/361 1990/3612/361 1993/3593/361
f 1993/3593/361 1994/4895/361 2351/3604/361
f 1982/3605/361 1970/3596/361 2350/3595/361
f 2359/3607/362 2006/3609/362 1996/3613/362
f 1992/4898/362 1990/3612/362 2353/3603/362
f 1996/3613/362 1992/4898/362 2353/3603/362
f 2360/4899/362 896/3610/362 899/4900/362
f 1996/3613/362 2353/3603/362 2360/4899/362
f 2359/3607/362 1996/3613/362 2360/4899/362
f 907/3611/362 908/3617/362 2361/3616/362
f 2361/3616/362 2355/3600/362 2356/3597/362
f 2359/3607/362 2360/4899/362 899/4900/362
f 902/3606/362 907/3611/362 2361/3616/362
f 2359/3607/362 899/4900/362 902/3606/362
f 902/3606/583 2361/3616/583 2356/3597/583
f 2006/3609/362 1977/3614/362 1982/3605/362
f 1982/3605/362 2354/3594/362 2358/3608/362
f 902/3606/362 899/4900/362 896/3610/362
f 896/3610/362 908/3617/362 907/3611/362
f 2358/3608/584 2354/3594/584 1990/3612/584
f 1990/3612/362 1992/4898/362 1996/3613/362
f 1996/3613/362 2006/3609/362 2358/3608/362
f 2356/3597/362 1982/3605/362 1977/3614/362
f 1977/3614/362 2006/3609/362 2359/3607/362
f 909/3615/363 2366/3630/363 2361/3616/363
f 895/3618/363 909/3615/363 908/3617/363
f 2365/3621/363 895/3618/363 896/3610/363
f 896/3610/363 2360/4899/363 2362/3622/363
f 2362/3622/363 2364/3620/363 2363/3619/363
f 2363/3619/363 2365/3621/363 896/3610/363
f 1973/3625/364 1999/4901/364 2004/3623/364
f 2004/3623/364 2350/3636/364 1970/3624/364
f 901/3627/364 905/4902/364 909/3615/364
f 909/3615/364 895/3618/364 897/3626/364
f 2367/3634/364 2004/3623/364 1999/4901/364
f 1973/3625/364 1970/3624/364 2349/4903/364
f 2364/3620/364 2367/3634/364 1999/4901/364
f 1973/3625/364 2349/4903/364 2368/3628/364
f 2364/3620/364 1999/4901/364 1973/3625/364
f 2368/3628/364 2365/3621/364 2364/3620/364
f 2368/3628/364 2349/4903/364 1021/3632/364
f 1020/3631/364 1038/3633/364 2352/3629/364
f 2368/3628/364 1021/3632/364 1020/3631/364
f 895/3618/364 2365/3621/364 2368/3628/364
f 897/3626/364 895/3618/364 2368/3628/364
f 2368/3628/364 1020/3631/364 2352/3629/364
f 2366/3630/364 909/3615/364 905/4902/364
f 901/3627/364 897/3626/364 2368/3628/364
f 2366/3630/364 905/4902/364 901/3627/364
f 901/3627/364 2368/3628/364 2352/3629/364
f 2351/3635/364 1994/3637/364 2004/3623/364
f 2367/3634/364 2364/3620/364 2362/3622/364
f 2351/3635/364 2004/3623/364 2367/3634/364
f 836/3644/367 786/3645/367 807/3642/367
f 807/3642/367 822/3649/367 831/3643/367
f 2375/3650/585 2377/3648/585 822/3649/585
f 2375/3650/367 822/3649/367 807/3642/367
f 831/3643/367 2376/4904/367 2374/3646/367
f 836/3644/367 831/3643/367 2374/3646/367
f 2373/3647/367 2375/3650/367 807/3642/367
f 786/3645/368 836/3644/368 2374/3646/368
f 2373/3647/367 807/3642/367 786/3645/367
f 2377/3648/585 2376/4904/585 831/3643/585
f 2378/4905/369 2377/3648/369 2375/3650/369
f 2375/3650/369 2379/3661/369 1831/3655/369
f 2375/3650/369 1831/3655/369 1820/3654/369
f 2380/3652/369 2378/4905/369 2375/3650/369
f 1810/3651/369 1812/3653/369 2380/3652/369
f 2375/3650/369 1820/3654/369 1810/3651/369
f 1812/3653/369 1810/3651/369 1820/3654/369
f 2381/3657/586 1805/3662/586 1812/3653/586
f 1812/3653/370 1831/3655/370 1830/3656/370
f 1805/3662/586 799/4906/586 798/3659/586
f 821/3658/370 830/3660/370 2382/4907/370
f 1812/3653/370 1805/3662/370 798/3659/370
f 821/3658/370 2382/4907/370 2380/3652/370
f 1812/3653/370 798/3659/370 821/3658/370
f 798/3659/586 799/4906/586 830/3660/586
f 1805/3662/371 2381/3657/371 1821/3663/371
f 787/3668/371 799/4906/371 1805/3662/371
f 1813/3664/371 1821/3663/371 2373/3666/371
f 787/3668/371 1805/3662/371 1813/3664/371
f 2382/4907/371 830/3660/371 835/3665/371
f 787/3668/371 1813/3664/371 2373/3666/371
f 2383/3667/371 2382/4907/371 835/3665/371
f 835/3665/587 787/3668/587 2373/3666/587
f 2373/3666/371 2374/4908/371 2383/3667/371
f 830/3660/371 799/4906/371 787/3668/371
f 1454/3669/373 1464/3686/373 1473/3670/373
f 7/3672/373 61/3685/373 2135/3673/373
f 2388/3699/372 840/3679/372 834/3675/372
f 834/3675/373 56/3684/373 61/3685/373
f 2131/3676/372 2128/4909/372 2385/4910/372
f 834/3675/372 61/3685/372 2131/3676/372
f 2386/3677/372 2388/3699/372 834/3675/372
f 2131/3676/372 2385/4910/372 2386/3677/372
f 54/3678/372 56/3684/372 834/3675/372
f 2146/3695/372 1454/3669/372 1448/3671/372
f 1473/3670/373 1464/3686/373 2387/3691/373
f 2143/3681/373 2146/3695/373 1448/3671/373
f 1473/3670/372 2387/3691/372 2384/3680/372
f 2143/3681/588 1448/3671/588 1473/3670/588
f 2384/3680/372 2149/3682/372 2143/3681/372
f 7/3672/373 14/3674/373 2146/3695/373
f 2146/3695/373 2143/3681/373 2149/3682/373
f 2149/3682/372 2128/4909/372 2131/3676/372
f 2131/3676/373 61/3685/373 7/3672/373
f 7/3672/372 2146/3695/372 2149/3682/372
f 829/3683/372 2135/3673/372 61/3685/372
f 2389/3688/376 1465/3690/376 1464/3686/376
f 1464/3686/376 1454/3669/376 1445/3687/376
f 54/3678/376 62/3701/376 818/3689/376
f 818/3689/376 62/3701/376 60/3692/376
f 2135/3673/589 829/3683/589 818/3689/589
f 60/3692/376 62/3701/376 814/3693/376
f 2142/3696/376 2148/4911/376 1445/3687/376
f 1445/3687/376 1454/3669/376 2146/3695/376
f 14/3674/376 2135/3673/376 60/3692/376
f 2390/3700/376 1677/3709/376 803/3702/376
f 785/3698/376 840/3679/376 2388/3699/376
f 2390/3700/376 803/3702/376 785/3698/376
f 1676/3708/376 814/3693/376 62/3701/376
f 62/3701/376 54/3678/376 840/3679/376
f 840/3679/376 785/3698/376 803/3702/376
f 803/3702/376 1676/3708/376 62/3701/376
f 1664/3703/376 1665/4912/376 2148/4911/376
f 2148/4911/376 2142/3696/376 2146/3695/376
f 2146/3695/376 14/3674/376 6/3697/376
f 6/3697/376 60/3692/376 1673/3694/376
f 1664/3703/376 2148/4911/376 2146/3695/376
f 6/3697/590 1673/3694/590 1664/3703/590
f 1664/3703/591 1673/3694/591 811/3704/591
f 800/3706/376 802/3705/376 2133/3707/376
f 1664/3703/376 811/3704/376 800/3706/376
f 2133/3707/376 1665/4912/376 1664/3703/376
f 1676/3708/376 803/3702/376 802/3705/376
f 802/3705/377 811/3704/377 814/3693/377
f 2133/3707/376 802/3705/376 803/3702/376
f 1445/3687/380 1447/3726/380 1476/3710/380
f 1669/3711/380 810/3725/380 796/3712/380
f 2125/3716/380 2148/4911/380 1665/4912/380
f 1662/3714/380 810/3725/380 819/3715/380
f 2125/3716/379 1665/4912/379 1662/3714/379
f 1671/3717/379 780/3723/379 788/3722/379
f 788/3722/379 839/3732/379 828/3718/379
f 828/3718/379 816/4913/379 819/3715/379
f 819/3715/380 1669/3711/380 1671/3717/380
f 1671/3717/379 788/3722/379 828/3718/379
f 2130/3720/379 1679/3719/379 1677/3709/379
f 1677/3709/380 2390/3700/380 2393/3721/380
f 2393/3721/380 2392/4914/380 839/3732/380
f 788/3722/380 780/3723/380 1678/3724/380
f 2393/3721/379 839/3732/379 788/3722/379
f 2130/3720/380 1677/3709/380 2393/3721/380
f 788/3722/379 1678/3724/379 2130/3720/379
f 796/3712/379 810/3725/379 1662/3714/379
f 1662/3714/379 1665/4912/379 2133/3707/379
f 2133/3707/379 1679/3719/379 1678/3724/379
f 1678/3724/380 782/3713/380 796/3712/380
f 796/3712/380 1662/3714/380 2133/3707/380
f 1669/3711/380 782/3713/380 780/3723/380
f 2125/3716/592 819/3715/592 816/4913/592
f 828/3718/380 2391/4915/380 1476/3710/380
f 1447/3726/379 1445/3687/379 2148/4911/379
f 828/3718/592 1476/3710/592 1447/3726/592
f 2125/3716/380 816/4913/380 828/3718/380
f 1447/3726/379 2148/4911/379 2125/3716/379
f 2391/4915/382 828/3718/382 832/3727/382
f 832/3727/382 839/3732/382 2392/4914/382
f 2392/4914/382 2385/4916/382 2128/3730/382
f 2126/3728/382 2149/3731/382 2384/3729/382
f 832/3727/382 2392/4914/382 2128/3730/382
f 2384/3729/382 2391/4915/382 832/3727/382
f 832/3727/382 2128/3730/382 2126/3728/382
f 1113/3735/383 262/4917/383 261/3733/383
f 261/3733/383 1135/3740/383 1107/3734/383
f 2395/3738/383 2397/3743/383 225/3736/383
f 226/3737/383 279/4918/383 2395/3738/383
f 226/3737/383 225/3736/383 261/3733/383
f 261/3733/383 262/4917/383 2394/3739/383
f 2394/3739/383 279/4918/383 226/3737/383
f 1113/3735/383 1107/3734/383 1135/3740/383
f 1135/3740/384 261/3733/384 264/3742/384
f 227/4919/384 225/3736/384 2397/3743/384
f 1136/3744/384 1135/3740/384 264/3742/384
f 264/3742/384 227/4919/384 2397/3743/384
f 2397/3743/384 2399/3756/384 1136/3744/384
f 1132/3746/384 2396/3741/384 1135/3740/384
f 1135/3740/384 1136/3744/384 1128/3745/384
f 225/3736/384 227/4919/384 264/3742/384
f 2216/3747/384 2222/3748/384 1132/3746/384
f 1128/3745/384 2217/3749/384 2216/3747/384
f 2222/3748/384 2216/3747/384 2217/3749/384
f 2213/3753/385 2217/3749/385 1128/3745/385
f 1122/3751/385 203/3760/385 201/3752/385
f 2213/3753/385 1128/3745/385 1122/3751/385
f 201/3752/385 2401/3762/385 2213/3753/385
f 184/3755/385 183/3757/385 201/3752/385
f 201/3752/385 203/3760/385 1119/3754/385
f 1119/3754/385 198/3758/385 184/3755/385
f 184/3755/385 198/3758/385 1108/4920/385
f 1108/4920/385 1136/3744/385 2399/3756/385
f 2399/3756/385 2400/3764/385 183/3757/385
f 184/3755/385 1108/4920/385 2399/3756/385
f 192/3759/385 203/3760/385 1122/3751/385
f 1122/3751/385 1128/3745/385 1136/3744/385
f 1136/3744/385 1108/4920/385 198/3758/385
f 198/3758/593 192/3759/593 1122/3751/593
f 192/3759/385 198/3758/385 1119/3754/385
f 182/3763/386 183/3757/386 2400/3764/386
f 2400/3764/386 2395/4921/386 279/3765/386
f 279/3765/386 195/3766/386 182/3763/386
f 195/3766/386 279/3765/386 2394/3767/386
f 270/3769/386 195/3766/386 200/3768/386
f 260/3770/386 204/3761/386 201/3752/386
f 201/3752/386 183/3757/386 182/3763/386
f 182/3763/386 195/3766/386 270/3769/386
f 270/3769/386 260/3770/386 201/3752/386
f 2402/3775/387 2404/4922/387 218/3772/387
f 167/3771/387 166/3773/387 1637/3776/387
f 2402/3775/387 218/3772/387 167/3771/387
f 1638/3774/387 2403/4923/387 2402/3775/387
f 167/3771/387 1637/3776/387 1638/3774/387
f 1639/3779/388 1637/3776/388 166/3773/388
f 166/3773/388 180/3782/388 2407/3778/388
f 218/3772/388 2404/4922/388 2406/3780/388
f 180/3782/388 166/3773/388 218/3772/388
f 2409/3785/389 2407/3778/389 180/3782/389
f 164/3783/389 211/3781/389 2406/3780/389
f 2409/3785/389 180/3782/389 164/3783/389
f 164/3783/389 2406/3780/389 2408/3784/389
f 2408/3784/390 2402/4924/390 2403/3786/390
f 2413/3790/392 76/3798/392 75/3791/392
f 75/3791/391 76/3798/391 1818/3787/391
f 1815/3789/392 1814/3788/392 2412/3793/392
f 75/3791/392 1818/3787/392 1815/3789/392
f 2411/3794/392 162/3792/392 75/3791/392
f 2412/3793/392 2410/4925/392 2411/3794/392
f 2411/3794/392 75/3791/392 1815/3789/392
f 1808/3796/393 1814/3788/393 1818/3787/393
f 1818/3787/393 1824/3799/393 1832/3795/393
f 1832/3795/393 1838/3816/393 1808/3796/393
f 1808/3796/393 1838/3816/393 2414/3797/393
f 2414/3797/393 2412/3793/393 1814/3788/393
f 1824/3799/393 1818/3787/393 76/3798/393
f 76/3798/393 73/3805/393 1832/3795/393
f 147/3800/393 155/4926/393 854/3801/393
f 854/3801/393 856/3804/393 148/3802/393
f 147/3800/393 148/3802/393 73/3805/393
f 73/3805/393 76/3798/393 2413/3790/393
f 2413/3790/393 155/4926/393 147/3800/393
f 2414/3797/394 1838/3816/394 1807/3807/394
f 1807/3807/394 1811/3815/394 2417/3808/394
f 858/3809/394 856/3804/394 2415/3803/394
f 1823/4927/394 161/3814/394 146/3811/394
f 146/3811/395 148/3802/395 856/3804/395
f 858/3809/394 861/3810/394 2416/3818/394
f 146/3811/394 856/3804/394 858/3809/394
f 1822/3812/394 1823/4927/394 146/3811/394
f 858/3809/394 2416/3818/394 1822/3812/394
f 146/3811/394 161/3814/394 79/3806/394
f 79/3806/394 73/3805/394 148/3802/394
f 1832/3795/394 79/3806/394 72/3813/394
f 72/3813/394 161/3814/394 1823/4927/394
f 1823/4927/394 1822/3812/394 1811/3815/394
f 1811/3815/394 1807/3807/394 1838/3816/394
f 1838/3816/394 1832/3795/394 72/3813/394
f 72/3813/394 1823/4927/394 1811/3815/394
f 2410/3819/396 2417/3808/396 1811/3815/396
f 1816/3817/396 1822/3812/396 2416/3818/396
f 2410/3819/396 1811/3815/396 1816/3817/396
f 2416/3818/396 2411/4928/396 2410/3819/396
f 2421/3824/397 2419/4929/397 2184/3820/397
f 2185/3822/397 2188/3821/397 2418/4930/397
f 2421/3824/397 2184/3820/397 2185/3822/397
f 2185/3822/397 2418/4930/397 2420/3823/397
f 2421/3824/398 2420/3823/398 2422/3825/398
f 2423/3826/399 2422/3825/399 2424/3827/399
f 2418/4931/400 2188/3832/400 2181/3829/400
f 2181/3829/400 2184/3831/400 2419/3830/400
f 2419/3830/400 2425/3828/400 2424/3827/400
f 2424/3827/400 2418/4931/400 2181/3829/400
f 2296/3833/401 2294/3835/401 687/3855/401
f 613/4932/401 621/3854/401 559/3836/401
f 2296/3833/594 687/3855/594 613/4932/594
f 554/3837/401 2299/3834/401 2296/3833/401
f 2296/3833/401 613/4932/401 559/3836/401
f 1919/3858/401 1918/3857/401 554/3837/401
f 559/3836/401 2431/3876/401 2426/3838/401
f 2426/3838/401 1927/4933/401 1929/3856/401
f 1936/3839/401 1919/3858/401 554/3837/401
f 2426/3838/401 1929/3856/401 1936/3839/401
f 1936/3839/401 554/3837/401 559/3836/401
f 1589/3842/401 1066/3846/401 1068/3862/401
f 1068/3862/401 2428/4934/401 2427/3840/401
f 2427/3840/401 2430/3849/401 659/3851/401
f 659/3851/595 658/3843/595 1345/3841/595
f 1345/3841/401 657/3844/401 642/3870/401
f 1589/3842/401 1068/3862/401 2427/3840/401
f 1345/3841/401 642/3870/401 1589/3842/401
f 2427/3840/401 659/3851/401 1345/3841/401
f 1091/3845/401 1615/3863/401 1066/3846/401
f 2427/3840/401 2428/4934/401 2429/3848/401
f 1339/3850/596 658/3843/596 659/3851/596
f 659/3851/401 2432/3887/401 1335/3852/401
f 1074/3853/401 1077/3877/401 621/3854/401
f 621/3854/401 613/4932/401 687/3855/401
f 687/3855/401 1071/4935/401 1074/3853/401
f 1919/3858/401 1936/3839/401 1929/3856/401
f 1929/3856/401 1927/4933/401 1918/3857/401
f 1351/3859/594 2056/3872/594 2060/3860/594
f 1088/3864/401 1077/3877/401 1074/3853/401
f 1074/3853/401 1071/4935/401 1068/3862/401
f 1068/3862/401 1066/3846/401 1615/3863/401
f 1615/3863/401 1091/3845/401 1088/3864/401
f 1088/3864/401 1074/3853/401 1068/3862/401
f 642/3870/401 657/3844/401 1351/3859/401
f 1351/3859/401 2053/3871/401 1606/3865/401
f 1596/3866/597 642/3870/597 1351/3859/597
f 1059/3847/401 1066/3846/401 1589/3842/401
f 642/3870/401 640/3869/401 1091/3845/401
f 1059/3847/401 1589/3842/401 642/3870/401
f 639/3868/401 1088/3864/401 1091/3845/401
f 1611/3867/401 640/3869/401 642/3870/401
f 642/3870/594 1596/3866/594 1606/3865/594
f 657/3844/598 658/3843/598 1339/3850/598
f 1339/3850/401 1335/3852/401 2060/3860/401
f 2056/3872/599 1351/3859/599 657/3844/599
f 1339/3850/401 2060/3860/401 2056/3872/401
f 560/3873/402 565/3881/402 585/3874/402
f 559/3836/402 560/3873/402 620/3875/402
f 1600/3879/402 1613/3885/402 1611/3867/402
f 1084/3878/402 1088/3864/402 639/3868/402
f 2433/3905/402 585/3874/402 565/3881/402
f 565/3881/402 560/3873/402 621/3854/402
f 621/3854/402 1077/3877/402 1084/3878/402
f 1084/3878/402 639/3868/402 648/3880/402
f 648/3880/402 2433/3905/402 565/3881/402
f 565/3881/402 621/3854/402 1084/3878/402
f 1600/3879/402 1606/3865/402 2053/3871/402
f 2057/3883/402 1358/3884/402 1354/3882/402
f 1600/3879/402 2053/3871/402 2057/3883/402
f 1358/3884/402 2060/3860/402 1335/3852/402
f 1335/3852/402 1334/3886/402 1354/3882/402
f 1613/3885/402 648/3880/402 639/3868/402
f 2053/3871/402 1353/3861/402 1358/3884/402
f 1334/3886/402 1335/3852/402 2432/3887/402
f 1595/4936/403 1600/3879/403 1354/3882/403
f 1595/4936/403 1354/3882/403 1343/3892/403
f 1593/3891/403 1595/4936/403 1343/3892/403
f 1340/3893/403 1334/3886/403 2434/3888/403
f 1593/3891/600 1343/3892/600 1340/3893/600
f 1340/3893/403 2434/3888/403 2436/3930/403
f 2436/3930/403 1089/3902/403 1086/3904/403
f 1086/3904/403 1080/3903/403 679/3889/403
f 649/3906/403 648/3880/403 1613/3885/403
f 1340/3893/403 2436/3930/403 1086/3904/403
f 1593/3891/403 1340/3893/403 1086/3904/403
f 679/3889/403 649/3906/403 1613/3885/403
f 679/3889/403 1613/3885/403 1619/3890/403
f 1593/3891/403 1086/3904/403 679/3889/403
f 1343/3892/403 1354/3882/403 1334/3886/403
f 1600/3879/403 1595/4936/403 1593/3891/403
f 1593/3891/403 1619/3890/403 1613/3885/403
f 1922/3899/403 584/3896/403 564/3897/403
f 562/3898/403 691/3912/403 1922/3899/403
f 564/3897/403 584/3896/403 1935/3895/403
f 1935/3895/403 580/3894/403 597/3900/403
f 2433/3905/403 648/3880/403 649/3906/403
f 649/3906/403 679/3889/403 685/3911/403
f 685/3911/403 562/3898/403 564/3897/403
f 1935/3895/403 597/3900/403 2433/3905/403
f 649/3906/403 685/3911/403 564/3897/403
f 564/3897/403 1935/3895/403 2433/3905/403
f 584/3896/403 1922/3899/403 691/3912/403
f 691/3912/403 692/3914/403 1932/3901/403
f 1932/3901/403 580/3894/403 584/3896/403
f 562/3898/403 561/3910/403 1924/3913/403
f 1926/3909/403 1931/3908/403 692/3914/403
f 692/3914/403 691/3912/403 1924/3913/403
f 554/3915/404 1918/3916/404 1924/3913/404
f 1918/3916/404 1927/3933/404 1926/3909/404
f 687/3918/404 685/3911/404 679/3889/404
f 679/3889/404 678/3924/404 1073/3917/404
f 1073/3917/404 1071/4937/404 687/3918/404
f 2428/3922/404 1068/3925/404 662/3923/404
f 678/3924/404 1080/3903/404 1089/3902/404
f 1089/3902/404 1065/3929/404 662/3923/404
f 678/3924/404 662/3923/404 1068/3925/404
f 1068/3925/404 1071/4937/404 1073/3917/404
f 2299/3927/404 554/3915/404 561/3910/404
f 561/3910/404 685/3911/404 687/3918/404
f 687/3918/404 2294/3926/404 2295/3928/404
f 2295/3928/404 2299/3927/404 561/3910/404
f 671/3920/404 662/3923/404 1065/3929/404
f 1065/3929/404 1089/3902/404 2436/3930/404
f 2436/3930/405 670/3932/405 672/3919/405
f 2437/3921/404 671/3920/404 1065/3929/404
f 2436/3930/404 672/3919/404 2437/3921/404
f 2438/3931/404 2429/4938/404 2428/3922/404
f 2428/3922/404 671/3920/404 672/3919/404
f 2435/3907/404 1926/3909/404 1927/3933/404
f 2263/3938/407 2274/3947/407 2448/3939/407
f 1431/3943/407 1414/4939/407 1418/3941/407
f 1418/3941/407 2449/3970/407 1426/3942/407
f 2280/3944/407 2439/3951/407 2442/3945/407
f 2274/3947/407 2277/3946/407 2275/3948/407
f 2274/3947/407 2263/3938/407 2280/3944/407
f 2239/3953/407 2242/3952/407 2445/3959/407
f 2446/3950/407 2444/3958/407 2443/3965/407
f 2239/3953/407 2445/3959/407 2446/3950/407
f 2439/3951/407 2280/3944/407 2239/3953/407
f 1310/3935/407 2440/4940/407 2439/3951/407
f 2443/3965/407 1311/3937/407 1308/3936/407
f 1308/3936/407 1310/3935/407 2439/3951/407
f 2439/3951/407 2239/3953/407 2446/3950/407
f 2446/3950/407 2443/3965/407 1308/3936/407
f 2239/3953/407 2280/3944/407 2263/3938/407
f 2263/3938/407 2264/3957/407 2242/3952/407
f 1431/3943/407 1426/3942/407 2448/3939/407
f 2448/3939/407 2274/3947/407 2272/3949/407
f 343/3956/407 1418/3941/407 1414/4939/407
f 1431/3943/407 2448/3939/407 2272/3949/407
f 343/3956/407 1414/4939/407 1431/3943/407
f 1431/3943/407 2272/3949/407 355/3954/407
f 2445/3959/408 2242/3952/408 2238/3961/408
f 2238/3961/408 420/3977/408 413/3962/408
f 413/3962/408 2456/3974/408 2455/3963/408
f 2455/3963/408 2445/3959/408 2238/3961/408
f 2451/4941/601 2120/3976/601 2116/3964/601
f 2116/3964/408 2109/3979/408 2453/3995/408
f 2453/3995/408 2450/4942/408 2443/3965/408
f 2444/3958/408 2451/4941/408 2116/3964/408
f 2116/3964/408 2453/3995/408 2443/3965/408
f 422/3966/408 425/3978/408 439/3967/408
f 1430/3969/408 1426/3942/408 2449/3970/408
f 420/3977/408 2238/3961/408 2242/3952/408
f 2242/3952/408 2264/3957/408 422/3966/408
f 417/3972/408 420/3977/408 2242/3952/408
f 2456/3974/408 2094/4943/408 2093/3973/408
f 2093/3973/602 2120/3976/602 2451/4941/602
f 2451/4941/408 2444/3958/408 2445/3959/408
f 2445/3959/408 2455/3963/408 2456/3974/408
f 2093/3973/408 2451/4941/408 2445/3959/408
f 2093/3973/408 2094/4943/408 2454/3975/408
f 2268/3968/408 2278/3980/408 420/3977/408
f 420/3977/408 417/3972/408 422/3966/408
f 425/3978/408 422/3966/408 2264/3957/408
f 2264/3957/408 2447/3940/408 2452/3960/408
f 2452/3960/408 2448/3939/408 1426/3942/408
f 1430/3969/408 1436/3971/408 2457/4944/408
f 425/3978/408 2264/3957/408 2452/3960/408
f 1430/3969/408 2457/4944/408 439/3967/408
f 425/3978/408 2452/3960/408 1426/3942/408
f 1430/3969/408 439/3967/408 425/3978/408
f 2109/3979/408 2116/3964/408 2120/3976/408
f 2458/3982/409 2456/3974/409 413/3962/409
f 413/3962/409 412/3987/409 2121/4023/409
f 2095/3981/409 2096/3989/409 2458/3982/409
f 413/3962/409 2121/4023/409 2095/3981/409
f 334/3984/603 352/3998/603 342/3985/603
f 439/3967/409 433/4013/409 412/3987/409
f 412/3987/409 413/3962/409 2278/3980/409
f 2267/3983/409 2268/3968/409 439/3967/409
f 412/3987/409 2278/3980/409 2267/3983/409
f 2095/3981/409 2121/4023/409 2462/3988/409
f 2460/3992/409 2108/3993/409 1523/3990/409
f 1523/3990/409 1516/4003/409 2461/3991/409
f 2096/3989/409 2094/4943/409 2456/3974/409
f 2460/3992/409 2461/3991/409 1295/3996/409
f 2460/3992/409 1295/3996/409 1298/4945/409
f 2109/3979/409 2108/3993/409 2460/3992/409
f 1326/4011/409 2459/4006/409 2453/3995/409
f 1313/3997/409 1326/4011/409 2453/3995/409
f 2453/3995/409 2109/3979/409 2460/3992/409
f 2460/3992/409 1298/4945/409 1306/3994/409
f 1306/3994/409 1313/3997/409 2453/3995/409
f 1306/3994/409 1298/4945/409 1295/3996/409
f 1295/3996/409 1326/4011/409 1313/3997/409
f 1280/3999/409 1277/4001/409 433/4013/409
f 433/4013/409 439/3967/409 2457/4944/409
f 2457/4944/409 2463/4032/409 334/3984/409
f 2457/4944/409 334/3984/409 335/3986/409
f 1280/3999/409 433/4013/409 2457/4944/409
f 352/3998/409 1281/4000/409 1280/3999/409
f 1280/3999/409 2457/4944/409 335/3986/409
f 2096/3989/409 2462/3988/409 1528/4005/409
f 1521/4002/409 1523/3990/409 2108/3993/409
f 2096/3989/409 1528/4005/409 1521/4002/409
f 2454/3975/409 2094/4943/409 2096/3989/409
f 1521/4002/409 2108/3993/409 2454/3975/409
f 2110/4004/409 1523/3990/409 1521/4002/409
f 2459/4006/410 1326/4011/410 1327/4007/410
f 1302/4010/410 1327/4007/410 1326/4011/410
f 433/4013/410 426/4946/410 411/4014/410
f 355/4016/410 352/3998/410 334/3984/410
f 334/3984/410 331/4033/410 2441/4015/410
f 1525/4019/410 1530/4021/410 2114/4017/410
f 2114/4017/410 2122/4026/410 2465/4025/410
f 2465/4025/410 2123/4024/410 2121/4023/410
f 2121/4023/410 412/3987/410 411/4014/410
f 426/4946/410 433/4013/410 1277/4001/410
f 2465/4025/410 2121/4023/410 411/4014/410
f 426/4946/410 1277/4001/410 1279/4012/410
f 2465/4025/410 411/4014/410 426/4946/410
f 2114/4017/410 2465/4025/410 426/4946/410
f 426/4946/410 1279/4012/410 1281/4000/410
f 1281/4000/410 352/3998/410 355/4016/410
f 355/4016/410 2272/4030/410 2271/4018/410
f 2271/4018/410 2275/4031/410 2442/4028/410
f 2466/4027/604 2439/4029/604 2440/4947/604
f 2271/4018/605 2442/4028/605 2466/4027/605
f 1281/4000/410 355/4016/410 2271/4018/410
f 426/4946/410 1281/4000/410 2271/4018/410
f 2271/4018/410 2466/4027/410 2440/4947/410
f 2440/4947/410 1302/4010/410 1295/3996/410
f 1295/3996/410 2461/3991/410 1526/4009/410
f 1295/3996/410 1526/4009/410 1525/4019/410
f 2271/4018/410 2440/4947/410 1295/3996/410
f 2114/4017/410 426/4946/410 2271/4018/410
f 1295/3996/410 1525/4019/410 2114/4017/410
f 1525/4019/410 1526/4009/410 2111/4020/410
f 2122/4026/410 1531/4022/410 1528/4005/410
f 1528/4005/410 2462/3988/410 2123/4024/410
f 1531/4022/410 2122/4026/410 2114/4017/410
f 1528/4005/410 1531/4022/410 2111/4020/410
f 2110/4004/410 2111/4020/410 1526/4009/410
f 1551/4036/411 1554/4057/411 2102/4034/411
f 2102/4034/411 1542/4076/411 1536/4035/411
f 1536/4035/412 2112/4051/412 1551/4036/412
f 407/4037/412 406/4048/412 1551/4036/412
f 2455/4068/411 2445/4060/411 2446/4039/411
f 2446/4039/411 2465/4054/411 2123/4056/411
f 2092/4040/412 2096/4065/412 2458/4041/412
f 2446/4039/411 2123/4056/411 2092/4040/411
f 2458/4041/411 2455/4068/411 2446/4039/411
f 2468/4044/411 2009/4063/411 2007/4042/411
f 2007/4042/411 2027/4064/411 2470/4043/411
f 395/4045/411 393/4050/411 2467/4948/411
f 2467/4948/411 2469/4078/411 1553/4046/411
f 1553/4046/411 1554/4057/411 405/4047/411
f 395/4045/606 2467/4948/606 1553/4046/606
f 406/4048/411 407/4037/411 393/4050/411
f 393/4050/411 395/4045/411 405/4047/411
f 2105/4049/412 406/4048/412 393/4050/412
f 2123/4056/411 2118/4055/411 1536/4035/411
f 1536/4035/411 1542/4076/411 2091/4052/411
f 2091/4052/411 2096/4065/411 2462/4053/411
f 2462/4053/412 2123/4056/412 1536/4035/412
f 2248/4058/411 2254/4061/411 2023/4059/411
f 2023/4059/411 2020/4949/411 2446/4039/411
f 2445/4060/411 2455/4068/411 2243/4062/411
f 2023/4059/412 2446/4039/412 2445/4060/412
f 2445/4060/411 2243/4062/411 2248/4058/411
f 2027/4064/413 2007/4042/413 2009/4063/413
f 2009/4063/411 2020/4949/411 2023/4059/411
f 406/4048/412 405/4047/412 1554/4057/412
f 2123/4056/412 2462/4053/412 2096/4065/412
f 2018/4070/414 2023/4059/414 2254/4061/414
f 2247/4066/414 2243/4062/414 2455/4068/414
f 2018/4070/414 2254/4061/414 2247/4066/414
f 2018/4070/414 2247/4066/414 2455/4068/414
f 2456/4067/414 2458/4041/414 2091/4052/414
f 2018/4070/414 2455/4068/414 2456/4067/414
f 2018/4070/414 2456/4067/414 2091/4052/414
f 2091/4052/414 2097/4074/414 2472/4071/414
f 2470/4043/414 2027/4064/414 2010/4950/414
f 2470/4043/414 2010/4950/414 2013/4069/414
f 2018/4070/607 2091/4052/607 2472/4071/607
f 2472/4071/414 2470/4043/414 2013/4069/414
f 2097/4074/414 2091/4052/414 1542/4076/414
f 1520/4072/414 1519/4075/414 2103/4073/414
f 2097/4074/414 1542/4076/414 1520/4072/414
f 1519/4075/414 1520/4072/414 1542/4076/414
f 2103/4073/414 1519/4075/414 1512/4077/414
f 1512/4077/414 1553/4046/414 2469/4078/414
f 2469/4078/414 2471/4084/414 2103/4073/414
f 2102/4034/414 1553/4046/414 1512/4077/414
f 2023/4059/414 2018/4070/414 2013/4069/414
f 2013/4069/414 2010/4950/414 2027/4064/414
f 2474/4081/415 2472/4071/415 2097/4074/415
f 2098/4079/608 2120/4088/608 2451/4080/608
f 2474/4081/609 2097/4074/609 2098/4079/609
f 2120/4088/415 2098/4079/415 2097/4074/415
f 2097/4074/415 2103/4073/415 2106/4082/415
f 2106/4082/415 2108/4087/415 2454/4083/415
f 2454/4083/415 2120/4088/415 2097/4074/415
f 2460/4085/415 2108/4087/415 2106/4082/415
f 2106/4082/415 2103/4073/415 2471/4084/415
f 2471/4084/415 2473/4951/415 2460/4085/415
f 2454/4083/415 2108/4087/415 2115/4086/415
f 2115/4086/416 2119/4089/416 2120/4088/416
f 2122/4091/417 2119/4089/417 2115/4086/417
f 2115/4086/417 1532/4106/417 1531/4090/417
f 2446/4092/417 2444/4103/417 2451/4080/417
f 2451/4080/417 2119/4089/417 2122/4091/417
f 2122/4091/417 2465/4108/417 2446/4092/417
f 2473/4951/417 2467/4952/417 393/4096/417
f 394/4093/417 407/4097/417 1552/4953/417
f 2473/4951/418 393/4096/418 394/4093/418
f 2461/4095/417 2460/4085/417 2473/4951/417
f 1513/4094/417 1526/4954/417 2461/4095/417
f 394/4093/417 1552/4953/417 1513/4094/417
f 2461/4095/417 2473/4951/417 394/4093/417
f 1536/4098/418 1531/4090/418 2111/4099/418
f 1524/4101/417 1532/4106/417 2115/4086/417
f 2115/4086/417 2460/4085/417 2461/4095/417
f 2461/4095/417 1526/4954/417 1524/4101/417
f 2446/4092/417 2020/4104/417 2017/4955/417
f 2014/4102/417 2009/4105/417 2468/4956/417
f 2444/4103/417 2446/4092/417 2017/4955/417
f 2014/4102/417 2468/4956/417 2474/4081/417
f 2444/4103/417 2017/4955/417 2014/4102/417
f 2474/4081/417 2451/4080/417 2444/4103/417
f 2014/4102/417 2017/4955/417 2020/4104/417
f 1524/4101/417 1526/4954/417 2111/4099/417
f 1531/4090/417 1536/4098/417 2118/4107/417
f 2111/4099/417 1526/4954/417 1513/4094/417
f 1513/4094/417 1552/4953/417 2112/4100/417
f 574/4111/419 537/4957/419 536/4109/419
f 536/4109/419 2475/4958/419 577/4110/419
f 2342/4113/610 2345/4116/610 536/4109/610
f 2342/4113/419 536/4109/419 537/4957/419
f 2477/4112/419 2338/4114/419 2342/4113/419
f 574/4111/419 577/4110/419 2477/4112/419
f 2342/4113/419 537/4957/419 574/4111/419
f 2345/4116/419 2342/4113/419 2338/4114/419
f 2338/4114/419 2335/4118/419 2333/4115/419
f 2333/4115/419 2476/4959/419 2345/4116/419
f 2331/4119/420 2326/4124/420 2480/4120/420
f 2480/4120/420 2478/4117/420 2335/4118/420
f 2341/4125/420 2347/4138/420 2326/4124/420
f 2326/4124/420 2331/4119/420 2335/4118/420
f 2335/4118/420 2338/4114/420 2341/4125/420
f 2477/4112/420 2292/4127/420 2291/4126/420
f 2291/4126/420 576/4123/420 572/4122/420
f 572/4122/420 570/4121/420 2347/4138/420
f 2341/4125/420 2338/4114/420 2477/4112/420
f 572/4122/420 2347/4138/420 2341/4125/420
f 2477/4112/611 2291/4126/611 572/4122/611
f 1563/4129/421 1584/4140/421 2289/4130/421
f 2289/4130/421 2291/4126/421 2479/4128/421
f 2479/4128/421 1566/4139/421 1563/4129/421
f 2347/4138/421 570/4121/421 539/4131/421
f 539/4131/421 538/4142/421 2482/4132/421
f 2482/4132/421 2480/4120/421 2326/4124/421
f 2325/4133/421 2347/4138/421 539/4131/421
f 2482/4132/421 2326/4124/421 2325/4133/421
f 2289/4130/421 1584/4140/421 1577/4135/421
f 576/4123/421 2291/4126/421 2289/4130/421
f 2289/4130/421 1577/4135/421 589/4134/421
f 1577/4135/421 1584/4140/421 2286/4136/421
f 2286/4136/421 2300/4960/421 2481/4137/421
f 589/4134/421 538/4142/421 539/4131/421
f 539/4131/421 570/4121/421 576/4123/421
f 1584/4140/421 1563/4129/421 1566/4139/421
f 1566/4139/421 2300/4960/421 2286/4136/421
f 2324/4141/422 2327/4147/422 2482/4132/422
f 538/4142/422 536/4961/422 2345/4143/422
f 2324/4141/422 2482/4132/422 538/4142/422
f 2475/4145/422 536/4961/422 538/4142/422
f 538/4142/422 589/4134/422 601/4144/422
f 2324/4141/422 2345/4143/422 2476/4146/422
f 589/4134/422 1577/4135/422 1585/4148/422
f 672/4154/612 673/4160/612 2490/4962/612
f 2488/4161/425 2487/4963/425 2489/4162/425
f 672/4154/613 2490/4962/613 2488/4161/613
f 2489/4162/425 2437/4155/425 672/4154/425
f 672/4154/425 668/4153/425 2427/4156/425
f 2427/4156/425 2430/4158/425 2438/4159/425
f 671/4165/429 2437/4155/429 1064/4163/429
f 1064/4163/429 1056/4170/429 682/4164/429
f 2428/4166/429 671/4165/429 682/4164/429
f 682/4164/428 684/4964/428 689/4167/428
f 689/4167/429 2493/4174/429 2491/4157/429
f 2491/4157/429 2427/4156/429 2428/4166/429
f 2428/4166/429 682/4164/429 689/4167/429
f 671/4165/428 2428/4166/428 2427/4156/428
f 684/4964/429 682/4164/429 1056/4170/429
f 684/4964/429 1056/4170/429 1070/4965/429
f 2492/4169/428 689/4167/428 684/4964/428
f 1085/4171/428 1064/4163/428 2437/4155/428
f 684/4964/614 1070/4965/614 1075/4168/614
f 1085/4171/429 2437/4155/429 2489/4162/429
f 2492/4169/429 684/4964/429 1075/4168/429
f 1075/4168/429 1085/4171/429 2489/4162/429
f 1075/4168/428 1070/4965/428 1056/4170/428
f 1056/4170/428 1064/4163/428 1085/4171/428
f 689/4167/430 2492/4169/430 2494/4172/430
f 2202/4177/431 2204/4966/431 2466/4185/431
f 2442/4175/431 2277/4182/431 2281/4176/431
f 2202/4177/431 2466/4185/431 2442/4175/431
f 2281/4176/431 2495/4967/431 2202/4177/431
f 2496/4180/431 2256/4181/431 2257/4968/431
f 2257/4968/431 2274/4183/431 2448/4178/431
f 2448/4178/431 2452/4184/431 421/4179/431
f 421/4179/431 423/4187/431 2496/4180/431
f 2496/4180/431 2257/4968/431 2448/4178/431
f 2274/4183/431 2257/4968/431 2256/4181/431
f 2256/4181/431 2281/4176/431 2277/4182/431
f 2274/4183/431 2270/4189/431 2452/4184/431
f 2466/4185/431 2276/4188/431 2277/4182/431
f 2274/4183/615 2277/4182/615 2276/4188/615
f 2211/4190/431 2204/4966/431 2202/4177/431
f 2263/4193/432 2447/4969/432 2452/4184/432
f 2280/4194/616 2276/4188/616 2466/4185/616
f 2270/4189/616 2276/4188/616 2280/4194/616
f 2447/4969/432 2263/4193/432 2258/4196/432
f 2258/4196/432 2252/4205/432 2500/4970/432
f 2500/4970/432 419/4204/432 415/4197/432
f 415/4197/432 421/4179/432 2452/4184/432
f 2452/4184/432 2447/4969/432 2258/4196/432
f 2258/4196/432 2500/4970/432 415/4197/432
f 2206/4199/432 2204/4966/432 2211/4190/432
f 2211/4190/432 2210/4201/432 2208/4198/432
f 2280/4194/432 2240/4203/432 2241/4200/432
f 2241/4200/432 2252/4205/432 2258/4196/432
f 2258/4196/432 2263/4193/432 2280/4194/432
f 2439/4195/432 2466/4185/432 2204/4966/432
f 2206/4199/432 2208/4198/432 2499/4202/432
f 2439/4195/432 2204/4966/432 2206/4199/432
f 2240/4203/432 2280/4194/432 2439/4195/432
f 2499/4202/432 2241/4200/432 2240/4203/432
f 2439/4195/432 2206/4199/432 2499/4202/432
f 419/4204/432 2498/4186/432 421/4179/432
f 2502/4208/433 2500/4970/433 2252/4205/433
f 2249/4206/433 2241/4200/433 2499/4202/433
f 2502/4208/433 2252/4205/433 2249/4206/433
f 2249/4206/433 2499/4202/433 2501/4207/433
f 2250/4209/434 2245/4971/434 2281/4210/434
f 2495/4972/434 2281/4210/434 2245/4971/434
f 2250/4209/434 2256/4211/434 2496/4973/434
f 2495/4972/434 2245/4971/434 2250/4209/434
f 2250/4209/434 2496/4973/434 2502/4208/434
f 2501/4207/434 2495/4972/434 2250/4209/434
f 2180/4212/435 2503/4974/435 2183/4213/435
f 2365/4217/435 2368/4975/435 2357/4215/435
f 2357/4215/435 2356/4224/435 2359/4216/435
f 2359/4216/435 2363/4237/435 2365/4217/435
f 1684/4218/435 2504/4976/435 1694/4219/435
f 2183/4213/435 2505/4977/435 316/4221/435
f 308/4223/617 310/4222/617 2359/4216/617
f 2183/4213/618 316/4221/618 308/4223/618
f 2357/4215/435 2180/4212/435 2178/4214/435
f 2178/4214/435 2183/4213/435 308/4223/435
f 308/4223/435 2359/4216/435 2356/4224/435
f 2356/4224/435 2357/4215/435 2178/4214/435
f 2506/4225/435 1684/4218/435 1691/4220/435
f 1691/4220/435 1694/4219/435 2368/4975/435
f 2365/4217/435 2363/4237/435 2506/4225/435
f 1691/4220/435 2368/4975/435 2365/4217/435
f 2507/4228/437 2509/4227/437 2506/4225/437
f 2506/4225/437 2363/4237/437 2364/4229/437
f 2364/4229/437 2367/4236/437 2510/4230/437
f 2510/4230/437 2508/4226/437 2507/4228/437
f 2507/4228/437 2506/4225/437 2364/4229/437
f 1972/4232/437 1980/4243/437 2358/4233/437
f 2359/4216/437 2006/4234/437 1997/4235/437
f 1997/4235/437 1998/4239/437 2367/4236/437
f 2367/4236/437 2364/4229/437 2363/4237/437
f 2363/4237/437 2359/4216/437 1997/4235/437
f 316/4221/437 2505/4977/437 2187/4978/437
f 2176/4238/437 2170/4241/437 1980/4243/437
f 316/4221/437 2187/4978/437 2176/4238/437
f 2359/4216/619 310/4222/619 309/4231/619
f 309/4231/437 316/4221/437 2176/4238/437
f 2176/4238/437 1980/4243/437 1972/4232/437
f 1972/4232/437 2006/4234/437 2359/4216/437
f 2359/4216/437 309/4231/437 2176/4238/437
f 1998/4239/437 1997/4235/437 2006/4234/437
f 2176/4238/437 2187/4978/437 2511/4240/437
f 2511/4240/438 2197/4979/438 2169/4242/438
f 2354/4247/438 2358/4233/438 1980/4243/438
f 1980/4243/438 1981/4249/438 1991/4244/438
f 1991/4244/438 1995/4248/438 2004/4246/438
f 2350/4245/438 2354/4247/438 1980/4243/438
f 1991/4244/438 2004/4246/438 2350/4245/438
f 2354/4247/438 2350/4245/438 2004/4246/438
f 2004/4246/438 1998/4239/438 2358/4233/438
f 2367/4236/438 2004/4246/438 1995/4248/438
f 1995/4248/438 2513/4980/438 2510/4230/438
f 1981/4249/438 1980/4243/438 2170/4241/438
f 2169/4242/438 2197/4979/438 2512/4250/438
f 1981/4249/438 2170/4241/438 2169/4242/438
f 2512/4250/438 1991/4244/438 1981/4249/438
f 2000/4255/439 1995/4248/439 1991/4244/439
f 1991/4244/439 1983/4981/439 1974/4254/439
f 1983/4981/439 1991/4244/439 2512/4250/439
f 2512/4250/439 2196/4261/439 2171/4982/439
f 2171/4982/439 2180/4260/439 2357/4251/439
f 2171/4982/439 2357/4251/439 2349/4253/439
f 1983/4981/439 2512/4250/439 2171/4982/439
f 1983/4981/439 2171/4982/439 2349/4253/439
f 2368/4252/439 1694/4263/439 1695/4259/439
f 1695/4259/439 877/4258/439 867/4257/439
f 867/4257/439 869/4256/439 2513/4980/439
f 1974/4254/439 1983/4981/439 2349/4253/439
f 867/4257/439 2513/4980/439 1995/4248/439
f 867/4257/439 1995/4248/439 2000/4255/439
f 1974/4254/439 2349/4253/439 2368/4252/439
f 1695/4259/439 867/4257/439 2000/4255/439
f 2000/4255/439 1974/4254/439 2368/4252/439
f 2180/4260/439 2171/4982/439 2196/4261/439
f 2041/4270/440 775/4290/440 765/4268/440
f 765/4268/440 1005/4289/440 1013/4269/440
f 701/4266/440 699/4280/440 1010/4271/440
f 1010/4271/440 1017/4298/440 2517/4272/440
f 2517/4272/440 2515/4983/440 2066/4267/440
f 2066/4267/440 701/4266/440 1010/4271/440
f 1770/4275/440 1800/4984/440 1794/4273/440
f 1794/4273/440 1773/4286/440 753/4285/440
f 758/4274/440 765/4268/440 1770/4275/440
f 1794/4273/440 753/4285/440 758/4274/440
f 2074/4276/440 2075/4985/440 2516/4277/440
f 713/4279/440 1017/4298/440 1010/4271/440
f 1000/4282/440 713/4279/440 699/4280/440
f 699/4280/440 1014/4291/440 994/4281/440
f 753/4285/440 751/4287/440 2039/4283/440
f 2039/4283/440 996/4293/440 999/4284/440
f 2514/4986/440 2075/4985/440 2074/4276/440
f 2074/4276/440 2077/4278/440 1794/4273/440
f 2074/4276/440 1794/4273/440 1800/4984/440
f 775/4290/440 2514/4986/440 2074/4276/440
f 1770/4275/440 765/4268/440 775/4290/440
f 2074/4276/441 1800/4984/441 1770/4275/441
f 998/4288/441 1005/4289/441 765/4268/441
f 758/4274/440 753/4285/440 999/4284/440
f 998/4288/620 765/4268/620 758/4274/620
f 999/4284/440 996/4293/440 1013/4269/440
f 996/4293/620 2039/4283/620 2065/4292/620
f 1013/4269/440 996/4293/440 994/4281/440
f 2041/4270/440 1013/4269/440 1014/4291/440
f 1014/4291/440 701/4266/440 696/4265/440
f 2039/4283/443 751/4287/443 738/4295/443
f 738/4295/443 728/4320/443 711/4308/443
f 711/4308/443 714/4296/443 1000/4282/443
f 1000/4282/621 2065/4292/621 2040/4294/621
f 2040/4294/622 2039/4283/622 738/4295/622
f 738/4295/443 711/4308/443 1000/4282/443
f 1017/4298/443 713/4279/443 714/4296/443
f 714/4296/443 1002/4987/443 1011/4297/443
f 1779/4302/443 1773/4286/443 1794/4273/443
f 751/4287/443 1773/4286/443 1779/4302/443
f 1789/4303/443 1794/4273/443 2077/4278/443
f 738/4295/623 751/4287/623 1779/4302/623
f 1789/4303/443 2077/4278/443 2076/4307/443
f 738/4295/443 1779/4302/443 1789/4303/443
f 2309/4306/443 2310/4305/443 738/4295/443
f 2076/4307/443 2314/4304/443 2309/4306/443
f 2309/4306/443 738/4295/443 1789/4303/443
f 1002/4987/443 714/4296/443 711/4308/443
f 711/4308/443 728/4320/443 2520/4309/443
f 2520/4309/443 2519/4988/443 2517/4272/443
f 2517/4272/443 1017/4298/443 1011/4297/443
f 1011/4297/443 1002/4987/443 711/4308/443
f 2520/4309/443 2517/4272/443 1011/4297/443
f 2516/4277/443 2069/4299/443 2072/4301/443
f 2072/4301/443 2076/4307/443 2077/4278/443
f 2312/4312/444 741/4315/444 759/4321/444
f 1776/4313/444 1780/4322/444 720/4324/444
f 2312/4312/444 759/4321/444 1776/4313/444
f 738/4295/444 739/4311/444 2312/4312/444
f 715/4314/444 728/4320/444 738/4295/444
f 1776/4313/444 720/4324/444 715/4314/444
f 715/4314/444 738/4295/444 2312/4312/444
f 741/4315/444 739/4311/444 2310/4305/444
f 760/4316/444 759/4321/444 1792/4317/444
f 720/4324/444 2523/4989/444 2522/4319/444
f 2522/4319/444 2520/4309/444 728/4320/444
f 715/4314/444 720/4324/444 2522/4319/444
f 759/4321/444 760/4316/444 1780/4322/444
f 1792/4317/444 759/4321/444 741/4315/444
f 741/4315/444 2314/4304/444 2076/4307/444
f 2071/4310/444 2072/4301/444 2518/4300/444
f 741/4315/444 2076/4307/444 2071/4310/444
f 2521/4323/444 1795/4318/444 1792/4317/444
f 1792/4317/444 741/4315/444 2071/4310/444
f 2071/4310/444 2518/4300/444 2521/4323/444
f 2515/4326/445 2523/4989/445 720/4324/445
f 720/4324/445 700/4330/445 2066/4325/445
f 1780/4322/445 760/4316/445 749/4327/445
f 700/4330/446 2042/4335/446 2041/4331/446
f 775/4332/446 764/4328/446 1771/4990/446
f 1801/4333/445 1795/4318/445 2521/4323/445
f 775/4332/445 1771/4990/445 1801/4333/445
f 1801/4333/445 2521/4323/445 2514/4334/445
f 749/4327/445 760/4316/445 1795/4318/445
f 1801/4333/445 1771/4990/445 764/4328/445
f 749/4327/445 1795/4318/445 1801/4333/445
f 720/4324/445 1780/4322/445 764/4328/445
f 764/4328/445 775/4332/445 2041/4331/445
f 2042/4335/445 700/4330/445 720/4324/445
f 764/4328/445 2041/4331/445 2042/4335/445
f 2524/4336/447 2525/4991/447 2526/4337/447
f 2526/4337/448 2528/4342/448 2529/4339/448
f 2528/4342/449 2530/4992/449 2235/4344/449
f 2232/4340/449 2230/4343/449 2531/4341/449
f 2528/4342/449 2235/4344/449 2232/4340/449
f 2531/4341/449 2529/4339/449 2528/4342/449
f 2531/4341/450 2230/4343/450 2231/4345/450
f 2231/4345/450 2235/4344/450 2530/4992/450
f 2525/4346/450 2524/4993/450 2531/4341/450
f 2231/4345/450 2530/4992/450 2525/4346/450
f 2535/4352/451 507/4354/451 506/4353/451
f 506/4353/624 515/4355/624 2533/4994/624
f 2533/4994/451 1283/4356/451 1232/4995/451
f 1247/4350/451 1255/4357/451 2507/4349/451
f 506/4353/451 2533/4994/451 1232/4995/451
f 1247/4350/451 2507/4349/451 2508/4348/451
f 2535/4352/451 506/4353/451 1232/4995/451
f 1247/4350/451 2508/4348/451 2534/4351/451
f 2535/4352/624 1232/4995/624 1247/4350/624
f 1247/4350/451 1232/4995/451 1283/4356/451
f 1231/4358/452 1248/4373/452 1256/4359/452
f 1256/4359/452 1272/4996/452 1282/4360/452
f 2266/4361/452 1284/4997/452 1282/4360/452
f 1708/4363/452 1724/4381/452 1719/4364/452
f 1763/4366/452 1728/4370/452 1729/4367/452
f 2255/4368/452 526/4375/452 529/4369/452
f 529/4369/452 1754/4998/452 1763/4366/452
f 1728/4370/452 1763/4366/452 2261/4999/452
f 2261/4999/452 2266/4361/452 2279/4362/452
f 2279/4362/452 2283/4386/452 1729/4367/452
f 1728/4370/452 2261/4999/452 2279/4362/452
f 529/4369/452 1757/4374/452 487/4371/452
f 487/4371/452 489/5000/452 508/4372/452
f 1754/4998/452 529/4369/452 508/4372/452
f 489/5000/452 487/4371/452 2344/4378/452
f 1763/4366/452 1754/4998/452 508/4372/452
f 508/4372/452 489/5000/452 2344/4378/452
f 2344/4378/452 2346/4377/452 2535/4352/452
f 2534/4351/452 2536/5001/452 1724/4381/452
f 2534/4351/452 1724/4381/452 1708/4363/452
f 508/4372/452 2344/4378/452 2535/4352/452
f 2261/4999/452 1763/4366/452 508/4372/452
f 1284/4997/625 2266/4361/625 2261/4999/625
f 1231/4358/452 1284/4997/452 2261/4999/452
f 2261/4999/452 508/4372/452 2535/4352/452
f 2534/4351/452 1708/4363/452 1712/4365/452
f 2283/4386/452 2279/4362/452 1282/4360/452
f 2283/4386/452 1282/4360/452 1272/4996/452
f 2261/4999/452 2535/4352/452 2534/4351/452
f 1248/4373/626 1231/4358/626 2261/4999/626
f 2283/4386/452 1272/4996/452 1256/4359/452
f 1248/4373/452 2261/4999/452 2534/4351/452
f 1719/4364/452 2283/4386/452 1256/4359/452
f 1248/4373/452 2534/4351/452 1712/4365/452
f 1712/4365/452 1719/4364/452 1256/4359/452
f 1762/4379/455 2255/4368/455 1729/4367/455
f 1724/4381/455 1707/5002/455 1713/4382/455
f 528/4383/454 526/4375/454 2255/4368/454
f 2255/4368/455 1762/4379/455 1756/4385/455
f 1727/4380/455 1729/4367/455 2283/4386/455
f 2283/4386/455 2282/4403/455 2253/4387/455
f 2253/4387/455 1762/4379/455 1727/4380/455
f 2538/5003/455 436/4390/455 380/5004/455
f 396/4388/455 402/4391/455 2282/4403/455
f 2538/5003/455 380/5004/455 396/4388/455
f 1724/4381/455 2536/5001/455 2538/5003/455
f 1707/5002/455 1724/4381/455 2538/5003/455
f 396/4388/455 2282/4403/455 2283/4386/455
f 1713/4382/455 1707/5002/455 2538/5003/455
f 2283/4386/455 1719/4364/455 1713/4382/455
f 1713/4382/455 2538/5003/455 396/4388/455
f 525/4389/455 528/4383/455 1756/4385/455
f 1756/4385/455 1762/4379/455 2253/4387/455
f 396/4388/455 380/5004/455 436/4390/455
f 2348/4393/455 492/4384/455 487/4371/455
f 487/4371/454 1757/4374/454 528/4383/454
f 528/4383/455 525/4389/455 2539/4392/455
f 2539/4392/455 2348/4393/455 487/4371/455
f 495/4394/455 2537/4376/455 2344/4378/455
f 391/4395/456 400/5005/456 402/4391/456
f 2269/4404/456 2282/4403/456 402/4391/456
f 2269/4404/456 402/4391/456 400/5005/456
f 525/4389/456 2253/4387/456 2259/4398/456
f 2259/4398/456 2269/4404/456 400/5005/456
f 391/4395/456 436/4390/456 2538/5003/456
f 400/5005/456 391/4395/456 2538/5003/456
f 2538/5003/456 2509/4402/456 2507/4401/456
f 2507/4401/456 1255/5006/456 1257/4405/456
f 2538/5003/456 2507/4401/456 1257/4405/456
f 2259/4398/456 400/5005/456 2538/5003/456
f 516/4399/456 525/4389/456 2259/4398/456
f 1283/4397/456 2533/5007/456 516/4399/456
f 2538/5003/456 1257/4405/456 1276/4396/456
f 1283/4397/456 516/4399/456 2259/4398/456
f 2259/4398/456 2538/5003/456 1276/4396/456
f 2259/4398/456 2253/4387/456 2282/4403/456
f 1257/4405/456 1255/5006/456 1283/4397/456
f 826/4406/458 778/4406/458 777/4406/458
f 1661/4406/458 1657/4406/458 1652/4406/458
f 1214/4406/459 1184/4406/459 282/4406/459
f 1249/4406/459 1233/4406/459 1278/4406/459
f 1394/4406/459 1409/4406/459 1407/4406/459
f 1418/4406/459 343/4406/459 336/4406/459
f 336/4406/459 331/4406/459 2463/4406/459
f 2463/4406/459 2457/4406/459 1436/4406/459
f 1415/4406/459 1418/4406/459 336/4406/459
f 2463/4406/459 1436/4406/459 1415/4406/459
f 336/4406/459 343/4406/459 2441/4406/459
f 423/4406/459 430/4406/459 390/4406/459
f 390/4406/459 399/4406/459 419/4406/459
f 2498/4406/459 423/4406/459 390/4406/459
f 2502/4406/459 2496/4406/459 423/4406/459
f 418/4406/459 419/4406/459 2500/4406/459
f 2502/4406/459 423/4406/459 418/4406/459
f 2015/4406/459 2011/4406/459 2024/4406/459
f 1452/4406/459 1459/4406/459 1463/4406/459
f 2468/4406/459 2470/4406/459 2472/4406/459
f 429/4406/459 387/4406/459 390/4406/459
f 1656/4406/459 1047/4406/459 1049/4406/459
f 1049/4406/459 1053/4406/459 1660/4406/459
f 1675/4406/459 1656/4406/459 1049/4406/459
f 1049/4406/459 1660/4406/459 1667/4406/459
f 2416/4406/459 861/4406/459 857/4406/459
f 857/4406/459 854/4406/459 155/4406/459
f 155/4406/459 162/4406/459 2411/4406/459
f 2411/4406/459 2416/4406/459 857/4406/459
f 490/4406/459 497/4406/459 2346/4406/459
f 2537/4406/459 495/4406/459 490/4406/459
f 2101/4406/459 2107/4406/459 2117/4406/459
f 217/4406/459 207/4406/459 197/4406/459
f 197/4406/459 188/4406/459 173/4406/459
f 173/4406/459 174/4406/459 1111/4406/459
f 1134/4406/459 217/4406/459 197/4406/459
f 173/4406/459 1111/4406/459 1134/4406/459
f 690/4406/459 683/4406/459 673/4406/459
f 673/4406/627 2438/4406/627 2429/4406/627
f 2429/4406/459 2430/4406/459 2491/4406/459
f 2491/4406/459 2493/4406/459 690/4406/459
f 690/4406/459 673/4406/459 2429/4406/459
f 1588/4406/459 1594/4406/459 1608/4406/459
f 1090/4406/459 1063/4406/459 1069/4406/459
f 1069/4406/459 1076/4406/459 1079/4406/459
f 857/4406/459 861/4406/459 2415/4406/459
f 155/4406/459 149/4406/459 122/4406/459
f 122/4406/459 86/4406/459 77/4406/459
f 77/4406/459 162/4406/459 2413/4406/459
f 2413/4406/459 155/4406/459 122/4406/459
f 888/4406/459 886/4406/459 884/4406/459
f 1023/4406/459 1037/4406/459 1032/4406/459
f 2523/4406/459 2515/4406/459 2517/4406/459
f 2517/4406/459 2519/4406/459 2522/4406/459
f 2308/4406/459 1438/4406/459 1439/4406/459
f 2313/4406/459 1444/4406/459 1439/4406/459
f 1439/4406/459 1438/4406/459 2302/4406/459
f 2302/4406/459 2303/4406/459 2313/4406/459
f 1094/4406/459 1093/4406/459 1103/4406/459
f 2419/4406/459 2421/4406/459 2423/4406/459
f 1692/4406/459 1705/4406/459 1698/4406/459
f 654/4406/459 670/4406/459 2436/4406/459
f 2436/4406/459 2434/4406/459 2432/4406/459
f 2432/4406/459 659/4406/459 654/4406/459
f 1079/4406/459 2488/4406/459 2490/4406/459
f 2487/4406/459 2488/4406/459 1079/4406/459
f 2487/4406/459 1079/4406/459 1076/4406/459
f 683/4406/459 690/4406/459 2494/4406/459
f 1090/4406/459 2490/4406/459 673/4406/459
f 1063/4406/459 1090/4406/459 673/4406/459
f 2494/4406/459 2487/4406/459 1076/4406/459
f 1069/4406/459 1063/4406/459 673/4406/459
f 2494/4406/459 1076/4406/459 1069/4406/459
f 1069/4406/459 673/4406/459 683/4406/459
f 1436/4406/459 1435/4406/459 1425/4406/459
f 1425/4406/459 1424/4406/459 390/4406/459
f 1425/4406/459 390/4406/459 387/4406/459
f 2449/4406/459 1436/4406/459 1425/4406/459
f 1422/4406/459 1418/4406/459 2449/4406/459
f 429/4406/459 430/4406/459 1422/4406/459
f 1425/4406/459 387/4406/459 429/4406/459
f 1422/4406/459 2449/4406/459 1425/4406/459
f 379/4406/459 372/4406/459 1053/4406/459
f 1053/4406/459 1047/4406/459 1046/4406/459
f 379/4406/459 1040/4406/459 1055/4406/459
f 922/4406/459 968/4406/459 937/4406/459
f 2063/4406/459 1341/4406/459 1338/4406/459
f 1355/4406/459 1349/4406/459 1348/4406/459
f 1355/4406/459 1348/4406/459 2043/4406/459
f 2063/4406/459 1338/4406/459 1336/4406/459
f 1355/4406/459 2043/4406/459 2063/4406/459
f 1341/4406/459 2063/4406/459 2043/4406/459
f 637/4406/628 647/4406/628 1341/4406/628
f 1348/4406/459 2049/4406/459 636/4406/459
f 637/4406/459 1341/4406/459 1348/4406/459
f 637/4406/459 636/4406/459 2059/4406/459
f 824/4406/459 825/4406/459 837/4406/459
f 837/4406/459 789/4406/459 806/4406/459
f 1627/4406/459 824/4406/459 837/4406/459
f 172/4406/459 174/4406/459 1118/4406/459
f 1118/4406/459 1126/4406/459 217/4406/459
f 278/4406/459 267/4406/459 256/4406/459
f 229/4406/459 282/4406/459 1184/4406/459
f 1214/4406/459 278/4406/459 256/4406/459
f 235/4406/459 229/4406/459 1184/4406/459
f 1184/4406/459 1214/4406/459 256/4406/459
f 1442/4406/459 2308/4406/459 1444/4406/459
f 494/4406/459 466/4406/459 457/4406/459
f 457/4406/459 516/4406/459 2539/4406/459
f 2539/4406/459 2348/4406/459 2328/4406/459
f 2328/4406/459 494/4406/459 457/4406/459
f 278/4406/459 282/4406/459 1190/4406/459
f 495/4406/459 2348/4406/459 497/4406/459
f 2346/4406/459 2343/4406/459 2334/4406/459
f 2334/4406/459 2333/4406/459 2476/4406/459
f 2327/4406/459 494/4406/459 495/4406/459
f 2327/4406/459 495/4406/459 2537/4406/459
f 2346/4406/459 2334/4406/459 2476/4406/459
f 2476/4406/459 2327/4406/459 2537/4406/459
f 804/4406/459 806/4406/459 1621/4406/459
f 1621/4406/459 1623/4406/459 1625/4406/459
f 1625/4406/459 824/4406/459 804/4406/459
f 1627/4406/628 806/4406/628 804/4406/628
f 379/4406/459 330/4406/459 331/4406/459
f 379/4406/459 331/4406/459 2441/4406/459
f 1040/4406/459 379/4406/459 2441/4406/459
f 356/4406/459 366/4406/459 372/4406/459
f 356/4406/459 372/4406/459 1055/4406/459
f 1040/4406/459 2441/4406/459 343/4406/459
f 356/4406/459 1055/4406/459 1040/4406/459
f 2189/4406/459 2186/4406/459 2179/4406/459
f 2179/4406/459 2173/4406/459 2195/4406/459
f 2219/4406/459 2189/4406/459 2179/4406/459
f 1415/4406/459 1436/4406/459 2449/4406/459
f 2191/4406/459 2189/4406/459 2219/4406/459
f 2191/4406/459 2195/4406/459 2214/4406/459
f 2224/4406/459 2221/4406/459 2189/4406/459
f 2191/4406/459 2214/4406/459 2224/4406/459
f 2332/4406/459 2327/4406/459 2476/4406/459
f 2332/4406/459 2333/4406/459 2478/4406/459
f 2480/4406/459 2482/4406/459 2327/4406/459
f 2332/4406/459 2478/4406/459 2480/4406/459
f 2430/4406/459 659/4406/459 647/4406/459
f 2059/4406/459 636/4406/459 619/4406/459
f 2430/4406/459 647/4406/459 2059/4406/459
f 2491/4406/459 2430/4406/459 2059/4406/459
f 619/4406/459 690/4406/459 2493/4406/459
f 2491/4406/459 2059/4406/459 619/4406/459
f 861/4406/459 865/4406/459 875/4406/459
f 875/4406/459 853/4406/459 854/4406/459
f 2415/4406/459 861/4406/459 875/4406/459
f 2438/4406/459 670/4406/459 654/4406/459
f 654/4406/459 659/4406/459 2430/4406/459
f 2378/4406/459 2383/4406/459 2374/4406/459
f 2376/4406/459 2377/4406/459 2378/4406/459
f 174/4406/459 172/4406/459 217/4406/459
f 217/4406/459 1134/4406/459 1111/4406/459
f 418/4406/459 423/4406/459 2498/4406/459
f 497/4406/459 507/4406/459 2535/4406/459
f 494/4406/459 2328/4406/459 2348/4406/459
f 1948/4406/459 1950/4406/459 1952/4406/459
f 516/4406/629 515/4406/629 507/4406/629
f 507/4406/459 497/4406/459 2348/4406/459
f 2348/4406/459 2539/4406/459 516/4406/459
f 2386/4406/458 2393/4406/458 2390/4406/458
f 1850/4406/458 1851/4406/458 1855/4406/458
f 1968/4406/458 1966/4406/458 1961/4406/458
f 2393/4406/458 2386/4406/458 2385/4406/458
f 2337/4406/462 1/4406/462 2329/4406/462
f 2068/4406/462 2073/4406/462 2082/4406/462
f 1499/4406/462 1507/4406/462 1493/4406/462
f 1367/4406/462 1377/4406/462 1385/4406/462
f 986/4406/462 1001/4406/462 1009/4406/462
f 1442/4406/462 1440/4406/462 1443/4406/462
f 1437/4406/462 1438/4406/462 2308/4406/462
f 2307/4406/462 1100/4406/462 1098/4406/462
f 1098/4406/462 1099/4406/462 2302/4406/462
f 2302/4406/462 1438/4406/462 1437/4406/462
f 1437/4406/462 1443/4406/462 2307/4406/462
f 2307/4406/462 1098/4406/462 2302/4406/462
f 1098/4406/462 1100/4406/462 2305/4406/462
f 2305/4406/462 1100/4406/462 1101/4406/462
f 1095/4406/462 1099/4406/462 2305/4406/462
f 2305/4406/462 1101/4406/462 1092/4406/462
f 1738/4406/463 1733/4406/463 1759/4406/463
f 1150/4406/463 1159/4406/463 1167/4406/463
f 1624/4406/463 1622/4406/463 1628/4406/463
f 2524/4406/463 2527/4406/463 2529/4406/463
f 2378/4406/463 2380/4406/463 2382/4406/463
f 2251/4406/463 1416/4406/463 1421/4406/463
f 1423/4406/463 1432/4406/463 2251/4406/463
f 1806/4406/463 1817/4406/463 1828/4406/463
f 319/4406/463 318/4406/463 291/4406/463
f 291/4406/463 296/4406/463 304/4406/463
f 304/4406/463 313/4406/463 1054/4406/463
f 1048/4406/463 319/4406/463 291/4406/463
f 304/4406/463 1054/4406/463 1048/4406/463
f 1842/4406/463 1848/4406/463 1850/4406/463
f 1968/4406/463 1962/4406/463 1957/4406/463
f 2127/4406/463 1959/4406/463 1958/4406/463
f 1968/4406/463 1957/4406/463 2127/4406/463
f 1958/4406/463 1969/4406/463 1968/4406/463
f 2138/4406/463 2134/4406/463 2156/4406/463
f 2156/4406/463 15/4406/463 27/4406/463
f 2152/4406/463 2140/4406/463 2138/4406/463
f 2138/4406/463 2156/4406/463 27/4406/463
f 2412/4406/463 2414/4406/463 2417/4406/463
f 2397/4406/463 2395/4406/463 2400/4406/463
f 1869/4406/463 1863/4406/463 1393/4406/463
f 1393/4406/463 1395/4406/463 1867/4406/463
f 2355/4406/463 2361/4406/463 2366/4406/463
f 311/4406/463 313/4406/463 1039/4406/463
f 1039/4406/463 1041/4406/463 319/4406/463
f 313/4406/463 311/4406/463 319/4406/463
f 319/4406/463 1048/4406/463 1054/4406/463
f 1865/4406/463 1393/4406/463 1391/4406/463
f 1389/4406/463 1409/4406/463 1394/4406/463
f 1394/4406/463 1395/4406/463 1865/4406/463
f 1865/4406/463 1391/4406/463 1389/4406/463
f 1920/4406/463 548/4406/463 534/4406/463
f 33/4406/463 35/4406/463 1939/4406/463
f 1939/4406/463 1942/4406/463 1944/4406/463
f 2210/4406/463 2212/4406/463 2202/4406/463
f 2202/4406/463 2205/4406/463 2208/4406/463
f 761/4406/463 768/4406/463 1375/4406/463
f 1375/4406/463 1383/4406/463 1777/4406/463
f 1777/4406/463 1790/4406/463 761/4406/463
f 2140/4406/463 2144/4406/463 1959/4406/463
f 1959/4406/463 1957/4406/463 2132/4406/463
f 2132/4406/463 2134/4406/463 2150/4406/463
f 2150/4406/463 2140/4406/463 1959/4406/463
f 15/4406/463 2/4406/463 41/4406/463
f 41/4406/463 34/4406/463 35/4406/463
f 1938/4406/463 33/4406/463 19/4406/463
f 41/4406/463 35/4406/463 1938/4406/463
f 2155/4406/463 15/4406/463 41/4406/463
f 19/4406/463 27/4406/463 2155/4406/463
f 2155/4406/463 41/4406/463 1938/4406/463
f 2138/4406/463 2140/4406/463 2150/4406/463
f 892/4406/463 898/4406/463 900/4406/463
f 1434/4406/463 1432/4406/463 2244/4406/463
f 2244/4406/463 2273/4406/463 2260/4406/463
f 2260/4406/463 1416/4406/463 1417/4406/463
f 1417/4406/463 1434/4406/463 2244/4406/463
f 1434/4406/463 1417/4406/463 1416/4406/463
f 1416/4406/463 2251/4406/463 1432/4406/463
f 1638/4406/463 1644/4406/463 1649/4406/463
f 1649/4406/463 1632/4406/463 1634/4406/463
f 1634/4406/463 1639/4406/463 2405/4406/463
f 2405/4406/463 1638/4406/463 1649/4406/463
f 1975/4406/463 2001/4406/463 2002/4406/463
f 2002/4406/463 1987/4406/463 1984/4406/463
f 2033/4406/463 2032/4406/463 2031/4406/463
f 548/4406/463 1933/4406/463 1930/4406/463
f 1911/4406/463 1906/4406/463 1902/4406/463
f 1311/4406/463 1314/4406/463 1327/4406/463
f 1327/4406/463 1302/4406/463 1301/4406/463
f 1301/4406/463 1310/4406/463 1311/4406/463
f 2409/4406/463 2403/4406/463 1638/4406/463
f 1638/4406/463 1639/4406/463 2407/4406/463
f 1067/4406/463 1057/4406/463 1083/4406/463
f 1540/4406/463 1527/4406/463 1515/4406/463
f 1515/4406/463 1547/4406/463 1550/4406/463
f 2161/4406/463 2162/4406/463 2167/4406/463
f 1710/4406/463 1716/4406/463 1723/4406/463
f 2287/4406/463 2293/4406/463 2297/4406/463
f 1383/4406/463 1375/4406/463 768/4406/463
f 768/4406/463 1380/4406/463 1772/4406/463
f 707/4406/463 776/4406/463 1772/4406/463
f 1772/4406/463 1380/4406/463 1371/4406/463
f 1371/4406/463 1364/4406/463 1384/4406/463
f 1384/4406/463 706/4406/463 707/4406/463
f 707/4406/463 1772/4406/463 1371/4406/463
f 1383/4406/463 706/4406/463 721/4406/463
f 726/4406/463 750/4406/463 761/4406/463
f 726/4406/463 761/4406/463 1790/4406/463
f 1777/4406/463 1383/4406/463 721/4406/463
f 726/4406/463 1790/4406/463 1777/4406/463
f 776/4406/463 707/4406/463 706/4406/463
f 761/4406/463 1802/4406/463 1380/4406/463
f 548/4406/463 546/4406/463 558/4406/463
f 558/4406/463 607/4406/463 532/4406/463
f 532/4406/463 534/4406/463 1930/4406/463
f 1933/4406/463 548/4406/463 558/4406/463
f 558/4406/463 532/4406/463 1930/4406/463
f 1539/4406/463 1550/4406/463 2016/4406/463
f 2016/4406/463 2022/4406/463 2008/4406/463
f 2008/4406/463 2012/4406/463 1540/4406/463
f 1539/4406/463 2016/4406/463 2008/4406/463
f 1301/4406/463 1302/4406/463 2440/4406/463
f 1314/4406/463 1311/4406/463 2443/4406/463
f 2443/4406/463 2450/4406/463 2464/4406/463
f 2464/4406/463 1327/4406/463 1314/4406/463
f 2198/4406/463 2201/4406/463 2202/4406/463
f 2205/4406/463 2202/4406/463 2495/4406/463
f 2499/4406/463 2208/4406/463 2205/4406/463
f 2205/4406/463 2495/4406/463 2501/4406/463
f 1864/4406/464 1862/4406/464 1868/4406/464
f 2394/4406/464 200/4406/464 178/4406/464
f 178/4406/464 179/4406/464 228/4406/464
f 228/4406/464 230/4406/464 242/4406/464
f 242/4406/464 262/4406/464 2394/4406/464
f 178/4406/464 228/4406/464 242/4406/464
f 1477/4406/464 1482/4406/464 1486/4406/464
f 2406/4406/464 2404/4406/464 2402/4406/464
f 2167/4406/464 2162/4406/464 2163/4406/464
f 1684/4406/464 1688/4406/464 1695/4406/464
f 1680/4406/464 1685/4406/464 2029/4406/464
f 2536/4406/464 2534/4406/464 2508/4406/464
f 2508/4406/464 2509/4406/464 2538/4406/464
f 1034/4406/464 1018/4406/464 1025/4406/464
f 1025/4406/464 1029/4406/464 1033/4406/464
f 2100/4406/464 2090/4406/464 2113/4406/464
f 392/4406/464 383/4406/464 427/4406/464
f 602/4406/464 598/4406/464 1931/4406/464
f 2453/4406/464 2459/4406/464 2464/4406/464
f 597/4406/464 1932/4406/464 693/4406/464
f 693/4406/464 610/4406/464 620/4406/464
f 620/4406/464 585/4406/464 597/4406/464
f 2521/4406/464 2518/4406/464 2069/4406/464
f 2069/4406/464 2075/4406/464 2514/4406/464
f 566/4406/464 585/4406/464 620/4406/464
f 610/4406/464 693/4406/464 1928/4406/464
f 1928/4406/464 1931/4406/464 2435/4406/464
f 2426/4406/464 2431/4406/464 620/4406/464
f 610/4406/464 1928/4406/464 2435/4406/464
f 2426/4406/464 620/4406/464 610/4406/464
f 883/4406/464 885/4406/464 887/4406/464
f 1392/4406/464 1396/4406/464 1404/4406/464
f 269/4406/464 179/4406/464 178/4406/464
f 178/4406/464 200/4406/464 260/4406/464
f 2034/4406/464 1685/4406/464 1680/4406/464
f 1680/4406/464 1704/4406/464 2031/4406/464
f 2032/4406/464 2034/4406/464 1680/4406/464
f 693/4406/464 692/4406/464 1931/4406/464
f 1947/4406/464 1853/4406/464 1852/4406/464
f 1849/4406/464 1844/4406/464 1947/4406/464
f 845/4406/464 844/4406/464 1987/4406/464
f 1987/4406/464 2002/4406/464 1033/4406/464
f 1031/4406/464 1029/4406/464 845/4406/464
f 1987/4406/464 1033/4406/464 1031/4406/464
f 2029/4406/464 1685/4406/464 1684/4406/464
f 2504/4406/464 1695/4406/464 1693/4406/464
f 2029/4406/464 1684/4406/464 2504/4406/464
f 1697/4406/464 1704/4406/464 2029/4406/464
f 2504/4406/464 1693/4406/464 1697/4406/464
f 869/4406/464 862/4406/464 855/4406/464
f 855/4406/464 844/4406/464 1988/4406/464
f 1988/4406/464 845/4406/464 846/4406/464
f 846/4406/464 877/4406/464 869/4406/464
f 869/4406/464 855/4406/464 1988/4406/464
f 2384/4406/464 2387/4406/464 1465/4406/464
f 1470/4406/464 1476/4406/464 2391/4406/464
f 2384/4406/464 1465/4406/464 1470/4406/464
f 2389/4406/464 1476/4406/464 1470/4406/464
f 877/4406/464 1695/4406/464 1688/4406/464
f 1688/4406/464 1684/4406/464 2506/4406/464
f 2506/4406/464 2509/4406/464 2532/4406/464
f 2532/4406/464 2508/4406/464 2510/4406/464
f 2510/4406/464 2513/4406/464 869/4406/464
f 870/4406/464 877/4406/464 1688/4406/464
f 2510/4406/464 869/4406/464 870/4406/464
f 1688/4406/464 2506/4406/464 2532/4406/464
f 2532/4406/464 2510/4406/464 870/4406/464
f 262/4406/464 199/4406/464 200/4406/464
f 2396/4406/464 1113/4406/464 1106/4406/464
f 1133/4406/464 1132/4406/464 2396/4406/464
f 2396/4406/464 1132/4406/464 1127/4406/464
f 2218/4406/464 1131/4406/464 1121/4406/464
f 2396/4406/464 1127/4406/464 2218/4406/464
f 1114/4406/464 1113/4406/464 2396/4406/464
f 2218/4406/464 1121/4406/464 1114/4406/464
f 2398/4406/464 2222/4406/464 2220/4406/464
f 2220/4406/464 2223/4406/464 2215/4406/464
f 2215/4406/464 2213/4406/464 2398/4406/464
f 2398/4406/464 2213/4406/464 1131/4406/464
f 1131/4406/464 1127/4406/464 2222/4406/464
f 194/4406/464 204/4406/464 260/4406/464
f 269/4406/464 260/4406/464 204/4406/464
f 204/4406/464 210/4406/464 163/4406/464
f 163/4406/464 179/4406/464 269/4406/464
f 2401/4406/464 204/4406/464 194/4406/464
f 194/4406/464 199/4406/464 262/4406/464
f 262/4406/464 1113/4406/464 1114/4406/464
f 1121/4406/464 1131/4406/464 2213/4406/464
f 194/4406/464 262/4406/464 1114/4406/464
f 1114/4406/464 1121/4406/464 2213/4406/464
f 2213/4406/464 2401/4406/464 194/4406/464
f 1877/4406/464 1890/4406/464 1884/4406/464
f 361/4406/464 344/4406/464 345/4406/464
f 2360/4406/464 2353/4406/464 2351/4406/464
f 442/4406/464 459/4406/464 478/4406/464
f 2467/4406/464 2473/4406/464 2471/4406/464
f 954/4406/464 964/4406/464 1503/4406/464
f 2526/4406/464 2525/4406/464 2530/4406/464
f 2225/4406/464 2227/4406/464 2233/4406/464
f 1003/4406/464 992/4406/464 983/4406/464
f 983/4406/464 975/4406/464 1006/4406/464
f 602/4406/464 692/4406/464 1932/4406/464
f 1267/4406/464 1275/4406/464 2315/4406/464
f 2315/4406/464 2317/4406/464 2320/4406/464
f 2320/4406/464 1292/4406/464 1267/4406/464
f 2323/4406/464 2329/4406/464 1/4406/464
f 1/4406/464 2339/4406/464 2340/4406/464
f 2311/4406/464 2084/4406/464 2085/4406/464
f 2085/4406/464 2089/4406/464 2304/4406/464
f 2304/4406/464 2306/4406/464 2311/4406/464
f 602/4406/464 599/4406/464 1934/4406/464
f 1934/4406/464 681/4406/464 675/4406/464
f 1497/4406/464 918/4406/464 924/4406/464
f 924/4406/464 953/4406/464 1574/4406/464
f 1574/4406/464 1503/4406/464 1497/4406/464
f 1556/4406/464 964/4406/464 954/4406/464
f 954/4406/630 952/4406/630 1509/4406/630
f 1559/4406/464 1556/4406/464 954/4406/464
f 952/4406/464 1503/4406/464 1574/4406/464
f 953/4406/464 1560/4406/464 1509/4406/464
f 1560/4406/464 953/4406/464 924/4406/464
f 924/4406/464 918/4406/464 1495/4406/464
f 1494/4406/464 1508/4406/464 1509/4406/464
f 1494/4406/464 1509/4406/464 1560/4406/464
f 924/4406/464 1495/4406/464 1494/4406/464
f 1497/4406/464 1503/4406/464 964/4406/464
f 962/4406/464 917/4406/464 918/4406/464
f 1497/4406/464 964/4406/464 962/4406/464
f 1925/4406/464 598/4406/464 602/4406/464
f 675/4406/464 681/4406/464 1921/4406/464
f 1925/4406/464 602/4406/464 675/4406/464
f 993/4406/464 1003/4406/464 1925/4406/464
f 1921/4406/464 992/4406/464 993/4406/464
f 993/4406/464 1925/4406/464 675/4406/464
f 2301/4406/464 2089/4406/464 2085/4406/464
f 2301/4406/464 2084/4406/464 2078/4406/464
f 2078/4406/464 2070/4406/464 2075/4406/464
f 2516/4406/464 2069/4406/464 2067/4406/464
f 2078/4406/464 2075/4406/464 2516/4406/464
f 2067/4406/464 2089/4406/464 2301/4406/464
f 2301/4406/464 2078/4406/464 2516/4406/464
f 2322/4406/464 1292/4406/464 1291/4406/464
f 1291/4406/464 1234/4406/464 1235/4406/464
f 1235/4406/464 1265/4406/464 1275/4406/464
f 2322/4406/464 1291/4406/464 1235/4406/464
f 1275/4406/464 1267/4406/464 1292/4406/464
f 1934/4406/464 599/4406/464 597/4406/464
f 2433/4406/464 585/4406/464 566/4406/464
f 1934/4406/464 597/4406/464 2433/4406/464
f 650/4406/464 681/4406/464 1934/4406/464
f 567/4406/464 622/4406/464 650/4406/464
f 1934/4406/464 2433/4406/464 566/4406/464
f 566/4406/464 567/4406/464 650/4406/464
f 1931/4406/464 598/4406/464 593/4406/464
f 558/4406/464 567/4406/464 620/4406/464
f 558/4406/464 620/4406/464 2431/4406/464
f 2435/4406/464 1931/4406/464 593/4406/464
f 558/4406/464 2431/4406/464 2426/4406/464
f 2426/4406/464 2435/4406/464 593/4406/464
f 607/4406/464 558/4406/464 2426/4406/464
f 826/4406/464 815/4406/464 791/4406/464
f 64/4406/464 80/4406/464 98/4406/464
f 2389/4406/464 1465/4406/464 1460/4406/464
f 1453/4406/464 1446/4406/464 1476/4406/464
f 2389/4406/464 1460/4406/464 1453/4406/464
f 1853/4406/464 1947/4406/464 1844/4406/464
f 1844/4406/464 1846/4406/464 1951/4406/464
f 1951/4406/464 1858/4406/464 1853/4406/464
f 1951/4406/464 1846/4406/464 1847/4406/464
f 1854/4406/464 1858/4406/464 1951/4406/464
f 1958/4406/464 1964/4406/464 1967/4406/464
f 2337/4406/466 2336/4406/466 2339/4406/466
f 1989/4406/466 2003/4406/466 2005/4406/466
f 2168/4406/466 1986/4406/466 1989/4406/466
f 101/4406/466 100/4406/466 138/4406/466
f 478/4406/466 480/4406/466 498/4406/466
f 2050/4406/466 2044/4406/466 2035/4406/466
f 2035/4406/466 2062/4406/466 2054/4406/466
f 1715/4406/466 340/4406/466 337/4406/466
f 1294/4406/466 1317/4406/466 1304/4406/466
f 1976/4406/466 1979/4406/466 1986/4406/466
f 1986/4406/466 2168/4406/466 2005/4406/466
f 1900/4406/466 1903/4406/466 1908/4406/466
f 2318/4406/466 2316/4406/466 2321/4406/466
f 1517/4406/466 1533/4406/466 1549/4406/466
f 903/4406/466 286/4406/466 283/4406/466
f 283/4406/466 307/4406/466 300/4406/466
f 297/4406/466 292/4406/466 893/4406/466
f 894/4406/466 903/4406/466 283/4406/466
f 300/4406/466 297/4406/466 893/4406/466
f 894/4406/466 283/4406/466 300/4406/466
f 1630/4406/466 1646/4406/466 1640/4406/466
f 1940/4406/466 1937/4406/466 1943/4406/466
f 1158/4406/466 1151/4406/466 1142/4406/466
f 1804/4406/466 1829/4406/466 1830/4406/466
f 2381/4406/466 1821/4406/466 1809/4406/466
f 1804/4406/466 1830/4406/466 2381/4406/466
f 2158/4406/466 2165/4406/466 2164/4406/466
f 1484/4406/466 29/4406/466 37/4406/466
f 37/4406/466 47/4406/466 63/4406/466
f 2139/4406/466 16/4406/466 21/4406/466
f 37/4406/466 63/4406/466 2139/4406/466
f 21/4406/466 1484/4406/466 37/4406/466
f 2157/4406/466 138/4406/466 137/4406/466
f 137/4406/466 150/4406/466 98/4406/466
f 98/4406/466 101/4406/466 2157/4406/466
f 893/4406/466 292/4406/466 286/4406/466
f 286/4406/466 903/4406/466 894/4406/466
f 1174/4406/466 1217/4406/466 1192/4406/466
f 20/4406/466 29/4406/466 1484/4406/466
f 20/4406/466 21/4406/466 1481/4406/466
f 1481/4406/466 1192/4406/466 1196/4406/466
f 1196/4406/466 29/4406/466 20/4406/466
f 1196/4406/466 1192/4406/466 1217/4406/466
f 1217/4406/466 1209/4406/466 1205/4406/466
f 1485/4406/466 1205/4406/466 1209/4406/466
f 1209/4406/466 1217/4406/466 1491/4406/466
f 1711/4406/466 340/4406/466 332/4406/466
f 332/4406/466 321/4406/466 367/4406/466
f 367/4406/466 345/4406/466 337/4406/466
f 1709/4406/466 1711/4406/466 332/4406/466
f 367/4406/466 337/4406/466 1709/4406/466
f 340/4406/466 1711/4406/466 1709/4406/466
f 1830/4406/466 1819/4406/466 1821/4406/466
f 2139/4406/466 63/4406/466 4/4406/466
f 2124/4406/466 2141/4406/466 16/4406/466
f 4/4406/466 63/4406/466 2129/4406/466
f 2124/4406/466 16/4406/466 4/4406/466
f 2154/4406/466 138/4406/466 100/4406/466
f 100/4406/466 101/4406/466 2151/4406/466
f 2151/4406/466 2153/4406/466 2154/4406/466
f 1976/4406/466 2005/4406/466 2177/4406/466
f 2177/4406/466 2187/4406/466 2511/4406/466
f 2197/4406/466 1986/4406/466 1979/4406/466
f 1976/4406/466 2177/4406/466 2511/4406/466
f 2511/4406/466 2197/4406/466 1979/4406/466
f 2373/4406/466 1821/4406/466 1819/4406/466
f 1819/4406/466 1830/4406/466 2379/4406/466
f 2379/4406/466 2375/4406/466 2373/4406/466
f 2503/4406/466 2183/4406/466 2182/4406/466
f 2182/4406/466 2190/4406/466 2196/4406/466
f 2196/4406/466 2197/4406/466 2511/4406/466
f 2511/4406/466 2187/4406/466 2183/4406/466
f 2183/4406/466 2503/4406/466 2196/4406/466
f 2226/4406/466 2236/4406/466 2229/4406/466
f 710/4406/466 703/4406/466 755/4406/466
f 1566/4406/466 2479/4406/466 2292/4406/466
f 1342/4406/466 1352/4406/466 1333/4406/466
f 2489/4406/466 2487/4406/466 2494/4406/466
f 1687/4406/466 1705/4406/466 1692/4406/466
f 2420/4406/466 2418/4406/466 2424/4406/466
f 1741/4406/466 1748/4406/466 1753/4406/466
f 2199/4406/466 2209/4406/466 2203/4406/466
f 1897/4406/466 1876/4406/466 1882/4406/466
f 1765/4406/466 1602/4406/466 1603/4406/466
f 1603/4406/466 1785/4406/466 1778/4406/466
f 1797/4406/466 1602/4406/466 1598/4406/466
f 1598/4406/466 1590/4406/466 1616/4406/466
f 1616/4406/466 1601/4406/466 1603/4406/466
f 1797/4406/466 1598/4406/466 1616/4406/466
f 1582/4406/466 2246/4406/466 600/4406/466
f 586/4406/466 606/4406/466 2262/4406/466
f 1581/4406/466 1582/4406/466 600/4406/466
f 2237/4406/466 1587/4406/466 1581/4406/466
f 2262/4406/466 2265/4406/466 2237/4406/466
f 1581/4406/466 600/4406/466 586/4406/466
f 586/4406/466 2262/4406/466 2237/4406/466
f 2300/4406/466 1566/4406/466 1571/4406/466
f 1571/4406/466 2288/4406/466 2285/4406/466
f 2292/4406/466 2477/4406/466 577/4406/466
f 577/4406/466 601/4406/466 1585/4406/466
f 1569/4406/466 1571/4406/466 2292/4406/466
f 577/4406/466 1585/4406/466 1569/4406/466
f 2475/4406/466 577/4406/466 573/4406/466
f 573/4406/466 535/4406/466 531/4406/466
f 531/4406/466 606/4406/466 600/4406/466
f 600/4406/466 601/4406/466 2475/4406/466
f 2475/4406/466 573/4406/466 531/4406/466
f 2479/4406/466 1566/4406/466 1572/4406/466
f 2298/4406/466 2290/4406/466 2292/4406/466
f 2479/4406/466 1572/4406/466 2298/4406/466
f 2481/4406/466 2300/4406/466 2285/4406/466
f 2288/4406/466 1571/4406/466 1569/4406/466
f 1585/4406/466 2481/4406/466 2285/4406/466
f 2288/4406/466 1569/4406/466 1585/4406/466
f 2481/4406/466 1585/4406/466 1582/4406/466
f 1582/4406/466 1587/4406/466 1557/4406/466
f 1557/4406/466 1558/4406/466 1572/4406/466
f 1572/4406/466 2300/4406/466 2481/4406/466
f 2481/4406/466 1582/4406/466 1557/4406/466
